﻿省,市,区,全名,别名,性质,等级
北京市,北京市,朝阳区,北京北苑白癜风研究院,北京中研北苑白癜风医院_北京白癜风专科医院,其他/专科医院,二级甲等
北京市,北京市,朝阳区,北京市朝阳区世纪村门诊部,世纪村门诊部,公立/综合医院,一级甲等
北京市,北京市,朝阳区,北京十里河医院,北京十里河医院,民营/综合医院,民营医院
北京市,北京市,朝阳区,北京民众体检中心,民众体检门诊部,民营/综合医院,未知
北京市,北京市,朝阳区,北京同仁长虹医院（民营）,北京同仁长虹医院,个体户/综合医院,未知
北京市,北京市,朝阳区,北京工业大学医院,北京工业大学医院,公立/综合医院,未知
北京市,北京市,朝阳区,北京四惠中医医院,四惠中医院,民营/综合医院,民营医院
北京市,北京市,朝阳区,北京精诚博爱康复医院,北京精诚博爱康复医院肿瘤中心,合资/其他,未知
北京市,北京市,朝阳区,世界中医药学会联合会北京御方堂中医门诊部,世界中医药学会联合会北京御方堂中医门诊部,其他/门诊,未评级
北京市,北京市,朝阳区,北京航天总医院,航天总医院,公立/综合医院,三级乙等
北京市,北京市,朝阳区,北京玛丽妇婴医院,北京玛丽妇婴医院,外资/专科医院,未知
北京市,北京市,朝阳区,北京圣保罗医院,北京圣保罗医院,民营/专科医院,未知
北京市,北京市,朝阳区,北京民众体检中心,北京民众体检中心,民营/专科医院,未知
北京市,北京市,朝阳区,北京鸿慈童康,北京鸿慈童康,民营/专科医院,未知
北京市,北京市,朝阳区,北京伟达中医肿瘤医院,伟达医院,民营/专科医院,未知
北京市,北京市,朝阳区,北京佳美口腔医院,北京佳美口腔医院,民营/专科医院,未知
北京市,北京市,朝阳区,北京万和颈椎病医院,万和医院,民营/其他,未知
北京市,北京市,朝阳区,北京美中宜和妇儿医院,北京美中宜和妇儿医院,合资/专科医院,未知
北京市,北京市,朝阳区,北京市二零一所医院,北京市二零一所医院,公立/综合医院,未知
北京市,北京市,朝阳区,中国中医药研究院附属济华医院,中国中医药研究院附属济华医院,民营/综合医院,未知
北京市,北京市,朝阳区,北京国际医疗中心,IMC,合资/综合医院,未评级
北京市,北京市,朝阳区,北京爱康医院,北京爱康医院,合资/综合医院,未知
北京市,北京市,朝阳区,北京市朝阳区楼梓庄医院,北京市朝阳区楼梓庄医院,公立/综合医院,未知
北京市,北京市,朝阳区,北京同仁福康眼科医院,北京同仁福康眼科医院,民营/专科医院,未知
北京市,北京市,朝阳区,伊美尔幸福医院,伊美尔幸福双子星美容医院,合资/综合医院,未评级
北京市,北京市,朝阳区,北京长虹医院,北京长虹男科医院,民营/综合医院,未知
北京市,北京市,朝阳区,北京现代阳光健康体检连锁机构,北京现代阳光健康体检连锁机构,民营/专科医院,未知
北京市,北京市,朝阳区,北京九华体检中心,北京九华体检中心,民营/专科医院,未知
北京市,北京市,朝阳区,北京佳境健康体检中心,北京佳境健康体检中心,民营/专科医院,未知
北京市,北京市,朝阳区,慈铭健康体检管理集团,慈铭健康体检管理集团,民营/专科医院,未知
北京市,北京市,朝阳区,庇利积臣医疗中心,庇利积臣医疗中心,合资/专科医院,未知
北京市,北京市,朝阳区,北京爱康在线科技有限公司,北京爱康在线科技有限公司,民营/专科医院,未知
北京市,北京市,朝阳区,北京天伦不孕不育医院,北京天伦医院,其他/专科医院,未知
北京市,北京市,朝阳区,北京京城皮肤病医院,京城皮肤病医院,合资/专科医院,未知
北京市,北京市,朝阳区,北京华德眼科医院,北京华德眼科医院,民营/专科医院,未知
北京市,北京市,朝阳区,北京英智眼科医院,北京英智眼科医院,民营/专科医院,未知
北京市,北京市,朝阳区,北京东大肛肠医院,北京东大肛肠医院,其他/专科医院,未知
北京市,北京市,朝阳区,铁道部第十六工程局中心医院,铁道部第十六工程局中心医院,公立/综合医院,未知
北京市,北京市,朝阳区,北内集团职工医院,北内集团职工医院,民营/综合医院,未知
北京市,北京市,朝阳区,罗有明中医骨伤科医院,罗有明中医骨伤科医院,民营/综合医院,未知
北京市,北京市,朝阳区,北京惠兰医院,北京惠兰医院,民营/综合医院,未知
北京市,北京市,朝阳区,北京万杰医院,北京万杰医院,民营/综合医院,未知
北京市,北京市,朝阳区,北京化学工业有限公司化工二厂医院,北京化学工业有限公司化工二厂医院,公立/综合医院,未知
北京市,北京市,朝阳区,北京恒安中医院,北京恒安中医院,民营/综合医院,未知
北京市,北京市,朝阳区,北京建国不孕不育医院,北京建国不孕不育医院,民营/综合医院,未知
北京市,北京市,朝阳区,对外经济贸易大学医院,对外经济贸易大学医院,公立/综合医院,未知
北京市,北京市,朝阳区,北京市朝阳区南磨房医院,朝阳区南磨房街道双龙南里社区卫生服务站,公立/综合医院,未知
北京市,北京市,朝阳区,北京和睦家医院,北京和睦家医院,合资/综合医院,未评级
北京市,北京市,朝阳区,北京五洲妇儿医院,五洲妇儿医院,其他/综合医院,二级乙等
北京市,北京市,朝阳区,北京东方博大医院,东方博大医院,其他/综合医院,未知
北京市,北京市,朝阳区,北京恒安中医院,北京中京苑医学科学研究院恒安中医院,其他/综合医院,未知
北京市,北京市,朝阳区,北京糖尿病医院,北京市朝阳糖尿病医院,民营/专科医院,未知
北京市,北京市,朝阳区,北京炼焦化学厂医院,北京炼焦化学厂医院,公立/专科医院,一级乙等
北京市,北京市,朝阳区,北京市朝阳区左家庄医院,北京市朝阳区皮肤性病防治所,公立/专科医院,一级乙等
北京市,北京市,朝阳区,北京市朝阳区来广营医院,北京市朝阳区来广营社区卫生服务中心,公立/综合医院,一级乙等
北京市,北京市,朝阳区,北京市朝阳区大柳树医院,北京市朝阳区大柳树医院,公立/综合医院,一级乙等
北京市,北京市,朝阳区,北京市朝阳区将台医院,北京市朝阳区将台社区卫生服务中心,公立/综合医院,一级乙等
北京市,北京市,朝阳区,北京凯诺脊椎健康研究中心,北京凯诺脊椎健康研究中心,公立/专科医院,一级甲等
北京市,北京市,朝阳区,北京朝阳凌和望京医院,北京朝阳凌和望京医院,民营/综合医院,一级甲等
北京市,北京市,朝阳区,北京市朝阳区常营回民医院,北京市朝阳区常营回民医院,公立/综合医院,一级甲等
北京市,北京市,朝阳区,北京市朝阳区管庄医院,北京市朝阳区管庄医院,公立/综合医院,一级甲等
北京市,北京市,朝阳区,北京市朝阳区劲松医院,北京市朝阳区劲松医院,公立/综合医院,一级甲等
北京市,北京市,朝阳区,北京市朝阳区东坝医院,北京市朝阳区东坝医院,公立/综合医院,一级甲等
北京市,北京市,朝阳区,北京市朝阳区洼里医院,北京市朝阳区洼里医院,公立/综合医院,一级甲等
北京市,北京市,朝阳区,北京市朝阳区小红门医院,北京市朝阳区小红门医院,公立/综合医院,一级甲等
北京市,北京市,朝阳区,北京市朝阳区高碑店医院,北京市朝阳区高碑店医院,公立/综合医院,一级甲等
北京市,北京市,朝阳区,北京市朝阳区三里屯医院,北京市朝阳区三里屯医院,公立/综合医院,一级甲等
北京市,北京市,朝阳区,中国建筑材料科学研究院管庄东里医院,中国建筑材料科学研究院管庄东里医院,公立/综合医院,一级甲等
北京市,北京市,朝阳区,北京市第五建筑工程公司职工医院,北京市第五建筑工程公司职工医院,公立/综合医院,一级甲等
北京市,北京市,朝阳区,北京市城建青年沟医院,北京第三城市建设工程公司医院,公立/综合医院,一级甲等
北京市,北京市,朝阳区,朝阳医院第五住院部,京棉集团总医院,公立/综合医院,一级甲等
北京市,北京市,朝阳区,北京市城建祁家豁子医院,北京市城建祁家豁子医院,公立/综合医院,一级甲等
北京市,北京市,朝阳区,北京市朝阳区和平医院,北京市朝阳区和平医院,公立/综合医院,一级甲等
北京市,北京市,朝阳区,北京朝阳光华医院,北京朝阳光华医院,公立/综合医院,一级甲等
北京市,北京市,朝阳区,石佛营医院,石佛营医院,公立/综合医院,一级甲等
北京市,北京市,朝阳区,北京市朝阳区豆各庄医院,北京市朝阳区豆各庄医院,公立/综合医院,一级甲等
北京市,北京市,朝阳区,北京青年沟医院,北京青年沟医院,公立/综合医院,一级甲等
北京市,北京市,朝阳区,北京兆维电子,北京兆维电子,民营/综合医院,一级甲等
北京市,北京市,朝阳区,北京第七建设工程公司职工医院,北京第七建设工程公司职工医院,公立/综合医院,一级甲等
北京市,北京市,朝阳区,中国人民解放军总装备部后勤部中医骨伤科医院,中国人民解放军总装备部后勤部中医骨伤科医院,民营/综合医院,一级甲等
北京市,北京市,朝阳区,北京市朝阳区金盏医院,北京市朝阳区金盏医院,公立/综合医院,一级甲等
北京市,北京市,朝阳区,北京市朝阳区新源里医院,朝阳区左家庄社区卫生服务中心,公立/综合医院,一级甲等
北京市,北京市,朝阳区,北京市朝阳区太阳宫医院,北京市朝阳区太阳宫社区卫生服务中心,公立/综合医院,一级甲等
北京市,北京市,朝阳区,北京市朝阳区团结湖医院,北京市朝阳区团结湖医院,公立/综合医院,一级甲等
北京市,北京市,朝阳区,北京市朝阳区慈济医院,北京市朝阳区慈济医院,其他/综合医院,未知
北京市,北京市,朝阳区,北京市朝阳区十八里店医院,十八里店社区卫生服务中心,公立/综合医院,一级甲等
北京市,北京市,朝阳区,北京市桓兴肿瘤医院,北京桓兴医院,民营/专科医院,民营医院
北京市,北京市,朝阳区,北京市朝阳区亚运村医院,北京市朝阳区亚运村医院,公立/综合医院,一级甲等
北京市,北京市,朝阳区,人民日报社医院,人民日报社医院,公立/综合医院,一级甲等
北京市,北京市,朝阳区,中国水利水电第二工程局医院,中国水利水电第二工程局医院,公立/综合医院,一级甲等
北京市,北京市,朝阳区,北京市朝阳区第三医院,朝阳区精神卫生中心,公立/综合医院,一级甲等
北京市,北京市,朝阳区,北京金台中医院,北京金台中医院,民营/综合医院,一级甲等
北京市,北京市,朝阳区,朝阳区常营回民医院,朝阳区常营回民医院,公立/综合医院,一级甲等
北京市,北京市,朝阳区,朝阳区康欣医院,朝阳区康欣医院,公立/综合医院,一级甲等
北京市,北京市,朝阳区,朝阳区曙光医院,朝阳区曙光医院,公立/综合医院,一级甲等
北京市,北京市,朝阳区,朝阳区平房医院,朝阳区平房医院,公立/综合医院,一级甲等
北京市,北京市,朝阳区,朝阳区双桥医院,朝阳区双桥医院,公立/综合医院,一级甲等
北京市,北京市,朝阳区,朝阳区劲松医院,朝阳区劲松医院,公立/综合医院,一级甲等
北京市,北京市,朝阳区,朝阳区和平医院,朝阳区和平医院,公立/综合医院,一级甲等
北京市,北京市,朝阳区,朝阳区安华医院,朝阳区安华医院,公立/综合医院,一级甲等
北京市,北京市,朝阳区,朝阳区高碑店医院,朝阳区高碑店医院,公立/综合医院,一级甲等
北京市,北京市,朝阳区,北京市朝阳区化工路医院,北京市朝阳区化工路医院,公立/综合医院,一级甲等
北京市,北京市,朝阳区,朝阳区皮肤性病防治所,朝阳区皮肤性病防治所,公立/综合医院,一级甲等
北京市,北京市,朝阳区,北京市朝阳区三间房医院,北京市朝阳区三间房医院,公立/综合医院,一级甲等
北京市,北京市,朝阳区,朝阳区东风医院,朝阳区东风医院,公立/综合医院,一级甲等
北京市,北京市,朝阳区,北京世纪康乐医院,北京实际康乐整形医院,民营/,未知
北京市,北京市,朝阳区,北京朝阳三环肿瘤医院,北京朝阳三环肿瘤医院,民营/专科医院,二级甲等
北京市,北京市,朝阳区,北京市999急救中心,北京市红十字会急诊抢救中心,公立/专科医院,未知
北京市,北京市,朝阳区,朝阳区慈济医院,朝阳区慈济医院,其他/综合医院,未知
北京市,北京市,朝阳区,中国航空工业中心医院,三六一医院、361医院,公立/综合医院,二级甲等
北京市,北京市,朝阳区,北京中医药大学第三附属医院,北京冶金医院,公立/综合医院,二级甲等
北京市,北京市,朝阳区,航空工业中心医院,航空工业中心医院,公立/综合医院,二级甲等
北京市,北京市,朝阳区,北京市朝阳区第二医院,原北京市小庄医院,公立/综合医院,二级甲等
北京市,北京市,朝阳区,北京藏医院,北京藏医院暨北京民族医院,公立/综合医院,二级甲等
北京市,北京市,朝阳区,北京市垂杨柳医院,北京市垂杨柳医院,公立/综合医院,二级甲等
北京市,北京市,朝阳区,北京国医堂中医院,北京国医堂中医院,民营/综合医院,二级甲等
北京市,北京市,朝阳区,北京现代女子医院,北京现代女子医院,民营/综合医院,二级甲等
北京市,北京市,朝阳区,首都国际机场医院,首都国际机场医院,公立/综合医院,二级甲等
北京市,北京市,朝阳区,北京市朝阳区中医医院,朝阳区中医院,公立/综合医院,二级甲等
北京市,北京市,朝阳区,北京市朝阳区妇幼保健院,北京市朝阳区妇幼保健院,民营/综合医院,二级甲等
北京市,北京市,朝阳区,北京市惠新医院,北京市惠新医院,公立/综合医院,二级甲等
北京市,北京市,朝阳区,北京华信医院,酒仙桥医院、清华大学第一附属医院,公立/综合医院,三级乙等
北京市,北京市,朝阳区,煤炭总医院,煤炭工业总医院,公立/综合医院,未知
北京市,北京市,朝阳区,北京军区总医院分院,中国人民解放军二九二医院,公立/综合医院,三级乙等
北京市,北京市,朝阳区,民航总医院,中国民用航空总医院,公立/综合医院,三级乙等
北京市,北京市,朝阳区,首都医科大学附属北京朝阳医院,首都医科大学附属北京朝阳医院,公立/综合医院,三级甲等　　
北京市,北京市,朝阳区,中国中医科学院望京医院,中国中医科学院望京医院,公立/综合医院,三级甲等　　
北京市,北京市,朝阳区,卫生部中日友好医院,卫生部中日友好医院,公立/综合医院,三级甲等　　
北京市,北京市,朝阳区,中国人民解放军第306医院,三零六医院、三0六医院,公立/综合医院,三级甲等　　
北京市,北京市,朝阳区,首都医科大学附属北京安贞医院,首都医科大学附属北京安贞医院,公立/综合医院,三级甲等　　
北京市,北京市,朝阳区,首都儿科研究所附属儿童医院,首都儿科研究所附属儿童医院,公立/专科医院,三级甲等　　
北京市,北京市,朝阳区,中国医学科学院肿瘤医院,中国医学科学院肿瘤医院,公立/专科医院,三级甲等　　
北京市,北京市,朝阳区,北京市东城区前门医院,北京市正大医院，天坛社区卫生服务中心,公立/综合医院,一级甲等
北京市,北京市,朝阳区,长春白求恩口腔医院, 长春白求恩口腔医院,民营/口腔医院,未知
北京市,北京市,朝阳区,北京市南洋肿瘤医院,北京市南洋肿瘤医院,公立/肿瘤医院,未知
北京市,北京市,朝阳区,北京英智康复医院,北京英智康复医院,个体户/综合医院,未知
北京市,北京市,朝阳区,朝阳区管庄乡卫生院,朝阳区管庄乡卫生院,公立/综合医院,未知
北京市,北京市,朝阳区,北京市朝阳区双龙医院,北京市朝阳区双龙医院,公立/综合医院,未知
北京市,北京市,朝阳区,北内集团总公司北京双井医院,北内集团总公司北京双井医院,公立/综合医院,未知
北京市,北京市,朝阳区,北京朗皓口腔诊所,朗皓齿科,民营/专科医院,未评级
北京市,北京市,朝阳区,北京薇琳整形医院,北京薇琳整形医院,其他/专科医院,未知
北京市,北京市,朝阳区,北京医科整形美容门诊部,北京医科整形美容门诊部,公立/门诊,未知
北京市,北京市,朝阳区,北京叶子整形美容医院,北京叶子整形美容医院,民营/其他,未知
北京市,北京市,朝阳区,航空工业中心第二门诊部,朝阳区建外社区卫生服务中心,公立/综合医院,一级甲等
北京市,北京市,朝阳区,北京朝阳中西医结合医院,全国专科疾病北京中医药治疗中心北新桥门诊部,公立/综合医院,二级甲等
北京市,北京市,朝阳区,北京市奥北中医院,北京市奥北中医院,个体户/综合医院,未知
北京市,北京市,朝阳区,航空总医院,激光整形美容中心,公立/综合医院,二级甲等
北京市,北京市,朝阳区,北京博海中医医院,北京博海中医医院,个体户/综合医院,未知
北京市,北京市,朝阳区,六里屯社区卫生服务中心,六里屯社区卫生服务中心,公立/其他,未知
北京市,北京市,朝阳区,北京市朝阳区金盏地区皮村社区卫生服务站,北京市朝阳区金盏地区皮村社区卫生服务站,其他/其他,未知
北京市,北京市,朝阳区,北京市朝阳区金盏地区马各庄社区卫生服务站,北京市朝阳区金盏地区马各庄社区卫生服务站,其他/其他,未知
北京市,北京市,朝阳区,朝阳区崔各庄地区黑桥社区卫生服务站,朝阳区崔各庄地区黑桥社区卫生服务站,其他/其他,未知
北京市,北京市,朝阳区,朝阳区劲松街道农光里东里社区卫生服务站,朝阳区劲松街道农光里东里社区卫生服务站,其他/其他,未知
北京市,北京市,朝阳区,朝阳区管庄地区京通新城社区卫生服务站,朝阳区管庄地区京通新城社区卫生服务站,公立/综合医院,未知
北京市,北京市,朝阳区,酒仙桥社区卫生服务中心,酒仙桥社区卫生服务中心,其他/其他,未知
北京市,北京市,朝阳区,朝阳区香河园街道西坝河东里社区卫生服务站,朝阳区香河园街道西坝河东里社区卫生服务站,其他/其他,未知
北京市,北京市,朝阳区,朝阳区奥运村地区南沙滩社区卫生服务站,朝阳区奥运村地区南沙滩社区卫生服务站,其他/其他,未知
北京市,北京市,朝阳区,朝阳区望京街道季景社区卫生服务站,朝阳区望京街道季景社区卫生服务站,公立/其他,未知
北京市,北京市,朝阳区,八里庄社区卫生服务中心,八里庄社区卫生服务中心,其他/其他,未知
北京市,北京市,朝阳区,朝阳区三间房地区双柳巷社区卫生服务站,朝阳区三间房地区双柳巷社区卫生服务站,其他/其他,未知
北京市,北京市,朝阳区,安贞里社区卫生服务站,安贞里社区卫生服务站,其他/其他,未知
北京市,北京市,朝阳区,朝阳区酒仙桥街道东路社区卫生服务站,朝阳区酒仙桥街道东路社区卫生服务站,其他/其他,未知
北京市,北京市,朝阳区,朝阳区团结湖街道水碓子东路社区卫生服务站,朝阳区团结湖街道水碓子东路社区卫生服务站,其他/其他,未知
北京市,北京市,朝阳区,朝阳区三间房地区定福庄西里社区卫生服务站,朝阳区三间房地区定福庄西里社区卫生服务站,其他/其他,未知
北京市,北京市,朝阳区,朝阳区崔各庄地区东辛店社区卫生服务站,朝阳区崔各庄地区东辛店社区卫生服务站,其他/其他,未知
北京市,北京市,朝阳区,崔各庄社区卫生服务中心,崔各庄社区卫生服务中心,其他/其他,未知
北京市,北京市,朝阳区,王四营社区卫生服务中心,王四营社区卫生服务中心,其他/其他,未知
北京市,北京市,朝阳区,朝阳区平房地区石各庄社区卫生服务站,朝阳区平房地区石各庄社区卫生服务站,其他/其他,未知
北京市,北京市,朝阳区,朝阳区百环家园社区卫生服务站,朝阳区百环家园社区卫生服务站,其他/其他,未知
北京市,北京市,朝阳区,八里庄第二社区卫生服务中心,八里庄第二社区卫生服务中心,其他/其他,未知
北京市,北京市,朝阳区,朝阳区潘家园街道华威西里社区卫生服务站,朝阳区潘家园街道华威西里社区卫生服务站,其他/其他,未知
北京市,北京市,朝阳区,朝阳区八里庄街道八里庄东里社区卫生服务站,朝阳区八里庄街道八里庄东里社区卫生服务站,其他/其他,未知
北京市,北京市,朝阳区,北京市朝阳区金盏地区东窑社区卫生服务站,北京市朝阳区金盏地区东窑社区卫生服务站,其他/其他,未知
北京市,北京市,朝阳区,垡头社区卫生服务中心,垡头社区卫生服务中心,其他/其他,未知
北京市,北京市,朝阳区,朝阳区崔各庄地区南皋社区卫生服务站,朝阳区崔各庄地区南皋社区卫生服务站,其他/其他,未知
北京市,北京市,朝阳区,安翔里社区卫生服务站,安翔里社区卫生服务站,其他/其他,未知
北京市,北京市,朝阳区,北京市朝阳区金盏地区黎各庄社区卫生服务站,北京市朝阳区金盏地区黎各庄社区卫生服务站,其他/其他,未知
北京市,北京市,朝阳区,朝阳区甜水园东里社区卫生服务站,朝阳区甜水园东里社区卫生服务站,其他/其他,未知
北京市,北京市,朝阳区,朝阳区望京街道望京西园三区社区卫生服务站,朝阳区望京街道望京西园三区社区卫生服务站,其他/其他,未评级
北京市,北京市,朝阳区,朝阳区香河园街道柳芳南里社区卫生服务站,朝阳区香河园街道柳芳南里社区卫生服务站,其他/其他,未知
北京市,北京市,朝阳区,来广营社区卫生服务中心,来广营社区卫生服务中心,其他/其他,未知
北京市,北京市,朝阳区,金盏社区卫生服务中心,金盏社区卫生服务中心,其他/其他,未知
北京市,北京市,朝阳区,管庄第二社区卫生服务中心,管庄第二社区卫生服务中心,其他/其他,未知
北京市,北京市,朝阳区,朝阳区太阳宫街道西坝河北里社区卫生服务站,朝阳区太阳宫街道西坝河北里社区卫生服务站,其他/其他,未知
北京市,北京市,朝阳区,朝阳区王四营地区孛罗营社区卫生服务站,朝阳区王四营地区孛罗营社区卫生服务站,其他/其他,未知
北京市,北京市,朝阳区,朝阳区南磨房地区双龙南里社区卫生服务站,朝阳区南磨房地区双龙南里社区卫生服务站,其他/其他,未知
北京市,北京市,朝阳区,朝阳区南磨房地区欢乐谷社区卫生服务站,朝阳区南磨房地区欢乐谷社区卫生服务站,其他/其他,未知
北京市,北京市,朝阳区,朝阳区朝外街道天福园社区卫生服务站,朝阳区朝外街道天福园社区卫生服务站,其他/其他,未知
北京市,北京市,朝阳区,朝阳区朝外街道吉祥里社区卫生服务站,朝阳区朝外街道吉祥里社区卫生服务站,其他/其他,未知
北京市,北京市,朝阳区,朝阳区崔各庄地区北皋社区卫生服务站,朝阳区崔各庄地区北皋社区卫生服务站,其他/其他,未知
北京市,北京市,朝阳区,朝阳区建外街道建国里社区卫生服务站,朝阳区建外街道建国里社区卫生服务站,其他/其他,未知
北京市,北京市,朝阳区,朝阳区朝外街道芳草地社区卫生服务站,朝阳区朝外街道芳草地社区卫生服务站,其他/其他,未知
北京市,北京市,朝阳区,朝阳区八里庄街道八里庄西里社区卫生服务站,朝阳区八里庄街道八里庄西里社区卫生服务站,其他/其他,未知
北京市,北京市,朝阳区,高家园社区卫生服务站,高家园社区卫生服务站,其他/其他,未知
北京市,北京市,朝阳区,朝阳区东坝地区红松园社区卫生服务站,朝阳区东坝地区红松园社区卫生服务站,其他/其他,未知
北京市,北京市,朝阳区,武圣西里社区卫生服务站,武圣西里社区卫生服务站,其他/其他,未知
北京市,北京市,朝阳区,朝阳区东坝地区东风社区卫生服务站,朝阳区东坝地区东风社区卫生服务站,其他/其他,未知
北京市,北京市,朝阳区,朝阳区东坝地区单店社区卫生服务站,朝阳区东坝地区单店社区卫生服务站,其他/其他,未知
北京市,北京市,朝阳区,朝阳区王四营地区官庄社区卫生服务站,朝阳区王四营地区官庄社区卫生服务站,其他/其他,未知
北京市,北京市,朝阳区,朝阳区东坝地区后街社区卫生服务站,朝阳区东坝地区后街社区卫生服务站,其他/其他,未知
北京市,北京市,朝阳区,朝阳区南磨房地区紫南家园社区卫生服务站,朝阳区南磨房地区紫南家园社区卫生服务站,其他/其他,未知
北京市,北京市,朝阳区,朝阳区南磨房地区百子湾社区卫生服务站,朝阳区南磨房地区百子湾社区卫生服务站,其他/其他,未知
北京市,北京市,朝阳区,朝阳区八里庄街道十里堡东里社区卫生服务站,朝阳区八里庄街道十里堡东里社区卫生服务站,其他/其他,未知
北京市,北京市,朝阳区,朝阳区东坝地区东坝家园社区卫生服务站,朝阳区东坝地区东坝家园社区卫生服务站,其他/其他,未知
北京市,北京市,朝阳区,北京市朝阳区崔各庄地区奶西社区卫生服务站,北京市朝阳区崔各庄地区奶西社区卫生服务站,其他/其他,未知
北京市,北京市,朝阳区,朝阳区崔各庄地区马泉营社区卫生服务站,朝阳区崔各庄地区马泉营社区卫生服务站,其他/其他,未知
北京市,北京市,朝阳区,朝阳区王四营地区道口社区卫生服务站,朝阳区王四营地区道口社区卫生服务站,其他/其他,未知
北京市,北京市,朝阳区,北京市朝阳区崔各庄地区奶东社区卫生服务站,北京市朝阳区崔各庄地区奶东社区卫生服务站,其他/其他,未知
北京市,北京市,朝阳区,朝阳区崔各庄地区草场地社区卫生服务站,朝阳区崔各庄地区草场地社区卫生服务站,其他/其他,未知
北京市,北京市,朝阳区,朝阳区崔各庄地区何各庄社区卫生服务站,朝阳区崔各庄地区何各庄社区卫生服务站,其他/其他,未知
北京市,北京市,朝阳区,朝阳区来广营地区绣菊园社区卫生服务站,朝阳区来广营地区绣菊园社区卫生服务站,其他/其他,未知
北京市,北京市,朝阳区,朝阳区来广营地区紫绥园社区卫生服务站,朝阳区来广营地区紫绥园社区卫生服务站,其他/其他,未知
北京市,北京市,朝阳区,朝阳区来广营地区绿色家园社区卫生服务站,朝阳区来广营地区绿色家园社区卫生服务站,其他/其他,未知
北京市,北京市,朝阳区,朝阳区麦子店街道霞光里社区卫生服务站,朝阳区麦子店街道霞光里社区卫生服务站,其他/其他,未知
北京市,北京市,朝阳区,朝阳区麦子店街道农展南里社区卫生服务站,朝阳区麦子店街道农展南里社区卫生服务站,其他/其他,未知
北京市,北京市,朝阳区,朝阳区三里屯街道幸福二村社区卫生服务站,朝阳区三里屯街道幸福二村社区卫生服务站,其他/其他,未知
北京市,北京市,朝阳区,朝阳区左家庄街道新源里西社区卫生服务站,朝阳区左家庄街道新源里西社区卫生服务站,其他/其他,未知
北京市,北京市,朝阳区,朝阳区首都机场街道南平街社区卫生服务站,朝阳区首都机场街道南平街社区卫生服务站,其他/其他,未知
北京市,北京市,朝阳区,首都国际机场社区卫生服务中心,首都国际机场社区卫生服务中心,其他/其他,未知
北京市,北京市,朝阳区,东湖社区卫生服务中心,东湖社区卫生服务中心,其他/其他,未知
北京市,北京市,朝阳区,朝阳区酒仙桥街道南路社区卫生服务站,朝阳区酒仙桥街道南路社区卫生服务站,其他/其他,未知
北京市,北京市,朝阳区,朝阳区高碑店地区高西店社区卫生服务站,朝阳区高碑店地区高西店社区卫生服务站,其他/其他,未知
北京市,北京市,朝阳区,朝阳区高碑店地区兴隆家园社区卫生服务站,朝阳区高碑店地区兴隆家园社区卫生服务站,其他/其他,未知
北京市,北京市,朝阳区,朝阳区黑庄户地区怡景城社区卫生服务站,朝阳区黑庄户地区怡景城社区卫生服务站,其他/其他,未知
北京市,北京市,朝阳区,朝阳区黑庄户地区郎各庄社区卫生服务站,朝阳区黑庄户地区郎各庄社区卫生服务站,其他/其他,未知
北京市,北京市,朝阳区,朝阳区黑庄户地区万子营社区卫生服务站,朝阳区黑庄户地区万子营社区卫生服务站,其他/其他,未知
北京市,北京市,朝阳区,黑庄户社区卫生服务中心,黑庄户社区卫生服务中心,其他/其他,未知
北京市,北京市,朝阳区,北京市朝阳区常营地区连心园社区卫生服务站,北京市朝阳区常营地区连心园社区卫生服务站,其他/其他,未知
北京市,北京市,朝阳区,朝阳区平房地区平房社区卫生服务站,朝阳区平房地区平房社区卫生服务站,其他/其他,未知
北京市,北京市,朝阳区,北京市朝阳区东风街道将台洼社区卫生服务站,北京市朝阳区东风街道将台洼社区卫生服务站,其他/其他,未知
北京市,北京市,朝阳区,东坝社区卫生服务中心,东坝社区卫生服务中心,其他/其他,未知
北京市,北京市,朝阳区,朝阳区东坝地区三岔河社区卫生服务站,朝阳区东坝地区三岔河社区卫生服务站,其他/其他,未知
北京市,北京市,朝阳区,望京社区卫生服务中心,望京社区卫生服务中心,其他/其他,未知
北京市,北京市,朝阳区,朝阳区黑庄户地区定辛庄社区卫生服务站,朝阳区黑庄户地区定辛庄社区卫生服务站,其他/其他,未知
北京市,北京市,朝阳区,朝阳区黑庄户地区双树社区卫生服务站,朝阳区黑庄户地区双树社区卫生服务站,其他/其他,未知
北京市,北京市,朝阳区,朝阳区黑庄户地区大鲁店社区卫生服务站,朝阳区黑庄户地区大鲁店社区卫生服务站,其他/其他,未知
北京市,北京市,朝阳区,朝阳区三间房地区艺水芳园社区卫生服务站,朝阳区三间房地区艺水芳园社区卫生服务站,其他/其他,未知
北京市,北京市,朝阳区,朝阳区三间房地区定北里社区卫生服务站,朝阳区三间房地区定北里社区卫生服务站,其他/其他,未知
北京市,北京市,朝阳区,朝阳区八里庄街道甘露园南里社区卫生服务站,朝阳区八里庄街道甘露园南里社区卫生服务站,其他/其他,未知
北京市,北京市,朝阳区,朝阳区呼家楼街道东大桥社区卫生服务站,朝阳区呼家楼街道东大桥社区卫生服务站,其他/其他,未知
北京市,北京市,朝阳区,朝阳区呼家楼街道向军北里社区卫生服务站,朝阳区呼家楼街道向军北里社区卫生服务站,其他/其他,未知
北京市,北京市,朝阳区,朝阳区呼家楼街道呼家楼西里社区卫生服务站,朝阳区呼家楼街道呼家楼西里社区卫生服务站,其他/其他,未知
北京市,北京市,朝阳区,朝阳区呼家楼街道金台北街社区卫生服务站,朝阳区呼家楼街道金台北街社区卫生服务站,其他/其他,未知
北京市,北京市,朝阳区,朝阳区建外街道灵通观社区卫生服务站,朝阳区建外街道灵通观社区卫生服务站,其他/其他,未知
北京市,北京市,朝阳区,朝外社区卫生服务中心,朝外社区卫生服务中心,其他/其他,未知
北京市,北京市,朝阳区,朝阳区六里屯街道红领巾公园东社区卫生服务站,朝阳区六里屯街道红领巾公园东社区卫生服务站,其他/其他,未知
北京市,北京市,朝阳区,朝阳区六里屯街道八里庄南里社区卫生服务站,朝阳区六里屯街道八里庄南里社区卫生服务站,其他/其他,未知
北京市,北京市,朝阳区,朝阳区六里屯街道六里屯东里社区卫生服务站,朝阳区六里屯街道六里屯东里社区卫生服务站,其他/其他,未知
北京市,北京市,朝阳区,朝阳区孙河地区黄港社区卫生服务站,朝阳区孙河地区黄港社区卫生服务站,其他/其他,未知
北京市,北京市,朝阳区,朝阳区孙河地区辛堡社区卫生服务站,朝阳区孙河地区辛堡社区卫生服务站,其他/其他,未知
北京市,北京市,朝阳区,朝阳区孙河地区苇沟社区卫生服务站,朝阳区孙河地区苇沟社区卫生服务站,其他/其他,未知
北京市,北京市,朝阳区,孙河社区卫生服务中心,孙河社区卫生服务中心,其他/其他,未知
北京市,北京市,朝阳区,朝阳区垡头街道垡头西里社区卫生服务站,朝阳区垡头街道垡头西里社区卫生服务站,其他/其他,未知
北京市,北京市,朝阳区,北京市朝阳区安苑中医院,北京市朝阳区安苑中医院,公立/综合医院,一级甲等
北京市,北京市,朝阳区,北京起重机器厂朝阳广仁医院,北京起重机器厂朝阳广仁医院,公立/综合医院,一级甲等
北京市,北京市,朝阳区,中国舰船研究院北京舰船医院,中国舰船研究院北京舰船医院,公立/综合医院,一级甲等
北京市,北京市,朝阳区,北京广仁医院,北京广仁医院,民营/综合医院,一级甲等
北京市,北京市,朝阳区,北京第三城市建设工程公司医院,北京市城建青年沟医院,公立/综合医院,一级甲等
北京市,北京市,朝阳区,北京化工实验厂医院,北京化工实验厂医院,公立/综合医院,一级甲等
北京市,北京市,朝阳区,北京城建水碓子医院,北京城建水碓子医院,公立/综合医院,一级甲等
北京市,北京市,朝阳区,北京芳群园社区卫生服务站,北京芳群园社区卫生服务站,其他/其他,未知
北京市,北京市,朝阳区,北京卢沟桥卢沟桥村社区卫生服务站,北京卢沟桥卢沟桥村社区卫生服务站,其他/其他,未知
北京市,北京市,朝阳区,北京卢沟桥郭庄子村社区卫生服务站,北京卢沟桥郭庄子村社区卫生服务站,其他/其他,未知
北京市,北京市,朝阳区,北京角门社区卫生服务站,北京角门社区卫生服务站,其他/其他,未知
北京市,北京市,朝阳区,北京崔村社区卫生服务站,北京崔村社区卫生服务站,公立/其他,未知
北京市,北京市,朝阳区,北京张家坟社区卫生服务站,北京张家坟社区卫生服务站,其他/其他,未知
北京市,北京市,朝阳区,朝阳区黑庄户地区东旭花园社区卫生服务站,朝阳区黑庄户地区东旭花园社区卫生服务站,其他/其他,未知
北京市,北京市,朝阳区,朝阳区高碑店地区北花园社区卫生服务站,朝阳区高碑店地区北花园社区卫生服务站,其他/其他,未知
北京市,北京市,朝阳区,北京市朝阳区常营地区万象新天社区卫生服务站,北京市朝阳区常营地区万象新天社区卫生服务站,其他/其他,未知
北京市,北京市,朝阳区,朝阳区平房地区黄渠社区卫生服务站,朝阳区平房地区黄渠社区卫生服务站,其他/其他,未知
北京市,北京市,朝阳区,北京市朝阳区金盏地区西村社区卫生服务站,北京市朝阳区金盏地区西村社区卫生服务站,其他/其他,未知
北京市,北京市,朝阳区,管庄地区惠河东里（塔营）社区卫生服务站,管庄地区惠河东里（塔营）社区卫生服务站,公立/其他,未知
北京市,北京市,朝阳区,朝阳区管庄地区管庄西里社区卫生服务站,朝阳区管庄地区管庄西里社区卫生服务站,其他/其他,未知
北京市,北京市,朝阳区,安贞社区卫生服务中心,安贞社区卫生服务中心,其他/综合医院,一级甲等
北京市,北京市,朝阳区,朝阳区东风街道石佛营东里社区卫生服务站,朝阳区东风街道石佛营东里社区卫生服务站,其他/其他,未知
北京市,北京市,朝阳区,呼家楼第二社区卫生服务中心,呼家楼第二社区卫生服务中心,其他/其他,未知
北京市,北京市,朝阳区,三里屯社区卫生服务中心,三里屯社区卫生服务中心,其他/其他,未知
北京市,北京市,朝阳区,北京市朝阳区常营地区荟万鸿社区卫生服务站,北京市朝阳区常营地区荟万鸿社区卫生服务站,其他/其他,未知
北京市,北京市,朝阳区,朝阳区望京街道南湖东园社区卫生服务站,朝阳区望京街道南湖东园社区卫生服务站,其他/其他,未知
北京市,北京市,朝阳区,朝阳区双井街道九龙南社区卫生服务站,朝阳区双井街道九龙南社区卫生服务站,其他/其他,未知
北京市,北京市,朝阳区,朝阳区三间房地区定福庄南里社区卫生服务站,朝阳区三间房地区定福庄南里社区卫生服务站,其他/其他,未知
北京市,北京市,朝阳区,朝阳区奥运村地区北沙滩社区卫生服务站,朝阳区奥运村地区北沙滩社区卫生服务站,其他/其他,未知
北京市,北京市,朝阳区,朝阳区高碑店地区花园北里社区卫生服务站,朝阳区高碑店地区花园北里社区卫生服务站,其他/其他,未知
北京市,北京市,朝阳区,常营社区卫生服务中心,常营社区卫生服务中心,其他/其他,未知
北京市,北京市,朝阳区,朝阳区小红门地区龙爪树社区卫生服务站,朝阳区小红门地区龙爪树社区卫生服务站,其他/其他,未知
北京市,北京市,朝阳区,三间房社区卫生服务中心,三间房社区卫生服务中心,其他/综合医院,一级甲等
北京市,北京市,朝阳区,朝阳区左家庄街道曙光西里北街社区卫生服务站,朝阳区左家庄街道曙光西里北街社区卫生服务站,其他/其他,未知
北京市,北京市,朝阳区,朝阳区黑庄户地区小鲁店社区卫生服务站,朝阳区黑庄户地区小鲁店社区卫生服务站,其他/其他,未知
北京市,北京市,朝阳区,朝阳区高碑店地区白家楼社区卫生服务站,朝阳区高碑店地区白家楼社区卫生服务站,其他/其他,未知
北京市,北京市,朝阳区,朝阳区高碑店地区小郊亭社区卫生服务站,朝阳区高碑店地区小郊亭社区卫生服务站,其他/其他,未知
北京市,北京市,朝阳区,朝阳区黑庄户地区郎辛庄社区卫生服务站,朝阳区黑庄户地区郎辛庄社区卫生服务站,其他/其他,未知
北京市,北京市,朝阳区,金盏第二社区卫生服务中心,金盏第二社区卫生服务中心,其他/其他,未知
北京市,北京市,朝阳区,北京市朝阳区东风街道观湖国际社区卫生服务站,北京市朝阳区东风街道观湖国际社区卫生服务站,其他/其他,未知
北京市,北京市,朝阳区,朝阳区高碑店地区通惠家园社区卫生服务站,朝阳区高碑店地区通惠家园社区卫生服务站,其他/其他,未知
北京市,北京市,朝阳区,朝阳区小红门地区小红门社区卫生服务站,朝阳区小红门地区小红门社区卫生服务站,其他/其他,未知
北京市,北京市,朝阳区,朝阳区将台地区东八间房社区卫生服务站,朝阳区将台地区东八间房社区卫生服务站,其他/其他,未知
北京市,北京市,朝阳区,朝阳区太阳宫街道芍药居北里社区卫生服务站,朝阳区太阳宫街道芍药居北里社区卫生服务站,其他/其他,未知
北京市,北京市,朝阳区,朝阳区小红门地区肖村社区卫生服务站,朝阳区小红门地区肖村社区卫生服务站,其他/其他,未知
北京市,北京市,朝阳区,朝阳区高碑店地区甘露园社区卫生服务站,朝阳区高碑店地区甘露园社区卫生服务站,其他/其他,未知
北京市,北京市,朝阳区,朝阳区管庄地区咸宁侯社区卫生服务站,朝阳区管庄地区咸宁侯社区卫生服务站,其他/其他,未知
北京市,北京市,朝阳区,朝阳区左家庄街道新源西里社区卫生服务站,朝阳区左家庄街道新源西里社区卫生服务站,其他/其他,未知
北京市,北京市,朝阳区,朝阳区小红门地区牌坊社区卫生服务站,朝阳区小红门地区牌坊社区卫生服务站,其他/其他,未知
北京市,北京市,朝阳区,朝阳区十八里店地区周家庄社区卫生服务站,朝阳区十八里店地区周家庄社区卫生服务站,其他/其他,未知
北京市,北京市,朝阳区,北京市朝阳区双井街道富力社区卫生站,北京市朝阳区双井街道富力社区卫生站,其他/其他,未知
北京市,北京市,朝阳区,朝阳区豆各庄地区万科青青社区卫生服务站,朝阳区豆各庄地区万科青青社区卫生服务站,其他/其他,未知
北京市,北京市,朝阳区,朝阳区管庄地区建东苑社区卫生服务站,朝阳区管庄地区建东苑社区卫生服务站,其他/其他,未知
北京市,北京市,朝阳区,北京市朝阳区双井街道大望社区卫生服务站,北京市朝阳区双井街道大望社区卫生服务站,其他/其他,未知
北京市,北京市,朝阳区,朝阳区来广营地区北湖社区卫生服务站,朝阳区来广营地区北湖社区卫生服务站,其他/其他,未知
北京市,北京市,朝阳区,朝阳区八里庄街道英家坟社区卫生服务站,朝阳区八里庄街道英家坟社区卫生服务站,其他/其他,未知
北京市,北京市,朝阳区,解放军306医院,解放军306医院,公立/综合医院,一级甲等
北京市,北京市,朝阳区,北京藏医院泌尿科,北京藏医院泌尿科,公立/专科医院,二级乙等
北京市,北京市,朝阳区,武警北京市一总队医院,武警北京市一总队医院,公立/综合医院,未知
北京市,北京市,朝阳区,黄寺美容外科医院,黄寺美容外科医院,公立/专科医院,二级甲等
北京市,北京市,朝阳区,朝阳区红十字会医院,朝阳区红十字会医院,公立/综合医院,未评级
北京市,北京市,朝阳区,朝阳区红十字会第二医院,朝阳区红十字会第二医院,公立/综合医院,未评级
北京市,北京市,朝阳区,朝阳区红庙医院,朝阳区红庙医院,公立/综合医院,一级乙等
北京市,北京市,朝阳区,朝阳区东华医院,朝阳区东华医院,公立/综合医院,未知
北京市,北京市,朝阳区,朝阳区北亚医院,朝阳区北亚医院,公立/综合医院,一级甲等
北京市,北京市,朝阳区,朝阳区安慧医院,朝阳区安慧医院,公立/综合医院,未评级
北京市,北京市,朝阳区,北内集团总公司北京双井医院,双井医院,公立/综合医院,一级甲等
北京市,北京市,朝阳区,北京市红十字新华医院,北京市红十字新华医院,公立/综合医院,二级甲等
北京市,北京市,朝阳区,北京市第一轻工业总公司医院,北京市第一轻工业总公司医院,公立/综合医院,一级甲等
北京市,北京市,朝阳区,北京市朝阳区双龙医院,北京市朝阳区双龙医院,公立/综合医院,一级甲等
北京市,北京市,朝阳区,朝阳区管庄乡卫生院,朝阳区管庄乡卫生院,公立/综合医院,一级甲等
北京市,北京市,朝阳区,北京英智康复医院,北京英智康复医院,民营/综合医院,未知
北京市,北京市,朝阳区,长春医院, 长春医院,公立/综合医院,未知
北京市,北京市,朝阳区,北京星源医疗美容医院,北京星源医疗美容医院,个体户/综合医院,未知
北京市,北京市,朝阳区,北京高新医院,北京高新医院,个体户/综合医院,未知
北京市,北京市,朝阳区,北京伊美尚国际医学美容连锁医院,北京伊美尚国际医学美容连锁医院,公立/综合医院,特级医院
北京市,北京市,朝阳区,北京海文医院,北京海文医院,其他/综合医院,未知
北京市,北京市,朝阳区,北京方舟医院,北京方舟白癜风牛皮癣医学研究院,民营/专科医院,未知
北京市,北京市,朝阳区,可丽亚医疗美容中心,可丽亚医疗美容中心,个体户/综合医院,未知
北京市,北京市,朝阳区,北京爱耳英智眼科医院,北京爱耳英智眼科医院,个体户/综合医院,三级甲等　　
北京市,北京市,朝阳区,北京京韩医疗整形美容机构,北京京韩医疗整形美容机构,其他/综合医院,未知
北京市,北京市,朝阳区,北京联邦整形美容门诊部,北京联邦整形美容门诊部,个体户/综合医院,未知
北京市,北京市,朝阳区,吉林大学第一医院,吉大一院,公立/综合医院,三级甲等　　
北京市,北京市,朝阳区,北京市朝阳区慧忠医院,北京市朝阳区慧忠医院,公立/综合医院,未知
北京市,北京市,朝阳区,长春市疾病预防控制中心预防医学门诊部,长春市疾病预防控制中心预防医学门诊部,公立/综合医院,未知
北京市,北京市,朝阳区,宝贝儿科,宝贝儿科,民营/综合医院,未知
北京市,北京市,朝阳区,整形美容健康诊室,整形美容健康诊室,民营/综合医院,未知
北京市,北京市,朝阳区,卫康国际骨病,卫康国际骨病,民营/综合医院,未知
北京市,北京市,朝阳区,周林骨刺研究所,周林骨刺研究所,民营/综合医院,未知
北京市,北京市,朝阳区,陆医生中医工作室,陆医生中医工作室,民营/综合医院,一级甲等
北京市,北京市,朝阳区,马大夫诊室,马大夫诊室,民营/综合医院,未知
北京市,北京市,朝阳区,范用耀教授在线医院,范用耀教授在线医院,民营/综合医院,未知
北京市,北京市,朝阳区,减肥瘦身滋养室,减肥瘦身滋养室,民营/综合医院,未知
北京市,北京市,朝阳区,孟丹心理工作室,孟丹心理工作室,民营/综合医院,未知
北京市,北京市,朝阳区,心理星空,心理星空,民营/综合医院,未知
北京市,北京市,朝阳区,雅之杰口腔医院,雅之杰口腔医院,公立/综合医院,一级甲等
北京市,北京市,朝阳区,北京优视佳眼球研究中心,北京优视佳眼球研究中心,民营/综合医院,未知
北京市,北京市,朝阳区,北京美奥整形美容,北京美奥整形美容,民营/专科医院,未评级
北京市,北京市,朝阳区,北京民众眼科医院,北京民众眼科医院,个体户/综合医院,三级甲等　　
北京市,北京市,朝阳区,北京永寿中医医院,北京永寿中医医院,个体户/综合医院,未知
北京市,北京市,朝阳区,北京华盛医院,北京华盛医院,其他/综合医院,未知
北京市,北京市,朝阳区,北京京爱医院,北京京爱医院,个体户/综合医院,未知
北京市,北京市,朝阳区,心灵之约专家门诊,心灵之约专家门诊,民营/综合医院,未知
北京市,北京市,朝阳区,肿瘤克星门诊部,肿瘤克星门诊部,民营/综合医院,未知
北京市,北京市,朝阳区,北京众安康中医骨科医院,北京众安康中医骨科医院,个体户/综合医院,未知
北京市,北京市,朝阳区,北京东方和谐整形美容医院,北京东方和谐整形美容医院,其他/综合医院,未知
北京市,北京市,朝阳区,北京普惠诊所,北京普惠诊所,民营/综合医院,未知
北京市,北京市,朝阳区,北京京美医疗美容整形中心,北京京美医疗美容整形中心,其他/综合医院,未知
北京市,北京市,朝阳区,北京整形美容咨询,北京整形美容咨询,民营/综合医院,未知
北京市,北京市,朝阳区,北京大学口腔医院第二门诊部,北大口腔医院第二门诊部,公立/综合医院,未知
北京市,北京市,朝阳区,朝阳区十八里店地区小武基社区卫生服务站,朝阳区十八里店地区小武基社区卫生服务站,其他/其他,未知
北京市,北京市,朝阳区,朝阳区农光里社区卫生服务站,朝阳区农光里社区卫生服务站,其他/其他,未知
北京市,北京市,朝阳区,朝阳区香河园街道西坝河中里社区卫生服务站,朝阳区香河园街道西坝河中里社区卫生服务站,其他/其他,未知
北京市,北京市,朝阳区,朝阳区三里屯街道中纺里社区卫生服务站,朝阳区三里屯街道中纺里社区卫生服务站,其他/其他,未知
北京市,北京市,朝阳区,朝阳区望京街道花家地社区卫生服务站,朝阳区望京街道花家地社区卫生服务站,其他/其他,未知
北京市,北京市,朝阳区,高碑店社区卫生服务中心,高碑店社区卫生服务中心,其他/其他,未知
北京市,北京市,朝阳区,北京市朝阳区常营地区民族家园社区卫生服务站,北京市朝阳区常营地区民族家园社区卫生服务站,其他/其他,未知
北京市,北京市,朝阳区,朝阳区垡头街道垡头东里社区卫生服务站,朝阳区垡头街道垡头东里社区卫生服务站,其他/其他,未知
北京市,北京市,朝阳区,武圣东里社区卫生服务站,武圣东里社区卫生服务站,其他/其他,未知
北京市,北京市,朝阳区,朝阳区平房地区雅成一里社区卫生服务站,朝阳区平房地区雅成一里社区卫生服务站,其他/其他,未知
北京市,北京市,朝阳区,小关街道惠新苑社区卫生服务站,小关街道惠新苑社区卫生服务站,其他/其他,未知
北京市,北京市,朝阳区,朝阳区和平街街道十四区社区卫生服务站,朝阳区和平街街道十四区社区卫生服务站,其他/其他,未知
北京市,北京市,朝阳区,朝阳区和平街街道胜古庄社区卫生服务站,朝阳区和平街街道胜古庄社区卫生服务站,其他/其他,未知
北京市,北京市,朝阳区,朝阳区亚运村街道安苑北里社区卫生服务站,朝阳区亚运村街道安苑北里社区卫生服务站,其他/其他,未知
北京市,北京市,朝阳区,朝阳区双井街道垂杨柳中区社区卫生服务站,朝阳区双井街道垂杨柳中区社区卫生服务站,其他/其他,未知
北京市,北京市,朝阳区,小红门社区卫生服务中心,小红门社区卫生服务中心,其他/未知,未知
北京市,北京市,朝阳区,朝阳区三间房地区三间房南里社区卫生服务站,朝阳区三间房地区三间房南里社区卫生服务站,其他/其他,未知
北京市,北京市,朝阳区,北京市朝阳区金盏地区沙窝社区卫生服务站,北京市朝阳区金盏地区沙窝社区卫生服务站,其他/其他,未知
北京市,北京市,朝阳区,朝阳区来广营地区立城苑社区卫生服务站,朝阳区来广营地区立城苑社区卫生服务站,其他/其他,未知
北京市,北京市,朝阳区,朝阳区麦子店街道枣营北里社区卫生服务站,朝阳区麦子店街道枣营北里社区卫生服务站,其他/其他,未知
北京市,北京市,朝阳区,北京市朝阳区东风街道石佛营西里社区卫生服务站,北京市朝阳区东风街道石佛营西里社区卫生服务站,其他/其他,未知
北京市,北京市,朝阳区,望京西园四区社区卫生服务站,望京西园四区社区卫生服务站,其他/其他,未知
北京市,北京市,朝阳区,北京相国泽仁科贸西诺口腔医院,北京西诺口腔医院,其他/专科医院,民营医院
北京市,北京市,朝阳区,北京华大中医医院,北京华大中医院,其他/专科医院,未评级
北京市,北京市,朝阳区,北京黎明医院,北京黎明医院,公立/综合医院,一级甲等
北京市,北京市,朝阳区,北京美迪胎记医学研究院,北京美迪医院胎记科,其他/专科医院,未评级
北京市,北京市,朝阳区,北京科瓦嘉铭口腔门诊部,科瓦齿科嘉铭门诊,民营/专科医院,民营医院
北京市,北京市,朝阳区,北京蓝海中医院,北京蓝海中医医院,合资/专科医院,未知
北京市,北京市,朝阳区,北京科瓦齿科嘉铭中心门诊店,北京科瓦齿科,民营/专科医院,未评级
北京市,北京市,朝阳区,嘉和口腔,嘉和口腔连锁,民营/门诊,民营医院
北京市,北京市,朝阳区,北京济民中医院,北京济民中医院,民营/综合医院,未知
北京市,北京市,朝阳区,北京世纪村门诊部,北京世纪村门诊部,公立/综合医院,一级乙等
北京市,北京市,朝阳区,东风社区卫生服务中心,东风社区卫生服务中心,其他/其他,未知
北京市,北京市,朝阳区,北京市朝阳区华纺易城社区卫生服务站,北京市朝阳区华纺易城社区卫生服务站,其他/其他,未知
北京市,北京市,朝阳区,朝阳区太阳宫地区牛王庙社区卫生服务站,朝阳区太阳宫地区牛王庙社区卫生服务站,公立/综合医院,未知
北京市,北京市,朝阳区,朝阳区望京街道南湖渠西里社区卫生服务站,朝阳区望京街道南湖渠西里社区卫生服务站,其他/其他,未知
北京市,北京市,朝阳区,朝阳区朝外街道雅宝路社区卫生服务站,朝阳区朝外街道雅宝路社区卫生服务站,其他/其他,未知
北京市,北京市,朝阳区,朝阳区劲松街道劲松一区社区卫生服务站,朝阳区劲松街道劲松一区社区卫生服务站,其他/其他,未知
北京市,北京市,朝阳区,豆各庄社区卫生服务中心,豆各庄社区卫生服务中心,公立/其他,未知
北京市,北京市,朝阳区,平房社区卫生服务中心,平房社区卫生服务中心,其他/其他,未知
北京市,北京市,朝阳区,团结湖社区卫生服务中心,团结湖社区卫生服务中心,其他/其他,未知
北京市,北京市,朝阳区,朝阳区东坝地区西北门社区卫生服务站,朝阳区东坝地区西北门社区卫生服务站,其他/其他,未知
北京市,北京市,朝阳区,十里河社区卫生服务站,十里河社区卫生服务站,其他/其他,未知
北京市,北京市,朝阳区,朝阳区将台地区将府家园社区卫生服务站,朝阳区将台地区将府家园社区卫生服务站,其他/其他,未知
北京市,北京市,朝阳区,朝阳区左家庄街道静安东里社区卫生服务站,朝阳区左家庄街道静安东里社区卫生服务站,公立/其他,未知
北京市,北京市,朝阳区,朝阳区将台地区芳园里社区卫生服务站,朝阳区将台地区芳园里社区卫生服务站,其他/其他,未知
北京市,北京市,朝阳区,香河园社区卫生服务中心,香河园社区卫生服务中心,其他/其他,未知
北京市,北京市,朝阳区,朝阳区三间房地区天泰苑社区卫生服务站,朝阳区三间房地区天泰苑社区卫生服务站,其他/其他,未知
北京市,北京市,朝阳区,朝阳区平房地区亮马厂社区卫生服务站,朝阳区平房地区亮马厂社区卫生服务站,其他/其他,未知
北京市,北京市,朝阳区,朝阳区豆各庄地区绿丰家园社区卫生服务站,朝阳区豆各庄地区绿丰家园社区卫生服务站,公立/其他,未知
北京市,北京市,朝阳区,南郎家园社区卫生服务站,南郎家园社区卫生服务站,其他/其他,未知
北京市,北京市,朝阳区,北京长阳镇朱岗子社区卫生服务站,北京长阳镇朱岗子社区卫生服务站,其他/其他,未知
北京市,北京市,朝阳区,北京万东社区卫生服务站,北京万东社区卫生服务站,其他/其他,未知
北京市,北京市,朝阳区,北京华府妇儿医院,华府妇儿医院,其他/专科医院,未评级
北京市,北京市,朝阳区,北京天使儿童医院,北京儿童医院,合资/专科医院,未评级
北京市,北京市,朝阳区,朝阳区潘家园街道磨房南里社区卫生服务站,朝阳区潘家园街道磨房南里社区卫生服务站,其他/其他,未知
北京市,北京市,朝阳区,北京市朝阳区潘家园街道华威北里社区卫生服务站,北京市朝阳区潘家园街道华威北里社区卫生服务站,其他/其他,未知
北京市,北京市,朝阳区,北京市朝阳区金盏地区小店社区卫生服务站,北京市朝阳区金盏地区小店社区卫生服务站,其他/其他,未知
北京市,北京市,朝阳区,北京市朝阳区金盏地区东村社区卫生服务站,北京市朝阳区金盏地区东村社区卫生服务站,其他/其他,未知
北京市,北京市,朝阳区,朝阳区潘家园街道松榆西里社区卫生服务站,朝阳区潘家园街道松榆西里社区卫生服务站,其他/其他,未知
北京市,北京市,朝阳区,北京市朝阳区潘家园街道松楡东里社区卫生服务站,北京市朝阳区潘家园街道松楡东里社区卫生服务站,其他/其他,未知
北京市,北京市,朝阳区,潘家园社区卫生服务中心,潘家园社区卫生服务中心,其他/其他,未知
北京市,北京市,朝阳区,双井社区卫生服务中心,双井社区卫生服务中心,其他/其他,未知
北京市,北京市,朝阳区,南磨房社区卫生服务中心,南磨房社区卫生服务中心,其他/其他,未知
北京市,北京市,朝阳区,吕家营社区卫生服务站,吕家营社区卫生服务站,其他/其他,未知
北京市,北京市,朝阳区,朝阳区十八里店地区老君堂社区卫生服务站,朝阳区十八里店地区老君堂社区卫生服务站,其他/其他,未知
北京市,北京市,朝阳区,朝阳区十八里店地区横街子社区卫生服务站,朝阳区十八里店地区横街子社区卫生服务站,其他/其他,未知
北京市,北京市,朝阳区,十八里店社区卫生服务中心,十八里店社区卫生服务中心,其他/其他,未知
北京市,北京市,朝阳区,朝阳区王四营地区观音堂社区卫生服务站,朝阳区王四营地区观音堂社区卫生服务站,其他/其他,未知
北京市,北京市,朝阳区,劲松社区卫生服务中心,劲松社区卫生服务中心,其他/其他,未知
北京市,北京市,朝阳区,朝阳区大屯街道嘉铭园社区卫生服务站,朝阳区大屯街道嘉铭园社区卫生服务站,其他/其他,未知
北京市,北京市,朝阳区,朝阳区大屯街道慧忠里社区卫生服务站,朝阳区大屯街道慧忠里社区卫生服务站,其他/其他,未知
北京市,北京市,朝阳区,朝阳区大屯街道慧忠北里卫生站,朝阳区大屯街道慧忠北里卫生站,其他/其他,未知
北京市,北京市,朝阳区,小关街道惠新北里社区卫生服务站,小关街道惠新北里社区卫生服务站,其他/其他,未知
北京市,北京市,朝阳区,小关社区卫生服务中心,小关社区卫生服务中心,其他/其他,未知
北京市,北京市,朝阳区,朝阳区和平街街道樱花园社区卫生服务站,朝阳区和平街街道樱花园社区卫生服务站,其他/其他,未知
北京市,北京市,朝阳区,朝阳区安贞街道安贞西里社区卫生服务站,朝阳区安贞街道安贞西里社区卫生服务站,其他/其他,未知
北京市,北京市,朝阳区,朝阳区安贞街道安华西里社区卫生服务站,朝阳区安贞街道安华西里社区卫生服务站,其他/其他,未知
北京市,北京市,朝阳区,朝阳区安贞街道安华里社区卫生服务站,朝阳区安贞街道安华里社区卫生服务站,其他/其他,未知
北京市,北京市,朝阳区,朝阳区将台地区驼房营社区卫生服务站,朝阳区将台地区驼房营社区卫生服务站,其他/其他,未知
北京市,北京市,朝阳区,朝阳区和平街街道砖角楼社区卫生服务站,朝阳区和平街街道砖角楼社区卫生服务站,其他/其他,未知
北京市,北京市,朝阳区,朝阳区和平街街道小黄庄社区卫生服务站,朝阳区和平街街道小黄庄社区卫生服务站,其他/其他,未知
北京市,北京市,朝阳区,朝阳区亚运村街道北辰社区卫生服务站,朝阳区亚运村街道北辰社区卫生服务站,公立/综合医院,未知
北京市,北京市,朝阳区,朝阳区亚运村街道祁家豁子社区卫生服务站,朝阳区亚运村街道祁家豁子社区卫生服务站,其他/其他,未知
北京市,北京市,朝阳区,亚运村社区卫生服务中心,亚运村社区卫生服务中心,其他/其他,未知
北京市,北京市,朝阳区,定福庄西街社区卫生服务站,定福庄西街社区卫生服务站,其他/其他,未知
北京市,北京市,朝阳区,十八里店社区卫生服务站,十八里店社区卫生服务站,其他/其他,未知
北京市,北京市,朝阳区,核桃园北里社区卫生服务站,核桃园北里社区卫生服务站,其他/其他,未知
北京市,北京市,朝阳区,花家地西里社区卫生服务站,花家地西里社区卫生服务站,其他/其他,未知
北京市,北京市,朝阳区,芍药居南里社区卫生服务站,芍药居南里社区卫生服务站,其他/其他,未知
北京市,北京市,朝阳区,朝阳区来广营地区青年城社区卫生服务站,朝阳区来广营地区青年城社区卫生服务站,其他/其他,未知
北京市,北京市,朝阳区,朝阳区亚运村街道华严北里社区卫生服务站,朝阳区亚运村街道华严北里社区卫生服务站,其他/其他,未知
北京市,北京市,朝阳区,大屯社区卫生服务中心,大屯社区卫生服务中心,其他/其他,未知
北京市,北京市,朝阳区,朝阳区孙河地区沙子营社区卫生服务站,朝阳区孙河地区沙子营社区卫生服务站,其他/其他,未知
北京市,北京市,朝阳区,朝阳区十八里店地区西直河社区卫生服务站,朝阳区十八里店地区西直河社区卫生服务站,其他/其他,未知
北京市,北京市,朝阳区,朝阳区六里屯街道十里堡北里社区卫生服务站,朝阳区六里屯街道十里堡北里社区卫生服务站,其他/其他,未知
北京市,北京市,朝阳区,北京市朝阳区金盏地区雷庄社区卫生服务站,北京市朝阳区金盏地区雷庄社区卫生服务站,其他/其他,未知
北京市,北京市,朝阳区,北京瑞程医院管理有限公司瑞尔口腔医院,北京瑞程医院管理有限公司瑞尔口腔医院,民营/专科医院,未知
北京市,北京市,朝阳区,北京麦瑞骨科医院,北京麦瑞骨科医院,民营/专科医院,未评级
北京市,北京市,朝阳区,北京藏医院,北京民族医院,公立/综合医院,一级甲等
北京市,北京市,朝阳区,北京凤凰妇科医院,北京凤凰医院,合资/专科医院,未评级
北京市,北京市,朝阳区,北京瑞丽妇科医院,北京瑞丽妇科医院,民营/专科医院,民营医院
北京市,北京市,朝阳区,北京五方桥中医肾病医院,北京五方中医肾病医院,其他/专科医院,未知
北京市,北京市,朝阳区,北京东区儿童医院,儿童医院集团东区儿童医院,合资/专科医院,未评级
北京市,北京市,朝阳区,北京龙泽日盛整形美容诊所,北京龙泽日盛整形美容医院,民营/专科医院,未评级
北京市,北京市,朝阳区,北京谐和美医疗,北京谐和美,民营/专科医院,民营医院
北京市,北京市,朝阳区,朝阳区北亚医院,朝阳区北亚医院,公立/综合医院,未知
北京市,北京市,朝阳区,朝阳区东华医院,朝阳区东华医院,公立/综合医院,未知
北京市,北京市,朝阳区,朝阳区红庙医院,朝阳区红庙医院,公立/综合医院,未知
北京市,北京市,朝阳区,朝阳区红十字会医院,朝阳区红十字会医院,公立/综合医院,未知
北京市,北京市,朝阳区,首都医科大学附属北京妇产医院,北京妇产医院,公立/综合医院,三级甲等　　
北京市,北京市,朝阳区,北京海文妇科医院,北京海文妇科医院,公立/综合医院,一级甲等
北京市,北京市,朝阳区,北京基恩医院,北京基恩医院,民营/综合医院,一级甲等
北京市,北京市,朝阳区,北京方舟白癜风牛皮癣医学研究院,北京方舟白癜风牛皮癣医学研究院,个体户/专科医院,未知
北京市,北京市,朝阳区,北京北亚医院,北京北亚医院,公立/综合医院,未知
