﻿省,市,区,全名,别名,性质,等级
北京市,北京市,房山区,北京石园社区卫生服务站,北京石园社区卫生服务站,其他/其他,未知
北京市,北京市,房山区,北京河南村社区卫生服务站,北京河南村社区卫生服务站,其他/其他,未知
北京市,北京市,房山区,北京下西市社区卫生服务站,北京下西市社区卫生服务站,其他/其他,未知
北京市,北京市,房山区,北京窦店镇望楚社区卫生服务站,北京窦店镇望楚社区卫生服务站,其他/其他,未知
北京市,北京市,房山区,北京青龙湖镇北车营社区卫生服务站,北京青龙湖镇北车营社区卫生服务站,其他/其他,未知
北京市,北京市,房山区,北京琉璃河镇李庄社区卫生服务站,北京琉璃河镇李庄社区卫生服务站,其他/其他,未知
北京市,北京市,房山区,北京窦店镇袁庄社区卫生服务站,北京窦店镇袁庄社区卫生服务站,其他/其他,未知
北京市,北京市,房山区,北京良乡镇社区卫生服务中心,北京良乡镇社区卫生服务中心,其他/其他,未知
北京市,北京市,房山区,北京石楼镇坨头社区卫生服务站,北京石楼镇坨头社区卫生服务站,其他/其他,未知
北京市,北京市,房山区,北京阎村社区卫生服务中心,北京阎村社区卫生服务中心,其他/其他,未知
北京市,北京市,房山区,北京燕山栗园社区卫生服务站,北京燕山栗园社区卫生服务站,其他/其他,未知
北京市,北京市,房山区,北京大安山社区卫生服务中心,北京大安山社区卫生服务中心,其他/其他,未知
北京市,北京市,房山区,北京城关街道社区卫生服务中心,北京城关街道社区卫生服务中心,其他/综合医院,未知
北京市,北京市,房山区,北京房山区新镇原新中路社区卫生服务站,北京房山区新镇原新中路社区卫生服务站,其他/其他,未知
北京市,北京市,房山区,北京石楼镇南庄社区卫生服务站,北京石楼镇南庄社区卫生服务站,其他/其他,未知
北京市,北京市,房山区,北京韩村河镇西小区社区卫生服务站,北京韩村河镇西小区社区卫生服务站,其他/其他,未知
北京市,北京市,房山区,北京周口店镇周口店社区卫生服务站,北京周口店镇周口店社区卫生服务站,其他/其他,未知
北京市,北京市,房山区,北京周口店镇周口村社区卫生服务站,北京周口店镇周口村社区卫生服务站,其他/其他,未知
北京市,北京市,房山区,北京大石窝镇辛庄社区卫生服务站,北京大石窝镇辛庄社区卫生服务站,其他/其他,未知
北京市,北京市,房山区,北京大石窝镇广润庄社区卫生服务站,北京大石窝镇广润庄社区卫生服务站,其他/其他,未知
北京市,北京市,房山区,北京燕化东风社区卫生服务中心,北京燕化东风社区卫生服务中心,其他/其他,未知
北京市,北京市,房山区,北京长沟镇西甘池社区卫生服务站,北京长沟镇西甘池社区卫生服务站,其他/其他,未知
北京市,北京市,房山区,北京燕山星城建德社区卫生服务站,北京燕山星城建德社区卫生服务站,其他/其他,未知
北京市,北京市,房山区,北京石楼社区卫生服务中心,北京石楼社区卫生服务中心,其他/其他,未知
北京市,北京市,房山区,北京南窖乡水峪社区卫生服务站,北京南窖乡水峪社区卫生服务站,其他/其他,未知
北京市,北京市,房山区,北京南窖乡南上岗社区卫生服务站,北京南窖乡南上岗社区卫生服务站,其他/其他,未知
北京市,北京市,房山区,北京窦店镇大高舍社区卫生服务站,北京窦店镇大高舍社区卫生服务站,其他/其他,未知
北京市,北京市,房山区,北京燕山星城健德三里社区卫生服务站,北京燕山星城健德三里社区卫生服务站,其他/其他,未知
北京市,北京市,房山区,北京阎村镇肖庄社区卫生服务站,北京阎村镇肖庄社区卫生服务站,公立/综合医院,未知
北京市,北京市,房山区,北京阎村镇后十三社区卫生服务站,北京阎村镇后十三社区卫生服务站,其他/其他,未知
北京市,北京市,房山区,北京青龙湖镇大苑村社区卫生服务站,北京青龙湖镇大苑村社区卫生服务站,其他/其他,未知
北京市,北京市,房山区,北京十渡镇西石门社区卫生服务站,北京十渡镇西石门社区卫生服务站,其他/其他,未知
北京市,北京市,房山区,北京长沟镇坟庄社区卫生服务站,北京长沟镇坟庄社区卫生服务站,其他/其他,未知
北京市,北京市,房山区,北京史家营社区卫生服务中心,北京史家营社区卫生服务中心,其他/其他,未知
北京市,北京市,房山区,北京阎村镇焦庄社区卫生服务站,北京阎村镇焦庄社区卫生服务站,其他/其他,未知
北京市,北京市,房山区,北京周口店镇娄子水社区卫生服务站,北京周口店镇娄子水社区卫生服务站,其他/其他,未知
北京市,北京市,房山区,北京周口店镇良各庄社区卫生服务站,北京周口店镇良各庄社区卫生服务站,其他/其他,未知
北京市,北京市,房山区,北京周口店镇大韩继社区卫生服务站,北京周口店镇大韩继社区卫生服务站,其他/其他,未知
北京市,北京市,房山区,北京张坊镇千河口社区卫生服务站,北京张坊镇千河口社区卫生服务站,其他/其他,未知
北京市,北京市,房山区,北京阎村镇张庄社区卫生服务站,北京阎村镇张庄社区卫生服务站,其他/其他,未知
北京市,北京市,房山区,北京阎村镇炒米店社区卫生服务站,北京阎村镇炒米店社区卫生服务站,其他/其他,未知
北京市,北京市,房山区,北京石楼镇夏村社区卫生服务站,北京石楼镇夏村社区卫生服务站,其他/其他,未知
北京市,北京市,房山区,北京城关中心辛庄社区卫生服务站,北京城关中心辛庄社区卫生服务站,其他/其他,未知
北京市,北京市,房山区,北京张坊镇广录庄社区卫生服务站,北京张坊镇广录庄社区卫生服务站,其他/其他,未知
北京市,北京市,房山区,北京张坊镇北白岱社区卫生服务站,北京张坊镇北白岱社区卫生服务站,其他/其他,未知
北京市,北京市,房山区,北京河北镇黄土坡社区卫生服务站,北京河北镇黄土坡社区卫生服务站,其他/其他,未知
北京市,北京市,房山区,北京阎村镇大十三社区卫生服务站,北京阎村镇大十三社区卫生服务站,其他/其他,未知
北京市,北京市,房山区,北京霞云岭乡堂上社区卫生服务站,北京霞云岭乡堂上社区卫生服务站,其他/其他,未知
北京市,北京市,房山区,北京琉璃河镇鲍庄社区卫生服务站,北京琉璃河镇鲍庄社区卫生服务站,其他/其他,未知
北京市,北京市,房山区,北京韩村河镇西南章社区卫生服务站,北京韩村河镇西南章社区卫生服务站,其他/其他,未知
北京市,北京市,房山区,北京燕山地区东风社区卫生服务站,北京燕山地区东风社区卫生服务站,外资/其他,未知
北京市,北京市,房山区,北京燕山地区星城社区卫生服务站,北京燕山地区星城社区卫生服务站,其他/其他,未知
北京市,北京市,房山区,北京燕山地区羊耳峪北里社区卫生服务站,北京燕山地区羊耳峪北里社区卫生服务站,其他/其他,未知
北京市,北京市,房山区,北京窦店镇于庄社区卫生服务站,北京窦店镇于庄社区卫生服务站,其他/其他,未知
北京市,北京市,房山区,北京燕山东岭社区卫生服务站,北京燕山东岭社区卫生服务站,其他/其他,未知
北京市,北京市,房山区,北京周口店镇南韩继社区卫生服务站,北京周口店镇南韩继社区卫生服务站,其他/其他,未知
北京市,北京市,房山区,北京周口店镇黄山店社区卫生服务站,北京周口店镇黄山店社区卫生服务站,其他/其他,未知
北京市,北京市,房山区,北京良乡地区鸿顺园社区卫生服务站,北京良乡地区鸿顺园社区卫生服务站,其他/其他,未知
北京市,北京市,房山区,北京大石窝社区卫生服务中心,北京大石窝社区卫生服务中心,其他/其他,未知
北京市,北京市,房山区,北京琉璃河镇兴礼社区卫生服务站,北京琉璃河镇兴礼社区卫生服务站,其他/其他,未知
北京市,北京市,房山区,北京张坊社区卫生服务中心,北京张坊社区卫生服务中心,其他/其他,未知
北京市,北京市,房山区,北京霞云岭社区卫生服务中心,北京霞云岭社区卫生服务中心,其他/其他,未知
北京市,北京市,房山区,北京琉璃河镇三街社区卫生服务站,北京琉璃河镇三街社区卫生服务站,其他/其他,未知
北京市,北京市,房山区,北京琉璃河社区卫生服务中心,北京琉璃河社区卫生服务中心,其他/其他,未知
北京市,北京市,房山区,北京阎村镇大董村社区卫生服务站,北京阎村镇大董村社区卫生服务站,其他/其他,未知
北京市,北京市,房山区,北京良乡地区北潞园社区卫生服务站,北京良乡地区北潞园社区卫生服务站,其他/其他,未知
北京市,北京市,房山区,北京周口店社区卫生服务中心,北京周口店社区卫生服务中心,其他/其他,未知
北京市,北京市,房山区,北京燕山地区杏花社区卫生服务站,北京燕山地区杏花社区卫生服务站,其他/其他,未知
北京市,北京市,房山区,北京燕山地区社区卫生服务中心,北京燕山地区社区卫生服务中心,其他/其他,未知
北京市,北京市,房山区,北京周口店镇新街社区卫生服务站,北京周口店镇新街社区卫生服务站,其他/其他,未知
北京市,北京市,房山区,北京周口店镇山口社区卫生服务站,北京周口店镇山口社区卫生服务站,其他/其他,未知
北京市,北京市,房山区,北京窦店社区卫生服务中心,北京窦店社区卫生服务中心,其他/其他,未知
北京市,北京市,房山区,北京城关中心田各庄社区卫生服务站,北京城关中心田各庄社区卫生服务站,其他/其他,未知
北京市,北京市,房山区,北京良乡地区梨村社区卫生服务站,北京良乡地区梨村社区卫生服务站,其他/其他,未知
北京市,北京市,房山区,北京良乡地区长虹社区卫生服务站,北京良乡地区长虹社区卫生服务站,其他/其他,未知
北京市,北京市,房山区,北京电业社区卫生服务站,北京电业社区卫生服务站,其他/其他,未知
北京市,北京市,房山区,北京韩村河镇西营社区卫生服务站,北京韩村河镇西营社区卫生服务站,其他/其他,未知
北京市,北京市,房山区,北京良乡地区隆曦园社区卫生服务站,北京良乡地区隆曦园社区卫生服务站,其他/其他,未知
北京市,北京市,房山区,北京良乡地区行宫园社区卫生服务站,北京良乡地区行宫园社区卫生服务站,其他/其他,未知
北京市,北京市,房山区,北京窦店镇天地新城社区卫生服务站,北京窦店镇天地新城社区卫生服务站,其他/其他,未知
北京市,北京市,房山区,北京窦店镇交道社区卫生服务站,北京窦店镇交道社区卫生服务站,其他/其他,未知
北京市,北京市,房山区,北京大石窝镇惠南庄社区卫生服务站,北京大石窝镇惠南庄社区卫生服务站,其他/其他,未知
北京市,北京市,房山区,北京河北镇杏园社区卫生服务站,北京河北镇杏园社区卫生服务站,其他/其他,未知
北京市,北京市,房山区,北京琉璃河镇南召社区卫生服务站,北京琉璃河镇南召社区卫生服务站,其他/其他,未知
北京市,北京市,房山区,北京琉璃河镇官庄社区卫生服务站,北京琉璃河镇官庄社区卫生服务站,其他/其他,未知
北京市,北京市,房山区,北京窦店镇下坡店社区卫生服务站,北京窦店镇下坡店社区卫生服务站,其他/其他,未知
北京市,北京市,房山区,北京窦店镇瓦窑头社区卫生服务站,北京窦店镇瓦窑头社区卫生服务站,其他/其他,未知
北京市,北京市,房山区,北京河北镇万佛堂社区卫生服务站,北京河北镇万佛堂社区卫生服务站,其他/其他,未知
北京市,北京市,房山区,北京佛子庄乡北窖社区卫生服务站,北京佛子庄乡北窖社区卫生服务站,其他/其他,未知
北京市,北京市,房山区,北京韩村河镇七贤社区卫生服务站,北京韩村河镇七贤社区卫生服务站,其他/其他,未知
北京市,北京市,房山区,北京韩村河镇曹章社区卫生服务站,北京韩村河镇曹章社区卫生服务站,其他/其他,未知
北京市,北京市,房山区,北京窦店镇七里店社区卫生服务站,北京窦店镇七里店社区卫生服务站,其他/其他,未知
北京市,北京市,房山区,北京南窖乡中窖社区卫生服务站,北京南窖乡中窖社区卫生服务站,其他/其他,未知
北京市,北京市,房山区,北京河北社区卫生服务中心,北京河北社区卫生服务中心,其他/其他,未知
北京市,北京市,房山区,北京史家营乡金鸡台社区卫生服务站,北京史家营乡金鸡台社区卫生服务站,其他/其他,未知
北京市,北京市,房山区,北京史家营乡莲花庵社区卫生服务站,北京史家营乡莲花庵社区卫生服务站,其他/其他,未知
北京市,北京市,房山区,北京窦店镇芦村社区卫生服务站,北京窦店镇芦村社区卫生服务站,其他/其他,未知
北京市,北京市,房山区,北京佛子庄乡长操社区卫生服务站,北京佛子庄乡长操社区卫生服务站,其他/其他,未知
北京市,北京市,房山区,北京长阳镇公议庄社区卫生服务站,北京长阳镇公议庄社区卫生服务站,其他/其他,未知
北京市,北京市,房山区,北京大石窝镇半壁店社区卫生服务站,北京大石窝镇半壁店社区卫生服务站,其他/其他,未知
北京市,北京市,房山区,北京大石窝镇石窝社区卫生服务站,北京大石窝镇石窝社区卫生服务站,其他/其他,未知
北京市,北京市,房山区,北京窦店镇兴隆庄社区卫生服务站,北京窦店镇兴隆庄社区卫生服务站,其他/其他,未知
北京市,北京市,房山区,北京石楼镇二站社区卫生服务站,北京石楼镇二站社区卫生服务站,其他/其他,未知
北京市,北京市,房山区,北京城关中心羊头岗社区卫生服务站,北京城关中心羊头岗社区卫生服务站,其他/其他,未知
北京市,北京市,房山区,北京良乡地区社区卫生服务中心,北京良乡地区社区卫生服务中心,其他/其他,未知
北京市,北京市,房山区,北京良乡地区夏庄社区卫生服务站,北京良乡地区夏庄社区卫生服务站,其他/其他,未知
北京市,北京市,房山区,北京良乡地区太平庄社区卫生服务站,北京良乡地区太平庄社区卫生服务站,其他/其他,未知
北京市,北京市,房山区,北京石楼镇石楼社区卫生服务站,北京石楼镇石楼社区卫生服务站,其他/其他,未知
北京市,北京市,房山区,北京琉璃河镇东吕社区卫生服务站,北京琉璃河镇东吕社区卫生服务站,其他/其他,未知
北京市,北京市,房山区,北京琉璃河镇立教社区卫生服务站,北京琉璃河镇立教社区卫生服务站,其他/其他,未知
北京市,北京市,房山区,北京琉璃河镇祖村社区卫生服务站,北京琉璃河镇祖村社区卫生服务站,其他/其他,未知
北京市,北京市,房山区,北京琉璃河镇平各庄社区卫生服务站,北京琉璃河镇平各庄社区卫生服务站,其他/其他,未知
北京市,北京市,房山区,北京韩村河镇五侯社区卫生服务站,北京韩村河镇五侯社区卫生服务站,其他/其他,未知
北京市,北京市,房山区,北京韩村河镇东南章社区卫生服务站,北京韩村河镇东南章社区卫生服务站,其他/其他,未知
北京市,北京市,房山区,北京霞云岭乡龙门台社区卫生服务站,北京霞云岭乡龙门台社区卫生服务站,其他/其他,未知
北京市,北京市,房山区,北京长沟镇双磨社区卫生服务站,北京长沟镇双磨社区卫生服务站,其他/其他,未知
北京市,北京市,房山区,北京长沟社区卫生服务中心,北京长沟社区卫生服务中心,其他/其他,未知
北京市,北京市,房山区,北京大石窝镇南河社区卫生服务站,北京大石窝镇南河社区卫生服务站,其他/其他,未知
北京市,北京市,房山区,北京大石窝镇下滩社区卫生服务站,北京大石窝镇下滩社区卫生服务站,其他/其他,未知
北京市,北京市,房山区,北京河北镇磁家务社区卫生服务站,北京河北镇磁家务社区卫生服务站,其他/其他,未知
北京市,北京市,房山区,北京燕山向阳一里社区卫生服务站,北京燕山向阳一里社区卫生服务站,其他/其他,未知
北京市,北京市,房山区,北京佛子庄社区卫生服务中心,北京佛子庄社区卫生服务中心,其他/其他,未知
北京市,北京市,房山区,北京蒲洼社区卫生服务中心,北京蒲洼社区卫生服务中心,其他/其他,未知
北京市,北京市,房山区,北京城关中心丁家洼社区站,北京城关中心丁家洼社区站,其他/其他,未知
北京市,北京市,房山区,北京琉璃河镇万里社区卫生服务站,北京琉璃河镇万里社区卫生服务站,其他/其他,未知
北京市,北京市,房山区,北京佛子庄乡西班各庄社区卫生服务站,北京佛子庄乡西班各庄社区卫生服务站,其他/其他,未知
北京市,北京市,房山区,北京城关中心南关社区卫生服务站,北京城关中心南关社区卫生服务站,其他/其他,未知
北京市,北京市,房山区,北京周口店镇瓦井社区卫生服务站,北京周口店镇瓦井社区卫生服务站,其他/其他,未知
北京市,北京市,房山区,北京长沟镇北正社区卫生服务站,北京长沟镇北正社区卫生服务站,其他/其他,未知
北京市,北京市,房山区,北京长沟镇北良社区卫生服务站,北京长沟镇北良社区卫生服务站,其他/其他,未知
北京市,北京市,房山区,北京张坊镇东关上社区卫生服务站,北京张坊镇东关上社区卫生服务站,其他/其他,未知
北京市,北京市,房山区,长阳镇长龙苑社区卫生服务站,长阳镇长龙苑社区卫生服务站,其他/其他,未知
北京市,北京市,房山区,北京良乡镇后石羊社区卫生服务站,北京良乡镇后石羊社区卫生服务站,其他/其他,未知
北京市,北京市,房山区,北京佛子庄乡陈家台社区卫生服务站,北京佛子庄乡陈家台社区卫生服务站,其他/其他,未知
北京市,北京市,房山区,北京张坊镇西白岱社区卫生服务站,北京张坊镇西白岱社区卫生服务站,其他/其他,未知
北京市,北京市,房山区,北京张坊镇南白岱社区卫生服务站,北京张坊镇南白岱社区卫生服务站,其他/其他,未知
北京市,北京市,房山区,北京阎村镇开古庄社区卫生服务站,北京阎村镇开古庄社区卫生服务站,其他/其他,未知
北京市,北京市,房山区,北京石楼镇大次洛社区卫生服务站,北京石楼镇大次洛社区卫生服务站,其他/其他,未知
北京市,北京市,房山区,北京十渡镇平峪社区卫生服务站,北京十渡镇平峪社区卫生服务站,其他/其他,未知
北京市,北京市,房山区,北京十渡社区卫生服务中心,北京十渡社区卫生服务中心,其他/其他,未知
北京市,北京市,房山区,北京大安山乡宝地洼社区卫生服务站,北京大安山乡宝地洼社区卫生服务站,其他/其他,未知
北京市,北京市,房山区,北京霞云岭乡四马台社区卫生服务站,北京霞云岭乡四马台社区卫生服务站,其他/其他,未知
北京市,北京市,房山区,北京史家营乡史家营社区卫生服务站,北京史家营乡史家营社区卫生服务站,其他/其他,未知
北京市,北京市,房山区,北京史家营乡北涧社区卫生服务站,北京史家营乡北涧社区卫生服务站,其他/其他,未知
北京市,北京市,房山区,北京南窖乡北安社区卫生服务站,北京南窖乡北安社区卫生服务站,其他/其他,未知
北京市,北京市,房山区,北京南窖社区卫生服务中心,北京南窖社区卫生服务中心,其他/其他,未知
北京市,北京市,房山区,北京佛子庄乡佛子庄社区卫生服务站,北京佛子庄乡佛子庄社区卫生服务站,其他/其他,未知
北京市,北京市,房山区,北京城关中心北关社区卫生服务站,北京城关中心北关社区卫生服务站,其他/其他,未知
北京市,北京市,房山区,北京良乡地区固村社区卫生服务站,北京良乡地区固村社区卫生服务站,其他/其他,未知
北京市,北京市,房山区,北京良乡地区黄辛庄社区卫生服务站,北京良乡地区黄辛庄社区卫生服务站,其他/其他,未知
北京市,北京市,房山区,北京良乡地区伟业家园社区卫生服务站,北京良乡地区伟业家园社区卫生服务站,其他/其他,未知
北京市,北京市,房山区,北京良乡地区月华社区卫生服务站,北京良乡地区月华社区卫生服务站,其他/其他,未知
北京市,北京市,房山区,北京良乡地区昊天社区卫生服务站,北京良乡地区昊天社区卫生服务站,其他/其他,未知
北京市,北京市,房山区,北京良乡地区西潞园社区卫生服务站,北京良乡地区西潞园社区卫生服务站,其他/其他,未知
北京市,北京市,房山区,北京房山城关万宁社区卫生服务站,北京房山城关万宁社区卫生服务站,其他/其他,未知
北京市,北京市,房山区,北京房山城关北里社区卫生服务站,北京房山城关北里社区卫生服务站,其他/其他,未知
北京市,北京市,房山区,北京石楼镇吉羊社区卫生服务站,北京石楼镇吉羊社区卫生服务站,其他/其他,未知
北京市,北京市,房山区,北京房山城关农林路社区卫生服务站,北京房山城关农林路社区卫生服务站,其他/其他,未知
北京市,北京市,房山区,北京房山城关永安西里社区卫生服务站,北京房山城关永安西里社区卫生服务站,其他/其他,未知
北京市,北京市,房山区,北京燕山迎风街道宏塔社区卫生服务站,北京燕山迎风街道宏塔社区卫生服务站,其他/其他,未知
北京市,北京市,房山区,北京长阳镇高岭社区卫生服务站,北京长阳镇高岭社区卫生服务站,其他/其他,未知
北京市,北京市,房山区,北京城关中心饶乐府社区卫生服务站,北京城关中心饶乐府社区卫生服务站,其他/其他,未知
北京市,北京市,房山区,北京长阳镇阎仙垡社区卫生服务站,北京长阳镇阎仙垡社区卫生服务站,其他/其他,未知
北京市,北京市,房山区,北京长阳镇牛家场社区卫生服务站,北京长阳镇牛家场社区卫生服务站,其他/其他,未知
北京市,北京市,房山区,北京长阳镇碧桂园社区卫生服务站,北京长阳镇碧桂园社区卫生服务站,其他/其他,未知
北京市,北京市,房山区,北京阎村镇北坊社区卫生服务站,北京阎村镇北坊社区卫生服务站,其他/其他,未知
北京市,北京市,房山区,北京长阳镇碧波园社区卫生服务站,北京长阳镇碧波园社区卫生服务站,其他/其他,未知
北京市,北京市,房山区,北京河北镇南车营社区卫生服务站,北京河北镇南车营社区卫生服务站,其他/其他,未知
北京市,北京市,房山区,北京燕山地区向阳社区卫生服务站,北京燕山地区向阳社区卫生服务站,其他/其他,未知
北京市,北京市,房山区,北京城关中心东街社区卫生服务站,北京城关中心东街社区卫生服务站,其他/其他,未知
北京市,北京市,房山区,北京长沟峪医院向阳社区卫生服务站,北京长沟峪医院向阳社区卫生服务站,其他/其他,未知
北京市,北京市,房山区,北京长阳镇葫芦垡社区卫生服务站,北京长阳镇葫芦垡社区卫生服务站,其他/其他,未知
北京市,北京市,房山区,北京长阳镇黄管屯社区卫生服务站,北京长阳镇黄管屯社区卫生服务站,其他/其他,未知
北京市,北京市,房山区,北京阎村镇吴庄社区卫生服务站,北京阎村镇吴庄社区卫生服务站,其他/其他,未知
北京市,北京市,房山区,北京阎村镇大紫草坞社区卫生服务站,北京阎村镇大紫草坞社区卫生服务站,其他/其他,未知
北京市,北京市,房山区,北京河北镇檀木港社区卫生服务站,北京河北镇檀木港社区卫生服务站,其他/其他,未知
北京市,北京市,房山区,北京长阳社区卫生服务中心,北京长阳社区卫生服务中心,其他/其他,未知
北京市,北京市,房山区,北京窦店镇金鑫园社区卫生服务站,北京窦店镇金鑫园社区卫生服务站,其他/其他,未知
北京市,北京市,房山区,北京韩村河镇孤山口社区卫生服站,北京韩村河镇孤山口社区卫生服站,其他/其他,未知
北京市,北京市,房山区,北京韩村河镇下中院社区卫生服务站,北京韩村河镇下中院社区卫生服务站,其他/其他,未知
北京市,北京市,房山区,北京韩村河镇西周各庄社区卫生服务站,北京韩村河镇西周各庄社区卫生服务站,其他/其他,未知
北京市,北京市,房山区,北京韩村河镇尤家坟社区卫生服务站,北京韩村河镇尤家坟社区卫生服务站,其他/其他,未知
北京市,北京市,房山区,北京良乡镇南庄子社区卫生服务站,北京良乡镇南庄子社区卫生服务站,其他/其他,未知
北京市,北京市,房山区,北京韩村河镇上中院社区卫生服务站,北京韩村河镇上中院社区卫生服务站,其他/其他,未知
北京市,北京市,房山区,北京琉璃河镇北洛社区卫生服务站,北京琉璃河镇北洛社区卫生服务站,其他/其他,未知
北京市,北京市,房山区,北京琉璃河镇窑上社区卫生服务站,北京琉璃河镇窑上社区卫生服务站,其他/其他,未知
北京市,北京市,房山区,北京琉璃河镇南白社区卫生服务站,北京琉璃河镇南白社区卫生服务站,其他/其他,未知
北京市,北京市,房山区,北京琉璃河镇庄头社区卫生服务站,北京琉璃河镇庄头社区卫生服务站,其他/其他,未知
北京市,北京市,房山区,北京十渡镇六渡社区卫生服务站,北京十渡镇六渡社区卫生服务站,其他/其他,未知
北京市,北京市,房山区,北京十渡镇十渡社区卫生服务站,北京十渡镇十渡社区卫生服务站,其他/其他,未知
北京市,北京市,房山区,北京青龙湖镇焦各庄社区卫生服务站,北京青龙湖镇焦各庄社区卫生服务站,其他/其他,未知
北京市,北京市,房山区,北京青龙湖镇上万社区卫生服务站,北京青龙湖镇上万社区卫生服务站,其他/其他,未知
北京市,北京市,房山区,北京青龙湖镇小苑上社区卫生服务站,北京青龙湖镇小苑上社区卫生服务站,其他/其他,未知
北京市,北京市,房山区,北京青龙湖镇西石府社区卫生服务站,北京青龙湖镇西石府社区卫生服务站,其他/其他,未知
北京市,北京市,房山区,北京青龙湖镇果各庄社区卫生服务站,北京青龙湖镇果各庄社区卫生服务站,其他/其他,未知
北京市,北京市,房山区,北京青龙湖镇沙窝社区卫生服务站,北京青龙湖镇沙窝社区卫生服务站,其他/其他,未知
北京市,北京市,房山区,北京青龙湖镇南观社区卫生服务站,北京青龙湖镇南观社区卫生服务站,其他/其他,未知
北京市,北京市,房山区,北京青龙湖社区卫生服务中心,北京青龙湖社区卫生服务中心,其他/其他,未知
北京市,北京市,房山区,北京韩村河镇岳各庄社区卫生服务站,北京韩村河镇岳各庄社区卫生服务站,其他/其他,未评级
北京市,北京市,房山区,北京韩村河镇西东社区卫生服务站,北京韩村河镇西东社区卫生服务站,其他/其他,未知
北京市,北京市,房山区,北京韩村河镇潘庄社区卫生服务站,北京韩村河镇潘庄社区卫生服务站,其他/其他,未知
北京市,北京市,房山区,北京韩村河镇天开社区卫生服务站,北京韩村河镇天开社区卫生服务站,其他/其他,未知
北京市,北京市,房山区,北京韩村河社区卫生服务中心,北京韩村河社区卫生服务中心,其他/其他,未知
北京市,北京市,房山区,北京大石窝镇高庄社区卫生服务站,北京大石窝镇高庄社区卫生服务站,其他/其他,未知
北京市,北京市,房山区,北京大石窝镇南尚乐社区卫生服务站,北京大石窝镇南尚乐社区卫生服务站,其他/其他,未知
北京市,北京市,房山区,北京良乡镇黑古台社区卫生服务站,北京良乡镇黑古台社区卫生服务站,其他/其他,未知
北京市,北京市,房山区,北京良乡镇邢家坞社区卫生服务站,北京良乡镇邢家坞社区卫生服务站,其他/其他,未知
北京市,北京市,房山区,北京良乡镇小营社区卫生服务站,北京良乡镇小营社区卫生服务站,其他/其他,未知
北京市,北京市,房山区,北京窦店镇普安屯社区卫生服务站,北京窦店镇普安屯社区卫生服务站,其他/其他,未知
北京市,北京市,房山区,北京窦店镇苏村社区卫生服务站,北京窦店镇苏村社区卫生服务站,其他/其他,未知
北京市,北京市,房山区,北京琉璃河镇二街村社区卫生服务站,北京琉璃河镇二街村社区卫生服务站,其他/其他,未知
北京市,北京市,房山区,北京石楼梨园店社区卫生服务站,北京石楼梨园店社区卫生服务站,其他/其他,未知
北京市,北京市,房山区,北京市房山区结核病防治所,北京市房山区结核病防治所,公立/专科医院,未知
北京市,北京市,房山区,北京市房山区燕山妇幼保健院,北京市房山区燕山妇幼保健院,民营/综合医院,未知
北京市,北京市,房山区,北京市房山区卫生学校附属医院,北京市房山区卫生学校附属医院,民营/综合医院,一级乙等
北京市,北京市,房山区,北京市房山区老年病医院,北京市房山区老年病医院,公立/专科医院,一级乙等
北京市,北京市,房山区,北京市房山区燕山医院,北京市房山区燕山医院,公立/综合医院,一级甲等
北京市,北京市,房山区,北京市房山区精神卫生保健院,房山区精神卫生保健院,公立/专科医院,一级甲等
北京市,北京市,房山区,北京矿务局房山煤矿职工医院,北京京煤集团总医院万佛堂医院,公立/综合医院,一级甲等
北京市,北京市,房山区,中国铁道建筑总公司房山桥梁厂职工医院,中国铁道建筑总公司房山桥梁厂职工医院,公立/综合医院,一级甲等
北京市,北京市,房山区,北京煤矿机械厂职工医院,北京煤矿机械厂职工医院,公立/综合医院,一级甲等
北京市,北京市,房山区,北京市电力设备总厂职工医院,北京市电力设备总厂职工医院,合资/综合医院,一级甲等
北京市,北京市,房山区,北京房山区鹏园医院,北京房山区鹏园医院,民营/综合医院,一级甲等
北京市,北京市,房山区,北京市琉璃河水泥职工医院,北京市琉璃河水泥职工医院,外资/综合医院,一级甲等
北京市,北京市,房山区,中国核工业北京四O一医院,中国原子能科学研究院防护医疗所,公立/综合医院,二级甲等
北京市,北京市,房山区,北京房山区中医院,北京房山区中医院,公立/综合医院,三级甲等　　
北京市,北京市,房山区,北京市房山区第一医院,北京市房山区第一医院,公立/综合医院,二级甲等
北京市,北京市,房山区,北京矿务局长沟峪煤矿职工医院,北京矿务局长沟峪煤矿职工医院,公立/综合医院,未知
北京市,北京市,房山区,北京市房山区妇幼保健院,北京市房山区妇幼保健院,公立/综合医院,二级甲等
北京市,北京市,房山区,北京房山区良乡医院,北京市房山区良乡医院,公立/综合医院,未知
北京市,北京市,房山区,北京燕化医院,北京燕化医院,合资/综合医院,三级乙等
北京市,北京市,房山区,北京安康医院,北京安康医院,公立/专科医院,三级乙等
北京市,北京市,房山区,北京房山仁德医院,北京房山仁德医院,民营/综合医院,民营医院
北京市,北京市,房山区,北京市房山区中医医院,北京市房山区中医医院,公立/综合医院,三级甲等　　
北京市,北京市,房山区,中国核工业北京401医院,中国核工业北京四0一医院，四零一医院,公立/综合医院,二级甲等
北京市,北京市,房山区,中国科学院原子能研究所职工医院,中国科学院原子能研究所职工医院,公立/综合医院,未知
北京市,北京市,房山区,北京北亚骨科医院,北亚骨科医院,民营/专科医院,三级乙等
北京市,北京市,房山区,北京同济东方医院,同济东方医院,个体户/综合医院,未知
北京市,北京市,房山区,北京同济门诊部,北京同济门诊部,个体户/综合医院,未知
北京市,北京市,房山区,驻京部队医院,驻京部队医院,公立/综合医院,三级甲等　　
北京市,北京市,房山区,北京矿务局大安山煤矿职工医院,北京矿务局大安山煤矿职工医院,公立/综合医院,未知
