﻿省,市,区,全名,别名,性质,等级
北京市,北京市,平谷区,北京延庆县延庆镇中屯村卫生室,北京延庆县延庆镇中屯村卫生室,其他/其他,未知
北京市,北京市,平谷区,北京延庆县刘斌堡乡营盘村卫生室,北京延庆县刘斌堡乡营盘村卫生室,其他/其他,未知
北京市,北京市,平谷区,北京市平谷区山东庄镇北屯社区卫生服务站,北京市平谷区山东庄镇北屯社区卫生服务站,其他/其他,未知
北京市,北京市,平谷区,北京市平谷区山东庄镇东洼社区卫生服务站,北京市平谷区山东庄镇东洼社区卫生服务站,其他/其他,未知
北京市,北京市,平谷区,北京市平谷区大华山镇后北宫村社区卫生服务站,北京市平谷区大华山镇后北宫村社区卫生服务站,其他/其他,未知
北京市,北京市,平谷区,北京市平谷区东高村镇前台头社区卫生服务站,北京市平谷区东高村镇前台头社区卫生服务站,其他/其他,未知
北京市,北京市,平谷区,北京市平谷区马昌营镇王各庄社区卫生服务站,北京市平谷区马昌营镇王各庄社区卫生服务站,其他/其他,未知
北京市,北京市,平谷区,北京市平谷区中罗庄社区卫生服务站,北京市平谷区中罗庄社区卫生服务站,其他/其他,未知
北京市,北京市,平谷区,北京市平谷区北小区社区卫生服务站,北京市平谷区北小区社区卫生服务站,其他/其他,未知
北京市,北京市,平谷区,北京市平谷区王辛庄镇太后社区卫生服务站,北京市平谷区王辛庄镇太后社区卫生服务站,其他/其他,未知
北京市,北京市,平谷区,北京市平谷区王辛庄镇杨家会社区卫生服务站,北京市平谷区王辛庄镇杨家会社区卫生服务站,其他/其他,未知
北京市,北京市,平谷区,北京市平谷区东高村镇南念头社区卫生服务站,北京市平谷区东高村镇南念头社区卫生服务站,其他/其他,未知
北京市,北京市,平谷区,北京市平谷区东高村镇曹家庄社区卫生服务站,北京市平谷区东高村镇曹家庄社区卫生服务站,其他/其他,未知
北京市,北京市,平谷区,北京市平谷区平谷镇社区卫生服务中心,北京市平谷区平谷镇社区卫生服务中心,其他/其他,未知
北京市,北京市,平谷区,北京市平谷区大华山社区卫生服务中心,北京市平谷区大华山社区卫生服务中心,其他/其他,未知
北京市,北京市,平谷区,北京市平谷区山东庄镇鱼子山社区卫生服务站,北京市平谷区山东庄镇鱼子山社区卫生服务站,其他/其他,未知
北京市,北京市,平谷区,北京市平谷区黄松峪乡雕窝社区卫生服务站,北京市平谷区黄松峪乡雕窝社区卫生服务站,其他/其他,未知
北京市,北京市,平谷区,北京市平谷区镇罗营镇上镇社区卫生服务站,北京市平谷区镇罗营镇上镇社区卫生服务站,其他/其他,未知
北京市,北京市,平谷区,北京市平谷区大兴庄镇韩屯社区卫生服务站,北京市平谷区大兴庄镇韩屯社区卫生服务站,其他/其他,未知
北京市,北京市,平谷区,北京市平谷区大兴庄镇白各庄社区卫生服务站,北京市平谷区大兴庄镇白各庄社区卫生服务站,其他/其他,未知
北京市,北京市,平谷区,北京小东沟社区卫生服务站,北京小东沟社区卫生服务站,其他/其他,未知
北京市,北京市,平谷区,北京市平谷区大华山镇小峪子村社区卫生服务站,北京市平谷区大华山镇小峪子村社区卫生服务站,其他/其他,未知
北京市,北京市,平谷区,北京三白山社区卫生服务站,北京三白山社区卫生服务站,其他/其他,未知
北京市,北京市,平谷区,北京市平谷区峪口镇峪口社区卫生服务站,北京市平谷区峪口镇峪口社区卫生服务站,其他/其他,未知
北京市,北京市,平谷区,北京市平谷区峪口镇西樊各庄社区卫生服务站,北京市平谷区峪口镇西樊各庄社区卫生服务站,其他/其他,未知
北京市,北京市,平谷区,北京市平谷区南独乐河镇刘家河社区卫生服务站,北京市平谷区南独乐河镇刘家河社区卫生服务站,其他/其他,未知
北京市,北京市,平谷区,北京市平谷区南独乐河镇北寨社区卫生服务站,北京市平谷区南独乐河镇北寨社区卫生服务站,其他/其他,未知
北京市,北京市,平谷区,北京市平谷区夏各庄镇陈太务社区卫生服务站,北京市平谷区夏各庄镇陈太务社区卫生服务站,其他/其他,未知
北京市,北京市,平谷区,北京市平谷区夏各庄镇贤王庄社区卫生服务站,北京市平谷区夏各庄镇贤王庄社区卫生服务站,其他/其他,未知
北京市,北京市,平谷区,北京市平谷区金海湖镇洙水社区卫生服务站,北京市平谷区金海湖镇洙水社区卫生服务站,其他/其他,未知
北京市,北京市,平谷区,北京市平谷区金海湖镇胡庄社区卫生服务站,北京市平谷区金海湖镇胡庄社区卫生服务站,其他/其他,未知
北京市,北京市,平谷区,北京市平谷区海关西园社区卫生服务站,北京市平谷区海关西园社区卫生服务站,其他/其他,未知
北京市,北京市,平谷区,北京市平谷区园田社区卫生服务站,北京市平谷区园田社区卫生服务站,其他/其他,未知
北京市,北京市,平谷区,北京市平谷区马昌营镇前芮营社区卫生服务站,北京市平谷区马昌营镇前芮营社区卫生服务站,其他/其他,未知
北京市,北京市,平谷区,北京赵庄户社区卫生服务站,北京赵庄户社区卫生服务站,其他/其他,未知
北京市,北京市,平谷区,北京市平谷区东高村镇青杨屯社区卫生服务站,北京市平谷区东高村镇青杨屯社区卫生服务站,其他/其他,未知
北京市,北京市,平谷区,北京市平谷区马昌营镇圪塔头社区卫生服务站,北京市平谷区马昌营镇圪塔头社区卫生服务站,其他/其他,未知
北京市,北京市,平谷区,北京市平谷区马昌营社区卫生服务中心,北京市平谷区马昌营社区卫生服务中心,其他/其他,未知
北京市,北京市,平谷区,北京市平谷区南独乐河社区卫生服务中心,北京市平谷区南独乐河社区卫生服务中心,其他/其他,未知
北京市,北京市,平谷区,北京市平谷区黄松峪社区卫生服务中心,北京市平谷区黄松峪社区卫生服务中心,其他/其他,未知
北京市,北京市,平谷区,北京市平谷区山东庄社区卫生服务中心,北京市平谷区山东庄社区卫生服务中心,其他/其他,未知
北京市,北京市,平谷区,北京市平谷区东高村社区卫生服务中心,北京市平谷区东高村社区卫生服务中心,其他/其他,未知
北京市,北京市,平谷区,北京市平谷区镇罗营社区卫生服务中心,北京市平谷区镇罗营社区卫生服务中心,其他/其他,未知
北京市,北京市,平谷区,北京市平谷区大兴庄社区卫生服务中心,北京市平谷区大兴庄社区卫生服务中心,其他/其他,未知
北京市,北京市,平谷区,北京市平谷区兴谷街道社区卫生服务中心,北京市平谷区兴谷街道社区卫生服务中心,其他/其他,未知
北京市,北京市,平谷区,北京市平谷区滨河街道社区卫生服务中心,北京市平谷区滨河街道社区卫生服务中心,其他/其他,未知
北京市,北京市,平谷区,北京市平谷区夏各庄社区卫生服务中心,北京市平谷区夏各庄社区卫生服务中心,其他/其他,未知
北京市,北京市,平谷区,北京市平谷区熊尔寨社区卫生服务中心,北京市平谷区熊尔寨社区卫生服务中心,其他/其他,未知
北京市,北京市,平谷区,北京市平谷区金海湖社区卫生服务中心,北京市平谷区金海湖社区卫生服务中心,其他/其他,未知
北京市,北京市,平谷区,北京市平谷区王辛庄社区卫生服务中心,北京市平谷区王辛庄社区卫生服务中心,其他/其他,未知
北京市,北京市,平谷区,北京市平谷区金乡社区卫生服务站,北京市平谷区金乡社区卫生服务站,其他/其他,未知
北京市,北京市,平谷区,北京市平谷区乐园西小区社区卫生服务站,北京市平谷区乐园西小区社区卫生服务站,其他/其他,未知
北京市,北京市,平谷区,北京市平谷区宏思达社区卫生服务站,北京市平谷区宏思达社区卫生服务站,其他/其他,未知
北京市,北京市,平谷区,北京市平谷区金谷园社区卫生服务站,北京市平谷区金谷园社区卫生服务站,其他/其他,未知
北京市,北京市,平谷区,北京市平谷区向阳社区卫生服务站,北京市平谷区向阳社区卫生服务站,其他/其他,未知
北京市,北京市,平谷区,北京市平谷区王辛庄镇小辛寨社区卫生服务站,北京市平谷区王辛庄镇小辛寨社区卫生服务站,其他/其他,未知
北京市,北京市,平谷区,北京市平谷区王辛庄镇莲花潭社区卫生服务站,北京市平谷区王辛庄镇莲花潭社区卫生服务站,其他/其他,未知
北京市,北京市,平谷区,北京市平谷区山东庄镇西沥津社区卫生服务站,北京市平谷区山东庄镇西沥津社区卫生服务站,其他/其他,未知
北京市,北京市,平谷区,北京市平谷区山东庄镇山东庄社区卫生服务站,北京市平谷区山东庄镇山东庄社区卫生服务站,其他/其他,未知
北京市,北京市,平谷区,北京市平谷区熊尔寨乡北土门社区卫生服务站,北京市平谷区熊尔寨乡北土门社区卫生服务站,其他/其他,未知
北京市,北京市,平谷区,北京市平谷区黄松峪乡黑豆峪社区卫生服务站,北京市平谷区黄松峪乡黑豆峪社区卫生服务站,其他/其他,未知
北京市,北京市,平谷区,北京市平谷区镇罗营镇五里庙社区卫生服务站,北京市平谷区镇罗营镇五里庙社区卫生服务站,其他/其他,未知
北京市,北京市,平谷区,北京市平谷区镇罗营镇关上社区卫生服务站,北京市平谷区镇罗营镇关上社区卫生服务站,其他/其他,未知
北京市,北京市,平谷区,北京三福庄社区卫生服务站,北京三福庄社区卫生服务站,其他/其他,未知
北京市,北京市,平谷区,北京市平谷区大兴庄镇西石桥社区卫生服务站,北京市平谷区大兴庄镇西石桥社区卫生服务站,其他/其他,未知
北京市,北京市,平谷区,北京市平谷区山东庄镇小北关社区卫生服务站,北京市平谷区山东庄镇小北关社区卫生服务站,其他/其他,未知
北京市,北京市,平谷区,北京市平谷区大兴庄镇管家庄社区卫生服务站,北京市平谷区大兴庄镇管家庄社区卫生服务站,其他/其他,未知
北京市,北京市,平谷区,北京市平谷区王辛庄镇放光社区卫生服务站,北京市平谷区王辛庄镇放光社区卫生服务站,其他/其他,未知
北京市,北京市,平谷区,北京市平谷区王辛庄镇东古社区卫生服务站,北京市平谷区王辛庄镇东古社区卫生服务站,其他/其他,未知
北京市,北京市,平谷区,北京市平谷区王辛庄镇井峪社区卫生服务站,北京市平谷区王辛庄镇井峪社区卫生服务站,其他/其他,未知
北京市,北京市,平谷区,北京市平谷区王辛庄镇西杏园社区卫生服务站,北京市平谷区王辛庄镇西杏园社区卫生服务站,其他/其他,未知
北京市,北京市,平谷区,北京市平谷区王辛庄镇北辛庄社区卫生服务站,北京市平谷区王辛庄镇北辛庄社区卫生服务站,其他/其他,未知
北京市,北京市,平谷区,北京市平谷区刘家店镇寅洞社区卫生服务站,北京市平谷区刘家店镇寅洞社区卫生服务站,其他/其他,未知
北京市,北京市,平谷区,北京市平谷区刘家店镇万家庄社区卫生服务站,北京市平谷区刘家店镇万家庄社区卫生服务站,其他/其他,未知
北京市,北京市,平谷区,北京市平谷区刘家店镇北吉山社区卫生服务站,北京市平谷区刘家店镇北吉山社区卫生服务站,其他/其他,未知
北京市,北京市,平谷区,北京市平谷区刘家店社区卫生服务中心,北京市平谷区刘家店社区卫生服务中心,其他/其他,未知
北京市,北京市,平谷区,北京市平谷区大兴庄镇西柏店社区卫生服务站,北京市平谷区大兴庄镇西柏店社区卫生服务站,其他/其他,未知
北京市,北京市,平谷区,北京市平谷区大兴庄镇鲁各庄社区卫生服务站,北京市平谷区大兴庄镇鲁各庄社区卫生服务站,其他/其他,未知
北京市,北京市,平谷区,北京市平谷区大兴庄镇北埝头社区卫生服务站,北京市平谷区大兴庄镇北埝头社区卫生服务站,其他/其他,未知
北京市,北京市,平谷区,北京市平谷区大兴庄镇周村社区卫生服务站,北京市平谷区大兴庄镇周村社区卫生服务站,其他/其他,未知
北京市,北京市,平谷区,北京市平谷区南独乐河镇峨眉山社区卫生服务站,北京市平谷区南独乐河镇峨眉山社区卫生服务站,其他/其他,未知
北京市,北京市,平谷区,北京市平谷区马昌营镇天井社区卫生服务站,北京市平谷区马昌营镇天井社区卫生服务站,其他/其他,未知
北京市,北京市,平谷区,北京市平谷区大华山镇苏子峪村社区卫生服务站,北京市平谷区大华山镇苏子峪村社区卫生服务站,其他/其他,未知
北京市,北京市,平谷区,北京市平谷区大华山西峪村社区卫生服务站,北京市平谷区大华山西峪村社区卫生服务站,其他/其他,未知
北京市,北京市,平谷区,北京市平谷区大华山镇东辛撞村社区卫生服务站,北京市平谷区大华山镇东辛撞村社区卫生服务站,其他/其他,未知
北京市,北京市,平谷区,北京市平谷区大华山镇大峪子村社区卫生服务站,北京市平谷区大华山镇大峪子村社区卫生服务站,其他/其他,未知
北京市,北京市,平谷区,北京蔡坨社区卫生服务站,北京蔡坨社区卫生服务站,其他/其他,未知
北京市,北京市,平谷区,北京市平谷区峪口镇中桥社区卫生服务站,北京市平谷区峪口镇中桥社区卫生服务站,其他/其他,未知
北京市,北京市,平谷区,北京市平谷区峪口镇北杨桥社区卫生服务站,北京市平谷区峪口镇北杨桥社区卫生服务站,其他/其他,未知
北京市,北京市,平谷区,北京市平谷区峪口镇云峰寺社区卫生服务站,北京市平谷区峪口镇云峰寺社区卫生服务站,其他/其他,未知
北京市,北京市,平谷区,北京市平谷区峪口镇兴隆庄社区卫生服务站,北京市平谷区峪口镇兴隆庄社区卫生服务站,其他/其他,未知
北京市,北京市,平谷区,北京市平谷区峪口镇胡家营社区卫生服务站,北京市平谷区峪口镇胡家营社区卫生服务站,其他/其他,未知
北京市,北京市,平谷区,北京市平谷区峪口镇东樊各庄社区卫生服务站,北京市平谷区峪口镇东樊各庄社区卫生服务站,其他/其他,未知
北京市,北京市,平谷区,北京市平谷区峪口镇大官庄社区卫生服务站,北京市平谷区峪口镇大官庄社区卫生服务站,其他/其他,未知
北京市,北京市,平谷区,北京市平谷区东高村镇南宅社区卫生服务站,北京市平谷区东高村镇南宅社区卫生服务站,其他/其他,未知
北京市,北京市,平谷区,北京市平谷区克头社区卫生服务站,北京市平谷区克头社区卫生服务站,其他/其他,未知
北京市,北京市,平谷区,北京市平谷区东高村镇西高村社区卫生服务站,北京市平谷区东高村镇西高村社区卫生服务站,其他/其他,未知
北京市,北京市,平谷区,北京南张岱社区卫生服务站,北京南张岱社区卫生服务站,其他/其他,未知
北京市,北京市,平谷区,北京市平谷区东高村赵家务社区卫生服务站,北京市平谷区东高村赵家务社区卫生服务站,其他/其他,未知
北京市,北京市,平谷区,北京市平谷区东高村镇侯庄社区卫生服务站,北京市平谷区东高村镇侯庄社区卫生服务站,其他/其他,未知
北京市,北京市,平谷区,北京市平谷区东高村镇东高村社区卫生服务站,北京市平谷区东高村镇东高村社区卫生服务站,其他/其他,未知
北京市,北京市,平谷区,北京市平谷区东高村镇大旺务社区卫生服务站,北京市平谷区东高村镇大旺务社区卫生服务站,其他/其他,未知
北京市,北京市,平谷区,北京市平谷区南独乐河镇南独乐河社区卫生服务站,北京市平谷区南独乐河镇南独乐河社区卫生服务站,其他/其他,未知
北京市,北京市,平谷区,北京市平谷区南独乐河镇张辛庄社区卫生服务站,北京市平谷区南独乐河镇张辛庄社区卫生服务站,其他/其他,未知
北京市,北京市,平谷区,北京市平谷区南独乐河镇甘营社区卫生服务站,北京市平谷区南独乐河镇甘营社区卫生服务站,其他/其他,未知
北京市,北京市,平谷区,北京市平谷区南独乐河镇峰台社区卫生服务站,北京市平谷区南独乐河镇峰台社区卫生服务站,其他/其他,未知
北京市,北京市,平谷区,北京龙家务社区卫生服务站,北京龙家务社区卫生服务站,其他/其他,未知
北京市,北京市,平谷区,北京市平谷区马坊镇果各庄社区卫生服务站,北京市平谷区马坊镇果各庄社区卫生服务站,其他/其他,未知
北京市,北京市,平谷区,北京市平谷区马坊镇东店社区卫生服务站,北京市平谷区马坊镇东店社区卫生服务站,其他/其他,未知
北京市,北京市,平谷区,北京市平谷区马坊镇北石渠社区卫生服务站,北京市平谷区马坊镇北石渠社区卫生服务站,其他/其他,未知
北京市,北京市,平谷区,北京市平谷区马坊社区卫生服务中心,北京市平谷区马坊社区卫生服务中心,其他/其他,未知
北京市,北京市,平谷区,北京市平谷区黄松峪乡大东沟社区卫生服务站,北京市平谷区黄松峪乡大东沟社区卫生服务站,其他/其他,未知
北京市,北京市,平谷区,北京市平谷区镇罗营镇玻璃台社区卫生服务站,北京市平谷区镇罗营镇玻璃台社区卫生服务站,其他/其他,未知
北京市,北京市,平谷区,北京市平谷区南独乐河镇南山村社区卫生服务站,北京市平谷区南独乐河镇南山村社区卫生服务站,其他/其他,未知
北京市,北京市,平谷区,北京市平谷区夏各庄镇安固社区卫生服务站,北京市平谷区夏各庄镇安固社区卫生服务站,其他/其他,未知
北京市,北京市,平谷区,北京市平谷区金海湖中心卫生院,北京市平谷区金海湖镇社区卫生服务中心,民营/综合医院,一级甲等
北京市,北京市,平谷区,北京市平谷区粮食局职工医院,北京市平谷区粮食局职工医院,民营/综合医院,未知
北京市,北京市,平谷区,北京市平谷区岳协医院,北京市平谷区岳协医院,民营/综合医院,一级甲等
北京市,北京市,平谷区,北京市平谷区妇幼保健院,北京市平谷区妇幼保健院,公立/专科医院,二级乙等
北京市,北京市,平谷区,北京市平谷区第二医院,北京市平谷区第二医院,公立/综合医院,一级甲等
北京市,北京市,平谷区,北京市平谷区精神病医院,北京市平谷区精神病医院,公立/专科医院,二级乙等
北京市,北京市,平谷区,北京平谷区医院,北京平谷区医院,公立/综合医院,二级甲等
北京市,北京市,平谷区,北京市平谷区中医院,北京市平谷区中医院,公立/综合医院,二级甲等
北京市,北京市,平谷区,北京市平谷区医院,北京市平谷区医院,公立/综合医院,二级甲等
北京市,北京市,平谷区,北京耿井社区卫生服务站,北京耿井社区卫生服务站,其他/其他,未知
北京市,北京市,平谷区,北京市平谷区金海湖镇马屯社区卫生服务站,北京市平谷区金海湖镇马屯社区卫生服务站,其他/其他,未知
北京市,北京市,平谷区,北京市平谷区金海湖镇韩庄社区卫生服务站,北京市平谷区金海湖镇韩庄社区卫生服务站,其他/其他,未知
北京市,北京市,平谷区,北京市平谷区大华山镇挂甲峪村社区卫生服务站,北京市平谷区大华山镇挂甲峪村社区卫生服务站,其他/其他,未知
北京市,北京市,平谷区,北京市平谷区峪口镇梨各庄社区卫生服务站,北京市平谷区峪口镇梨各庄社区卫生服务站,其他/其他,未知
北京市,北京市,平谷区,北京大庄户社区卫生服务站,北京大庄户社区卫生服务站,其他/其他,未知
北京市,北京市,平谷区,北京市平谷区金海小区社区卫生服务站,北京市平谷区金海小区社区卫生服务站,其他/其他,未知
北京市,北京市,平谷区,北京市平谷区滨河社区卫生服务站,北京市平谷区滨河社区卫生服务站,其他/其他,未知
北京市,北京市,平谷区,北京市平谷区园丁小区社区卫生服务站,北京市平谷区园丁小区社区卫生服务站,其他/其他,未知
北京市,北京市,平谷区,北京市平谷区刘家店镇行宫社区卫生服务站,北京市平谷区刘家店镇行宫社区卫生服务站,其他/其他,未知
北京市,北京市,平谷区,北京市平谷区山东庄镇大北关社区卫生服务站,北京市平谷区山东庄镇大北关社区卫生服务站,其他/其他,未知
北京市,北京市,平谷区,北京南太务社区卫生服务站,北京南太务社区卫生服务站,其他/其他,未知
北京市,北京市,平谷区,北京市平谷区夏各庄镇马各庄社区卫生服务站,北京市平谷区夏各庄镇马各庄社区卫生服务站,其他/其他,未知
北京市,北京市,平谷区,北京市平谷区夏各庄镇魏太务社区卫生服务站,北京市平谷区夏各庄镇魏太务社区卫生服务站,其他/其他,未知
北京市,北京市,平谷区,北京市平谷区夏各庄镇杨庄户社区卫生服务站,北京市平谷区夏各庄镇杨庄户社区卫生服务站,其他/其他,未知
北京市,北京市,平谷区,北京彰作社区卫生服务站,北京彰作社区卫生服务站,其他/其他,未知
北京市,北京市,平谷区,北京中心村社区卫生服务站,北京中心村社区卫生服务站,其他/其他,未知
北京市,北京市,平谷区,北京市平谷区金海湖镇靠山集社区卫生服务站,北京市平谷区金海湖镇靠山集社区卫生服务站,其他/其他,未知
北京市,北京市,平谷区,北京市平谷区金海湖镇将军关社区卫生服务站,北京市平谷区金海湖镇将军关社区卫生服务站,其他/其他,未知
北京市,北京市,平谷区,北京市平谷区金海湖镇红石坎社区卫生服务站,北京市平谷区金海湖镇红石坎社区卫生服务站,其他/其他,未知
北京市,北京市,平谷区,北京市平谷区金海湖镇黑水湾社区卫生服务站,北京市平谷区金海湖镇黑水湾社区卫生服务站,其他/其他,未知
北京市,北京市,平谷区,北京市平谷区金海湖镇海子社区卫生服务站,北京市平谷区金海湖镇海子社区卫生服务站,其他/其他,未知
北京市,北京市,平谷区,北京市平谷区西鹿角社区卫生服务站,北京市平谷区西鹿角社区卫生服务站,其他/其他,未知
北京市,北京市,平谷区,北京市平谷区赵各庄社区卫生服务站,北京市平谷区赵各庄社区卫生服务站,其他/其他,未知
北京市,北京市,平谷区,北京市平谷区马昌营镇南定福社区卫生服务站,北京市平谷区马昌营镇南定福社区卫生服务站,其他/其他,未知
北京市,北京市,平谷区,北京市平谷区太平社区卫生服务站,北京市平谷区太平社区卫生服务站,其他/其他,未知
北京市,北京市,平谷区,北京市平谷区平谷镇东鹿角社区卫生服务站,北京市平谷区平谷镇东鹿角社区卫生服务站,其他/其他,未知
北京市,北京市,平谷区,北京市平谷区马昌营镇王官屯社区卫生服务站,北京市平谷区马昌营镇王官屯社区卫生服务站,其他/其他,未知
北京市,北京市,平谷区,北京市平谷区马昌营镇东双营社区卫生服务站,北京市平谷区马昌营镇东双营社区卫生服务站,其他/其他,未知
北京市,北京市,平谷区,北京市平谷区马昌营镇西陈各庄社区卫生服务站,北京市平谷区马昌营镇西陈各庄社区卫生服务站,其他/其他,未知
北京市,北京市,平谷区,北京市平谷区东高村镇北张岱社区卫生服务站,北京市平谷区东高村镇北张岱社区卫生服务站,其他/其他,未知
北京市,北京市,平谷区,北京洼里社区卫生服务站,北京洼里社区卫生服务站,其他/其他,未知
北京市,北京市,平谷区,北京东撞社区卫生服务站,北京东撞社区卫生服务站,其他/其他,未知
北京市,北京市,平谷区,北京市平谷区马坊镇李蔡街社区卫生服务站,北京市平谷区马坊镇李蔡街社区卫生服务站,其他/其他,未知
北京市,北京市,平谷区,北京市平谷区马坊镇英城社区卫生服务站,北京市平谷区马坊镇英城社区卫生服务站,其他/其他,未知
北京市,北京市,平谷区,北京市平谷区马坊镇西大街社区卫生服务站,北京市平谷区马坊镇西大街社区卫生服务站,其他/其他,未知
北京市,北京市,平谷区,北京市平谷区结核病医院,北京市平谷区结核病医院,公立/综合医院,一级乙等
