﻿省,市,区,全名,别名,性质,等级
天津市,天津市,和平区,上河头医院,上河头医院,公立/综合医院,未知
天津市,天津市,和平区,天津卫协医院,天津卫协医院,其他/综合医院,未评级
天津市,天津市,和平区,中国医科大学附属盛京医院,盛京医院,公立/综合医院,三级甲等　　
天津市,天津市,和平区,天津市和平区中医院,天津市和平区中医院,公立/综合医院,二级甲等
天津市,天津市,和平区,中国医科大学心理医院,中国医科大学心理医院,公立/综合医院,未知
天津市,天津市,和平区,和平区第八医院,和平区第八医院,公立/综合医院,一级甲等
天津市,天津市,和平区,和平区朝鲜族医院,和平区朝鲜族医院,公立/综合医院,二级甲等
天津市,天津市,和平区,和平区妇婴医院,和平区妇婴医院,公立/综合医院,二级甲等
天津市,天津市,和平区,和平区红十字会医院,和平区红十字会医院,公立/综合医院,二级甲等
天津市,天津市,和平区,和平区第三中医院风湿病专科,和平区第三中医院风湿病专科,公立/综合医院,二级甲等
天津市,天津市,和平区,和平区第三中医院,和平区第三中医院,公立/综合医院,二级甲等
天津市,天津市,和平区,和平区第二中医院,和平区第二中医院,公立/综合医院,二级甲等
天津市,天津市,和平区,和平区中医院,和平区中医院,公立/综合医院,二级甲等
天津市,天津市,和平区,和平区第七医院,和平区第七医院,公立/综合医院,二级甲等
天津市,天津市,和平区,和平区第四医院,和平区第四医院,公立/综合医院,二级甲等
天津市,天津市,和平区,和平区第二医院,和平区第二医院,公立/综合医院,二级甲等
天津市,天津市,和平区,和平区第一医院,和平区第一医院,公立/综合医院,二级甲等
天津市,天津市,和平区,和平区人民医院,和平区人民医院,公立/综合医院,二级甲等
天津市,天津市,和平区,和平区中心医院,和平区中心医院,公立/综合医院,二级甲等
天津市,天津市,和平区,辽宁中医学院附属肛肠医院,辽宁中医学院附属肛肠医院,公立/专科医院,二级甲等
天津市,天津市,和平区,和平机器制造厂职工医院,和平机器制造厂职工医院,公立/综合医院,二级甲等
天津市,天津市,和平区,辽宁省建设集团股份有限公司职工医院,辽宁省建设集团股份有限公司职工医院,公立/综合医院,二级甲等
天津市,天津市,和平区,中国医科大学附属口腔医院,辽宁省口腔医院,公立/专科医院,三级甲等　　
天津市,天津市,和平区,中国人民解放军第二零二医院,中国人民解放军第二零二医院,公立/综合医院,三级甲等　　
天津市,天津市,和平区,天津市和平区中医医院,天津市和平区中医医院,公立/中医医院,二级甲等
天津市,天津市,和平区,天津和平太极门诊部,天津和平太极门诊部,民营/综合医院,未知
天津市,天津市,和平区,天津市整形外科医院,天津市医学美容中心,公立/综合医院,三级甲等　　
天津市,天津市,和平区,天津和平欧亚肛肠医院,天津东南角肛肠医院,其他/专科医院,未评级
天津市,天津市,和平区,天津市新生医院,天津市新生医院,公立/综合医院,二级甲等
天津市,天津市,和平区,天津市津文医院,天津市津文医院,公立/综合医院,未知
天津市,天津市,和平区,天津佳园医院,天津佳园医院,公立/综合医院,未知
天津市,天津市,和平区,天津市劳动卫生职业病防治院,天津市劳动卫生职业病防治院,公立/综合医院,未知
天津市,天津市,和平区,天津市南门医院,天津市南门医院,公立/综合医院,未知
天津市,天津市,和平区,天津市滨水地段医院,天津市滨水地段医院,公立/综合医院,未知
天津市,天津市,和平区,天津市中医药研究院附属医院,天津市中医药研究院附属医院,公立/综合医院,未知
天津市,天津市,和平区,天津博爱眼科中心,天津博爱眼科中心,民营/综合医院,未知
天津市,天津市,和平区,天津市和平区牙科医院,天津市和平区牙科医院,公立/综合医院,未知
天津市,天津市,和平区,天津市华博医院,天津市华博医院,民营/综合医院,未知
天津市,天津市,和平区,天津市和平区安定医院,天津市和平区安定医院,公立/综合医院,未知
天津市,天津市,和平区,天津市和平区南营门医院,天津市和平区南营门医院,公立/综合医院,未知
天津市,天津市,和平区,天津市上河头医院,天津市上河头医院,公立/综合医院,未知
天津市,天津市,和平区,天津市和平区小白楼医院,天津市和平区小白楼医院,公立/综合医院,未知
天津市,天津市,和平区,天津市和平区妇幼保健所,天津市和平区妇幼保健所,公立/综合医院,未知
天津市,天津市,和平区,天津市和平医院,天津272医院,公立/综合医院,未知
天津市,天津市,和平区,解放军第272医院,天津解放军第272医院,公立/综合医院,二级甲等
天津市,天津市,和平区,天津市滨江医院,天津市滨江医院,公立/综合医院,未知
天津市,天津市,和平区,天津医科大学眼科医院,天津医科大学眼科医院,合资/专科医院,未知
天津市,天津市,和平区,和平区兴安医院,和平区兴安医院,公立/综合医院,一级甲等
天津市,天津市,和平区,和平区四面钟医院,和平区四面钟医院,公立/综合医院,一级甲等
天津市,天津市,和平区,和平区新兴医院,和平区新兴医院,公立/综合医院,一级甲等
天津市,天津市,和平区,天津市和平区兴安医院,天津市和平区兴安医院,公立/综合医院,一级甲等
天津市,天津市,和平区,天津市和平区四面钟医院,天津市和平区四面钟医院,公立/综合医院,一级甲等
天津市,天津市,和平区,天津市和平区新兴医院,天津市和平区新兴医院,公立/综合医院,一级甲等
天津市,天津市,和平区,中国人民解放军第二七二医院,天津272医院,公立/综合医院,二级甲等
天津市,天津市,和平区,天津市公安医院,天津市公安医院,公立/综合医院,二级甲等
天津市,天津市,和平区,天津市和平区妇产医院,天津市和平区妇产医院,公立/综合医院,二级甲等
天津市,天津市,和平区,和平区南营门医院,和平区南营门医院,公立/综合医院,二级甲等
天津市,天津市,和平区,和平区小白楼医院,和平区小白楼医院,公立/综合医院,二级甲等
天津市,天津市,和平区,和平区牙科医院,和平区牙科医院,公立/综合医院,二级甲等
天津市,天津市,和平区,和平区妇产医院,和平区妇产医院,公立/综合医院,二级甲等
天津市,天津市,和平区,和平区中医院,和平区中医院,公立/综合医院,二级甲等
天津市,天津市,和平区,和平医院,和平医院,公立/综合医院,二级甲等
天津市,天津市,和平区,和平区安定医院,和平区安定医院,公立/综合医院,二级甲等
天津市,天津市,和平区,天津代谢医院,天津代谢病防治中心,公立/专科医院,三级乙等
天津市,天津市,和平区,天津市天和医院,天津市天和医院,公立/综合医院,三级乙等
天津市,天津市,和平区,天津市长征医院,天津市长征医院,公立/专科医院,三级甲等　　
天津市,天津市,和平区,天津市中心妇产科医院,天津市中心妇产科医院,公立/专科医院,三级甲等　　
天津市,天津市,和平区,天津医科大学总医院,天津医科大学总医院,公立/综合医院,三级甲等　　
天津市,天津市,和平区,天津市口腔医院,天津市口腔医院,公立/专科医院,三级甲等　　
天津市,天津市,和平区,天津市胸科医院,天津市胸科医院,公立/综合医院,三级甲等　　
天津市,天津市,和平区,天津市眼科医院,天津市眼科医院,公立/专科医院,三级甲等　　
天津市,天津市,和平区,天津市心理卫生医院,天津市心理卫生医院,公立/专科医院,一级甲等
天津市,天津市,和平区,天津医科大学代谢病医院,天津医科大学代谢病医院,公立/综合医院,三级甲等　　
天津市,天津市,和平区,天津市人民医院滨江分院,天津市人民医院滨江分院,公立/综合医院,三级甲等　　
天津市,天津市,和平区,中国医学科学院血液病医院,天津血液研究所,公立/综合医院,三级甲等　　
天津市,天津市,和平区,天津医科大学口腔医院,天津医科大学口腔医院,公立/专科医院,三级甲等　　
