﻿省,市,区,全名,别名,性质,等级
天津市,天津市,东丽区,天津市精华医院,天津市精华医院,公立/综合医院,未知
天津市,天津市,东丽区,天津市香山医院,天津市香山医院,公立/综合医院,未知
天津市,天津市,东丽区,天津市东丽区程林医院,天津市东丽区程林医院,公立/综合医院,未知
天津市,天津市,东丽区,天津市姜井医院,天津市姜井医院,公立/综合医院,未知
天津市,天津市,东丽区,天津市钟山医院,天津市钟山医院,公立/综合医院,未知
天津市,天津市,东丽区,天津市东丽区军粮城医院,天津市东丽区军粮城医院,公立/综合医院,二级乙等
天津市,天津市,东丽区,天津市东丽区妇幼保健院,天津市东丽区妇幼保健院,公立/综合医院,二级甲等
天津市,天津市,东丽区,天津市东丽区中医院,天津市东丽区中医院,公立/综合医院,二级甲等
天津市,天津市,东丽区,天津市东丽区东丽医院,天津市东丽区东丽医院,公立/综合医院,二级甲等
天津市,天津市,东丽区,天津市安宁医院,天津市安宁医院,公立/综合医院,三级乙等
