﻿省,市,区,全名,别名,性质,等级
天津市,天津市,宝坻,天津市宝坻区妇幼保健院,天津市宝坻区妇幼保健院,公立/综合医院,未知
天津市,天津市,宝坻,天津市宝坻区中医院,天津市宝坻区中医院,公立/综合医院,二级甲等
天津市,天津市,宝坻,天津技术开发区医院,天津技术开发区医院,公立/综合医院,二级甲等
天津市,天津市,宝坻,天津市宝坻区人民医院,天津市宝坻区人民医院,公立/综合医院,二级甲等
