﻿省,市,区,全名,别名,性质,等级
天津市,天津市,北辰区,天津市北辰区第二医院,天津市北辰区第二医院,公立/综合医院,未知
天津市,天津市,北辰区,天津市安达路医院,天津市安达路医院,公立/综合医院,未知
天津市,天津市,北辰区,天津市北辰区中医院,天津市北辰区中医院,公立/综合医院,二级甲等
天津市,天津市,北辰区,天津天穆骨科医院,天津天穆骨科医院,公立/专科医院,二级甲等
天津市,天津市,北辰区,天津市北辰区妇幼保健所,天津市北辰区妇幼保健所,公立/综合医院,二级甲等
天津市,天津市,北辰区,天津市北辰区第一医院,天津市北辰区第一医院,公立/综合医院,二级甲等
天津市,天津市,北辰区,天津安捷医院,天津安捷医院,民营/综合医院,二级甲等
天津市,天津市,北辰区,天津中医药大学附属北辰中医医院,北辰中医医院,公立/综合医院,二级甲等
天津市,天津市,北辰区,天津市北辰医院,天津市北辰医院,公立/综合医院,二级甲等
