﻿省,市,区,全名,别名,性质,等级
重庆市,重庆市,南川市,重庆市南川市维丰化工总公司职工医院,重庆市南川市维丰化工总公司职工医院,公立/综合医院,未知
重庆市,重庆市,南川市,重庆南川市皮肤病防治院,重庆南川市皮肤病防治院,公立/综合医院,未知
重庆市,重庆市,南川市,重庆市南川市城中医院,重庆市南川市城中医院,公立/综合医院,未知
重庆市,重庆市,南川市,重庆南川市交通职工医院,重庆南川市交通职工医院,公立/综合医院,未知
重庆市,重庆市,南川市,南川宏仁医院,南川宏仁医院,民营/综合医院,未知
重庆市,重庆市,南川市,重庆市南川市中医院,重庆市南川市中医院,公立/综合医院,未知
重庆市,重庆市,南川市,重庆南川市第二人民医院,重庆南川市第二人民医院,公立/综合医院,二级乙等
重庆市,重庆市,南川市,重庆南川市人民医院,重庆南川市人民医院,公立/综合医院,二级甲等
重庆市,重庆市,南川市,南川市妇幼保健院,南川市妇幼保健院,公立/综合医院,二级乙等
