﻿省,市,区,全名,别名,性质,等级
重庆市,重庆市,潼南县,潼南县桂林乡卫生院,潼南县桂林乡卫生院,公立/综合医院,一级甲等
重庆市,重庆市,潼南县,潼南县古溪镇中心卫生院,潼南县古溪镇中心卫生院,公立/综合医院,一级甲等
重庆市,重庆市,潼南县,重庆潼南县精神病院,重庆潼南县精神病院,公立/综合医院,未知
重庆市,重庆市,潼南县,重庆潼南县妇幼保健院,重庆潼南县妇幼保健院,公立/综合医院,未知
重庆市,重庆市,潼南县,重庆潼南县中医院,重庆潼南县中医院,公立/综合医院,二级乙等
重庆市,重庆市,潼南县,重庆潼南县人民医院,重庆潼南县人民医院,公立/综合医院,二级乙等
重庆市,重庆市,潼南县,古溪中心卫生院,古溪中心卫生院,公立/综合医院,一级甲等
