﻿省,市,区,全名,别名,性质,等级
重庆市,重庆市,奉节县,重庆奉节县中医院,重庆奉节县中医院,公立/综合医院,二级甲等
重庆市,重庆市,奉节县,重庆奉节县妇幼保健院,重庆奉节县妇幼保健院,公立/综合医院,未知
重庆市,重庆市,奉节县,重庆奉节县人民医院,重庆奉节县人民医院,公立/综合医院,二级甲等
重庆市,重庆市,奉节县,奉节县夔州医院,奉节县夔州医院,公立/综合医院,未知
重庆市,重庆市,奉节县,奉节友谊医院,奉节友谊医院,民营/综合医院,民营医院
