﻿省,市,区,全名,别名,性质,等级
重庆市,重庆市,璧山县,璧山县人民医院,璧山县人民医院,公立/综合医院,二级乙等
重庆市,重庆市,璧山县,璧山县妇幼保健院,璧山县妇幼保健院,公立/妇幼保健医院,二级甲等
重庆市,重庆市,璧山县,璧山县第三人民医院,璧山县第三人民医院,公立/综合医院,一级甲等
重庆市,重庆市,璧山县,重庆壁山县中医院,重庆壁山县中医院,公立/综合医院,未知
重庆市,重庆市,璧山县,重庆壁山县人民医院,重庆壁山县人民医院,公立/综合医院,二级乙等
