﻿省,市,区,全名,别名,性质,等级
重庆市,重庆市,巫溪县,重庆巫溪县人民医院,重庆巫溪县人民医院,公立/综合医院,二级甲等
重庆市,重庆市,巫溪县,重庆巫溪县妇幼保健院,重庆巫溪县妇幼保健院,公立/综合医院,未知
重庆市,重庆市,巫溪县,重庆巫溪县中医医院,重庆巫溪县中医医院,公立/综合医院,未知
重庆市,重庆市,巫溪县,巫溪县精神保健院,巫溪县精神保健院,公立/综合医院,未知
