﻿省,市,区,全名,别名,性质,等级
重庆市,重庆市,开县,开县精神卫生保健院,开县精神卫生保健院,公立/综合医院,一级甲等
重庆市,重庆市,开县,重庆开县汉丰医院,重庆开县汉丰医院,公立/综合医院,未知
重庆市,重庆市,开县,重庆开县妇幼保健院,重庆开县妇幼保健院,公立/综合医院,未知
重庆市,重庆市,开县,重庆开县中医院,重庆开县中医院,公立/综合医院,未知
重庆市,重庆市,开县,重庆开县人民医院,重庆开县人民医院,公立/综合医院,二级甲等
重庆市,重庆市,开县,开县第二人民医院,重庆市开县长沙镇中心卫生院,公立/综合医院,二级乙等
