﻿省,市,区,全名,别名,性质,等级
重庆市,重庆市,梁平县,重庆梁平县第二人民医院,重庆梁平县第二人民医院,公立/综合医院,未知
重庆市,重庆市,梁平县,重庆梁平县中医院,重庆梁平县中医院,公立/综合医院,未知
重庆市,重庆市,梁平县,重庆梁平县妇幼保健院,重庆梁平县妇幼保健院,公立/综合医院,未知
重庆市,重庆市,梁平县,重庆梁平县人民医院,重庆梁平县人民医院,公立/综合医院,二级乙等
