﻿省,市,区,全名,别名,性质,等级
广东省,广州市,萝岗区,广州市萝岗区九龙镇中心卫生院,广州市萝岗区九佛医院,其他/其他,一级甲等
广东省,广州市,萝岗区,广州夏港街普晖社区卫生服务站,广州夏港街普晖社区卫生服务站,其他/其他,未知
广东省,广州市,萝岗区,广州市第十一人民医院,广州市干部疗养院,公立/综合医院,未知
广东省,广州市,萝岗区,广州市萝岗区康宁医院,广州市萝岗区康宁医院,公立/综合医院,未知
广东省,广州市,萝岗区,广州经济技术开发区医院东区门诊部,广州经济技术开发区医院新康门诊,公立/综合医院,未知
广东省,广州市,萝岗区,广州经济技术开发区红十字会医院,广州市白云区红十字医院,公立/综合医院,一级甲等
广东省,广州市,萝岗区,广州经济技术开发区医院,开发区医院,公立/综合医院,二级甲等
广东省,广州市,萝岗区,广州开发区医院科学城综合门诊部,广州开发区医院科学城综合门诊部,其他/其他,未知
