﻿省,市,区,全名,别名,性质,等级
广东省,深圳市,福田区,深圳市福田区人民医院第二门诊部,深圳市福田区人民医院第二门诊部,公立/综合医院,二级乙等
广东省,深圳市,福田区,深圳深华医院（民营）,深圳深华医院,个体户/综合医院,一级甲等
广东省,深圳市,福田区,深圳市彩田医院,深圳市彩田医院,公立/综合医院,一级甲等
广东省,深圳市,福田区,深圳市华泰医院,深圳市华泰医院,公立/综合医院,一级甲等
广东省,深圳市,福田区,深圳市新沙医院,深圳市新沙医院,公立/综合医院,一级甲等
广东省,深圳市,福田区,深圳素兰妇科门诊部,深圳素兰妇科门诊部,民营/门诊,民营医院
广东省,深圳市,福田区,深圳仁爱医院,深圳仁爱医院,民营/综合医院,未知
广东省,深圳市,福田区,深圳男科医院,深圳万众男科医院,合资/专科医院,未知
广东省,深圳市,福田区,龙华美弗儿妇科医院,龙华妇科医院,民营/专科医院,民营医院
广东省,深圳市,福田区,深圳洪仁门诊部,深圳洪仁门诊部,民营/综合医院,民营医院
广东省,深圳市,福田区,深圳和平医院,深圳和平医院,个体户/综合医院,未知
广东省,深圳市,福田区,深圳市皇岗医院,深圳市皇岗医院,公立/综合医院,一级甲等
广东省,深圳市,福田区,六和・拜尔齿科,六和・拜尔齿科,个体户/专科医院,未知
广东省,深圳市,福田区,深圳武警医院福田门诊,福田武警医院,其他/综合医院,未评级
广东省,深圳市,福田区,深圳科发源整形医院,深圳植发医院,合资/专科医院,未知
广东省,深圳市,福田区,深圳武警医院,深圳皮肤病防治所,公立/综合医院,二级甲等
广东省,深圳市,福田区,深圳市眼科医院,暨南大学医学院深圳眼科中心,公立/专科医院,二级甲等
广东省,深圳市,福田区,六和・拜尔齿科,六和・拜尔齿科,民营/专科医院,未知
广东省,深圳市,福田区,深圳同步齿科,深圳同步齿科,民营/专科医院,未知
广东省,深圳市,福田区,深圳市急救医疗中心,深圳市急救医疗中心,公立/综合医院,未知
广东省,深圳市,福田区,深圳市第四人民医院南园社区健康服务中心,深圳市第四人民医院南园社区健康服务中心,公立/综合医院,未知
广东省,深圳市,福田区,深圳新浩门诊部,深圳新浩门诊部,民营/综合医院,未知
广东省,深圳市,福田区,深圳福华中西医结合医院,深圳福华中西医结合医院,民营/综合医院,未知
广东省,深圳市,福田区,深圳市园岭医院,深圳市园岭医院,公立/综合医院,未知
广东省,深圳市,福田区,深圳市明华侨畜牧场职工医院,深圳市明华侨畜牧场职工医院,民营/综合医院,未知
广东省,深圳市,福田区,深圳市梅林医院,深圳市梅林医院,公立/综合医院,未知
广东省,深圳市,福田区,深圳口岸医院,深圳口岸医院,公立/综合医院,未知
广东省,深圳市,福田区,深圳东方医院,深圳东方医院,公立/综合医院,未知
广东省,深圳市,福田区,深圳景田医院,深圳景田医院,民营/综合医院,未知
广东省,深圳市,福田区,深圳美尔康疤痕康复中心, ,民营/,未知
广东省,深圳市,福田区,深圳市香蜜湖医院,深圳市香蜜湖医院,民营/专科医院,未知
广东省,深圳市,福田区,深圳友谊医院,深圳友谊医院,合资/专科医院,未知
广东省,深圳市,福田区,深圳岭南医院,深圳岭南医院,民营/综合医院,一级甲等
广东省,深圳市,福田区,深圳市福田区人民医院肛肠分院,深圳市第四人民医院,公立/综合医院,二级乙等
广东省,深圳市,福田区,深圳市第四人民医院香蜜湖分院,深圳市第四人民医院香蜜湖分院,公立/综合医院,二级甲等
广东省,深圳市,福田区,深圳市福田区慢性病防治院,深圳市福田区慢性病防治院,公立/综合医院,二级甲等
广东省,深圳市,福田区,深圳市第四人民医院,深圳市福田人民医院,公立/综合医院,二级甲等
广东省,深圳市,福田区,深圳市福田区妇幼保健院,深圳市福田区妇幼保健院,公立/综合医院,二级甲等
广东省,深圳市,福田区,深圳市儿童医院,深圳市儿童医院,公立/专科医院,二级甲等
广东省,深圳市,福田区,深圳市福田区中医院,深圳市福田区中医院,公立/综合医院,二级甲等
广东省,深圳市,福田区,深圳市妇幼保健院,深圳市妇幼保健院,公立/综合医院,三级乙等
广东省,深圳市,福田区,深圳市第二人民医院,深圳市第二人民医院,公立/综合医院,三级甲等　　
广东省,深圳市,福田区,深圳市中医院,深圳市中医院,公立/综合医院,三级甲等　　
广东省,深圳市,福田区,北京大学深圳医院,深圳市中心医院,公立/综合医院,三级甲等　　
广东省,深圳市,福田区,深圳深科安门诊部,深科失眠抑郁研究院,合资/专科医院,未评级
广东省,深圳市,福田区,深圳军科医院,深圳军科皮肤病医院,其他/综合医院,未评级
广东省,深圳市,福田区,深圳市天健医院,深圳市天健医院,公立/综合医院,一级甲等
广东省,深圳市,福田区,中信健康体检中心,深圳中信致远门诊部,其他/门诊,未知
广东省,深圳市,福田区,深圳友好中西医结合门诊部,深圳友好门诊部,民营/门诊,未知
广东省,深圳市,福田区,深圳鹏程医院雀斑专科,深圳鹏程医院雀斑科,其他/综合医院,未知
广东省,深圳市,福田区,深圳白癜风东港医院,深圳东港门诊部,民营/门诊,民营医院
广东省,深圳市,福田区,深圳李秋涛皮肤激光美容,深圳李秋涛皮肤激光美容,民营/综合医院,一级甲等
广东省,深圳市,福田区,惠群医馆,惠群医馆,民营/综合医院,一级甲等
广东省,深圳市,福田区,深圳市心希望心理咨询公司,深圳市心希望心理咨询公司,民营/综合医院,一级甲等
广东省,深圳市,福田区,王荣华妇科诊室,王荣华妇科诊室,民营/综合医院,一级甲等
广东省,深圳市,福田区,维雅齿科 种植中心,维雅齿科 种植中心,民营/综合医院,一级甲等
广东省,深圳市,福田区,信军妇科诊室,信军妇科诊室,民营/综合医院,一级甲等
广东省,深圳市,福田区,阳光棕榈社区健康服务中心,阳光棕榈社区健康服务中心,其他/其他,未知
广东省,深圳市,福田区,景田社区健康服务中心,景田社区健康服务中心,其他/其他,未知
广东省,深圳市,福田区,梅亭社区健康服务中心,梅亭社区健康服务中心,其他/其他,未知
广东省,深圳市,福田区,梅河社区健康服务中心,梅河社区健康服务中心,其他/其他,未知
广东省,深圳市,福田区,翰岭社区健康服务中心,翰岭社区健康服务中心,其他/其他,未知
广东省,深圳市,福田区,孖岭社区健康服务中心,孖岭社区健康服务中心,其他/其他,未知
广东省,深圳市,福田区,新阁社区健康服务中心,新阁社区健康服务中心,其他/其他,未知
广东省,深圳市,福田区,梅林一村社区健康服务中心,梅林一村社区健康服务中心,其他/其他,未知
广东省,深圳市,福田区,金地海景社区健康服务中心,金地海景社区健康服务中心,其他/其他,未知
广东省,深圳市,福田区,新沙社区健康服务中心,新沙社区健康服务中心,其他/其他,未知
广东省,深圳市,福田区,金碧社区健康服务中心,金碧社区健康服务中心,其他/其他,未知
广东省,深圳市,福田区,新华社区健康服务中心,新华社区健康服务中心,其他/其他,未知
广东省,深圳市,福田区,新港社区健康服务中心,新港社区健康服务中心,其他/其他,未知
广东省,深圳市,福田区,泰源社区健康服务中心,泰源社区健康服务中心,其他/其他,未知
广东省,深圳市,福田区,金地社区健康服务中心,金地社区健康服务中心,其他/其他,未知
广东省,深圳市,福田区,滨河社区健康服务中心,滨河社区健康服务中心,其他/其他,未知
广东省,深圳市,福田区,福山社区健康服务中心,福山社区健康服务中心,其他/其他,未知
广东省,深圳市,福田区,福民社区健康服务中心,福民社区健康服务中心,其他/其他,未知
广东省,深圳市,福田区,文山社区健康服务中心,文山社区健康服务中心,其他/其他,未知
广东省,深圳市,福田区,天安社区健康服务中心,天安社区健康服务中心,其他/其他,未知
广东省,深圳市,福田区,景新社区健康服务中心,景新社区健康服务中心,其他/其他,未知
广东省,深圳市,福田区,景华社区健康服务中心,景华社区健康服务中心,其他/其他,未知
广东省,深圳市,福田区,莲花二村社区健康服务中心,莲花二村社区健康服务中心,其他/其他,未知
广东省,深圳市,福田区,莲花三村社区健康服务中心,莲花三村社区健康服务中心,其他/其他,未知
广东省,深圳市,福田区,翠海社区健康服务中心,翠海社区健康服务中心,其他/其他,未知
广东省,深圳市,福田区,田面社区健康服务中心,田面社区健康服务中心,其他/其他,未知
广东省,深圳市,福田区,福田社区健康服务中心,福田社区健康服务中心,其他/其他,未知
广东省,深圳市,福田区,南天社区健康服务中心,南天社区健康服务中心,其他/其他,未知
广东省,深圳市,福田区,荔村社区健康服务中心,荔村社区健康服务中心,其他/其他,未知
广东省,深圳市,福田区,锦龙社区健康服务中心,锦龙社区健康服务中心,其他/其他,未知
广东省,深圳市,福田区,香蜜二村社区健康服务中心,香蜜二村社区健康服务中心,其他/其他,未知
广东省,深圳市,福田区,八卦岭社区健康服务中心,八卦岭社区健康服务中心,其他/其他,未知
广东省,深圳市,福田区,下步庙社区健康服务中心,下步庙社区健康服务中心,其他/其他,未知
广东省,深圳市,福田区,梅山社区健康服务中心,梅山社区健康服务中心,其他/其他,未知
广东省,深圳市,福田区,下梅林社区健康服务中心,下梅林社区健康服务中心,其他/其他,未知
广东省,深圳市,福田区,园岭社区健康服务中心,园岭社区健康服务中心,其他/其他,未知
广东省,深圳市,福田区,益田社区健康服务中心,益田社区健康服务中心,其他/其他,未知
广东省,深圳市,福田区,新洲社区健康服务中心,新洲社区健康服务中心,其他/其他,未知
广东省,深圳市,福田区,上沙社区健康服务中心,上沙社区健康服务中心,其他/其他,未知
广东省,深圳市,福田区,圩镇社区健康服务中心,圩镇社区健康服务中心,其他/其他,未知
广东省,深圳市,福田区,水围社区健康服务中心,水围社区健康服务中心,其他/其他,未知
广东省,深圳市,福田区,赤尾社区健康服务中心,赤尾社区健康服务中心,其他/其他,未知
广东省,深圳市,福田区,莲花北社区健康服务中心,莲花北社区健康服务中心,其他/其他,未知
广东省,深圳市,福田区,香岭社区健康服务中心,香岭社区健康服务中心,其他/其他,未知
广东省,深圳市,福田区,特发社区健康服务中心,特发社区健康服务中心,其他/其他,未知
广东省,深圳市,福田区,福中社区健康服务中心,福中社区健康服务中心,其他/其他,未知
广东省,深圳市,福田区,东园社区健康服务中心,东园社区健康服务中心,其他/其他,未知
广东省,深圳市,福田区,园西社区健康服务中心,园西社区健康服务中心,其他/其他,未知
广东省,深圳市,福田区,中航社区健康服务中心,中航社区健康服务中心,其他/其他,未知
广东省,深圳市,福田区,鹏盛社区健康服务中心,鹏盛社区健康服务中心,其他/其他,未知
广东省,深圳市,福田区,竹园社区健康服务中心,竹园社区健康服务中心,其他/其他,未知
广东省,深圳市,福田区,景狮社区健康服务中心,景狮社区健康服务中心,其他/其他,未知
广东省,深圳市,福田区,碧海云天社区健康服务中心,碧海云天社区健康服务中心,其他/其他,未知
广东省,深圳市,福田区,竹林社区健康服务中心,竹林社区健康服务中心,其他/其他,未知
广东省,深圳市,福田区,龙尾社区健康服务中心,龙尾社区健康服务中心,其他/其他,未知
广东省,深圳市,福田区,沙嘴社区健康服务中心,沙嘴社区健康服务中心,其他/其他,未知
广东省,深圳市,福田区,下沙社区健康服务中心,下沙社区健康服务中心,其他/其他,未知
广东省,深圳市,福田区,雨田社区健康服务中心,雨田社区健康服务中心,其他/其他,未知
广东省,深圳市,福田区,深圳任医生中医馆,任医生中医馆,民营/门诊,民营医院
广东省,深圳市,福田区,宋立路口腔诊所,深圳康圆口腔,民营/其他,未评级
广东省,深圳市,福田区,深圳港丹医疗美容门诊部,美诗沁深圳分院,民营/专科医院,未评级
广东省,深圳市,福田区,深圳广济门诊部,深圳广济医院,民营/专科医院,民营医院
广东省,深圳市,福田区,深圳丽军医院,深圳市龙华人流医院,民营/专科医院,未评级
广东省,深圳市,福田区,深圳希玛林顺潮眼科医院,深圳希玛眼科医院,民营/专科医院,未评级
