﻿省,市,区,全名,别名,性质,等级
广东省,深圳市,罗湖区,深圳益尚白癜风医院,深圳白癜风_深圳白癜风医院,其他/专科医院,未知
广东省,深圳市,罗湖区,深圳德尚泌尿外科医院,深圳德尚泌尿外科医院,其他/专科医院,未评级
广东省,深圳市,罗湖区,深圳微创种植牙研究院,深圳麦芽口腔门诊部,民营/门诊,民营医院
广东省,深圳市,罗湖区,深圳远大肛肠医院,深圳远大肛肠医院,个体户/综合医院,一级甲等
广东省,深圳市,罗湖区,深圳爱康健口腔门诊部,爱康健牙科,民营/专科医院,未评级
广东省,深圳市,罗湖区,深圳美和门诊部,深圳美和医院,合资/专科医院,二级乙等
广东省,深圳市,罗湖区,深圳爱视眼科专科门诊部,爱视眼科,民营/专科医院,民营医院
广东省,深圳市,罗湖区,深圳市保健办,深圳市保健办,公立/综合医院,未知
广东省,深圳市,罗湖区,深圳疾病预防控制中心,深圳疾病预防控制中心,公立/综合医院,未知
广东省,深圳市,罗湖区,深圳怡康妇科医院,深圳怡康妇科医院,民营/专科医院,未知
广东省,深圳市,罗湖区,深圳鹏程医院英平风湿骨病治疗中心,深圳鹏程医院英平风湿骨病治疗中心,民营/专科医院,未知
广东省,深圳市,罗湖区,深圳瑞尔齿科,深圳瑞尔齿科,合资/专科医院,未知
广东省,深圳市,罗湖区,深圳科美门诊部, ,合资/,未知
广东省,深圳市,罗湖区,深圳中山泌尿外科医院,深圳中山泌尿外科医院,民营/专科医院,未知
广东省,深圳市,罗湖区,深圳市孙逸仙心血管医院,深圳市孙逸仙心血管医院,公立/专科医院,未知
广东省,深圳市,罗湖区,深圳市深源门诊部,深圳市深源门诊部,民营/综合医院,未知
广东省,深圳市,罗湖区,深圳市笋岗医院,深圳市笋岗医院,民营/综合医院,未知
广东省,深圳市,罗湖区,深圳市莲塘医院,深圳市莲塘医院,公立/综合医院,未知
广东省,深圳市,罗湖区,深圳阳光医院,深圳阳光医院,民营/综合医院,未知
广东省,深圳市,罗湖区,深圳市慢性病防治院,深圳市慢性病防治院,公立/综合医院,未知
广东省,深圳市,罗湖区,深圳市凤凰医院,深圳市凤凰医院,民营/综合医院,未知
广东省,深圳市,罗湖区,深圳市罗湖区妇幼保健院,深圳市罗湖区妇幼保健院,公立/综合医院,未知
广东省,深圳市,罗湖区,深圳博爱医院,深圳博爱医院,民营/综合医院,未知
广东省,深圳市,罗湖区,瑞格尔健康管理中心,深圳市瑞格尔医院管理投资有限公司,民营/综合医院,未知
广东省,深圳市,罗湖区,广东省公安边防总医院,深圳武警边防医院,公立/综合医院,未知
广东省,深圳市,罗湖区,深圳市罗湖区慢性病防治院,深圳市罗湖区慢性病防治院,公立/综合医院,未知
广东省,深圳市,罗湖区,深圳鹏程医院,深圳鹏程医院胃肠科,民营/综合医院,未知
广东省,深圳市,罗湖区,深圳曙光医院,深圳曙光医院,民营/综合医院,一级甲等
广东省,深圳市,罗湖区,深圳康宁医院,深圳康宁医院,公立/专科医院,二级甲等
广东省,深圳市,罗湖区,深圳平乐骨伤科医院,深圳平乐骨伤科医院,公立/专科医院,二级甲等
广东省,深圳市,罗湖区,深圳市第五人民医院,深圳市罗湖区人民医院,公立/综合医院,二级甲等
广东省,深圳市,罗湖区,深圳市第三人民医院,深圳市东湖医院、深圳市传染病医院、广东医学院附属深圳第三医院、深圳市肝病研究院,公立/综合医院,二级甲等
广东省,深圳市,罗湖区,深圳市职业病防治院,深圳市职业病防治院,公立/综合医院,二级甲等
广东省,深圳市,罗湖区,深圳罗湖区中医院,深圳罗湖区中医院,公立/综合医院,二级甲等
广东省,深圳市,罗湖区,深圳流花医院,深圳脱发植发医院,公立/综合医院,二级甲等
广东省,深圳市,罗湖区,深圳市人民医院,深圳市人民医院,公立/综合医院,三级甲等　　
广东省,深圳市,罗湖区,深圳铁路医院,深圳铁路医院,公立/综合医院,二级甲等
广东省,深圳市,罗湖区,深圳富华美容医院,深圳富华美容医院,民营/专科医院,未评级
广东省,深圳市,罗湖区,深圳远东妇儿科医院,深圳远东妇儿科医院,民营/专科医院,未知
广东省,深圳市,罗湖区,爱康健连锁齿科,爱康健齿科集团,民营/门诊,未评级
广东省,深圳市,罗湖区,深圳市东湖医院深圳市传染病医院,深圳市东湖医院深圳市传染病医院,公立/综合医院,二级甲等
广东省,深圳市,罗湖区,深圳泰和门诊部,深圳泰和门诊部,个体户/综合医院,一级甲等
广东省,深圳市,罗湖区,敏柏宁白癜风咨询中心,敏柏宁白癜风咨询中心,民营/综合医院,一级甲等
广东省,深圳市,罗湖区,武警深圳特检站医院,武警深圳特检站白癜风治疗基地,个体户/综合医院,二级甲等
广东省,深圳市,罗湖区,赵群口腔诊所,赵群口腔诊所,民营/综合医院,一级甲等
广东省,深圳市,罗湖区,深圳新兴医疗,深圳新兴医疗,个体户/综合医院,一级甲等
广东省,深圳市,罗湖区,深圳市罗湖区人民医院,深圳市第五人民医院,个体户/综合医院,二级甲等
广东省,深圳市,罗湖区,深圳都市门诊部,深圳都市男科医院,民营/综合医院,未评级
广东省,深圳市,罗湖区,深圳幸福医院,幸福医院,民营/专科医院,未知
广东省,深圳市,罗湖区,深圳南方男科医院,深圳罗湖男科医院,民营/专科医院,民营医院
广东省,深圳市,罗湖区,深圳仁和增高医院,深圳仁和医院,其他/专科医院,未评级
广东省,深圳市,罗湖区,沙尾社区健康服务中心,沙尾社区健康服务中心,其他/其他,未知
广东省,深圳市,罗湖区,海滨社区健康服务中心,海滨社区健康服务中心,其他/其他,未知
广东省,深圳市,罗湖区,嘉宾社区健康服务中心社区健康服务中心,嘉宾社区健康服务中心社区健康服务中心,其他/其他,未知
广东省,深圳市,罗湖区,南湖社区健康服务中心社区健康服务中心,南湖社区健康服务中心社区健康服务中心,其他/其他,未知
广东省,深圳市,罗湖区,渔村社区健康服务中心社区健康服务中心,渔村社区健康服务中心社区健康服务中心,其他/其他,未知
广东省,深圳市,罗湖区,坭岗社区健康服务中心社区健康服务中心,坭岗社区健康服务中心社区健康服务中心,其他/其他,未知
广东省,深圳市,罗湖区,黄贝社区健康服务中心社区健康服务中心,黄贝社区健康服务中心社区健康服务中心,其他/其他,未知
广东省,深圳市,罗湖区,湖景社区健康服务中心社区健康服务中心,湖景社区健康服务中心社区健康服务中心,其他/其他,未知
广东省,深圳市,罗湖区,松园社区健康服务中心,松园社区健康服务中心,其他/其他,未知
广东省,深圳市,罗湖区,草埔西社区健康服务中心,草埔西社区健康服务中心,其他/其他,未知
广东省,深圳市,罗湖区,红岗社区健康服务中心,红岗社区健康服务中心,其他/其他,未知
广东省,深圳市,罗湖区,和平社区健康服务中心,和平社区健康服务中心,其他/其他,未知
广东省,深圳市,罗湖区,龙湖社区健康服务中心,龙湖社区健康服务中心,其他/其他,未知
广东省,深圳市,罗湖区,水贝社区健康服务中心,水贝社区健康服务中心,其他/其他,未知
广东省,深圳市,罗湖区,新秀社区健康服务中心,新秀社区健康服务中心,其他/其他,未知
广东省,深圳市,罗湖区,笋梨田社区健康服务中心,笋梨田社区健康服务中心,其他/其他,未知
广东省,深圳市,罗湖区,广岭社区健康服务中心,广岭社区健康服务中心,其他/其他,未知
广东省,深圳市,罗湖区,罗芳社区健康服务中心,罗芳社区健康服务中心,其他/其他,未知
广东省,深圳市,罗湖区,书院街社区健康服务中心,书院街社区健康服务中心,其他/其他,未知
广东省,深圳市,罗湖区,文华社区健康服务中心,文华社区健康服务中心,其他/其他,未知
广东省,深圳市,罗湖区,翠华社区健康服务中心,翠华社区健康服务中心,其他/其他,未知
广东省,深圳市,罗湖区,罗湖区新兴社区健康服务中心,罗湖区新兴社区健康服务中心,其他/其他,未知
广东省,深圳市,罗湖区,田贝社区健康服务中心,田贝社区健康服务中心,其他/其他,未知
广东省,深圳市,罗湖区,西岭社区健康服务中心,西岭社区健康服务中心,其他/其他,未知
广东省,深圳市,罗湖区,莲花社区健康服务中心,莲花社区健康服务中心,其他/其他,未知
广东省,深圳市,罗湖区,怡景社区健康服务中心,怡景社区健康服务中心,其他/其他,未知
广东省,深圳市,罗湖区,长岭社区健康服务中心,长岭社区健康服务中心,其他/其他,未知
广东省,深圳市,罗湖区,莲塘社区健康服务中心,莲塘社区健康服务中心,其他/其他,未知
广东省,深圳市,罗湖区,水库新村社区健康服务中心,水库新村社区健康服务中心,其他/其他,未知
广东省,深圳市,罗湖区,文锦社区健康服务中心,文锦社区健康服务中心,其他/其他,未知
广东省,深圳市,罗湖区,玉龙社区健康服务中心,玉龙社区健康服务中心,其他/其他,未知
广东省,深圳市,罗湖区,银湖社区健康服务中心,银湖社区健康服务中心,其他/其他,未知
广东省,深圳市,罗湖区,梧桐山社区健康服务中心,梧桐山社区健康服务中心,其他/其他,未知
广东省,深圳市,罗湖区,东晓社区健康服务中心,东晓社区健康服务中心,其他/其他,未知
广东省,深圳市,罗湖区,大松泉社区健康服务中心,大松泉社区健康服务中心,其他/其他,未知
广东省,深圳市,罗湖区,草埔东社区健康服务中心,草埔东社区健康服务中心,其他/其他,未知
广东省,深圳市,罗湖区,马山社区健康服务中心,马山社区健康服务中心,其他/其他,未知
广东省,深圳市,罗湖区,金鹏社区健康服务中心,金鹏社区健康服务中心,其他/其他,未知
广东省,深圳市,罗湖区,翠岭社区健康服务中心,翠岭社区健康服务中心,其他/其他,未知
广东省,深圳市,罗湖区,翠心社区健康服务中心,翠心社区健康服务中心,其他/其他,未知
广东省,深圳市,罗湖区,桂园社区健康服务中心,桂园社区健康服务中心,其他/其他,未知
广东省,深圳市,罗湖区,大望社区健康服务中心,大望社区健康服务中心,其他/其他,未知
广东省,深圳市,罗湖区,碧波社区健康服务中心,碧波社区健康服务中心,其他/其他,未知
广东省,深圳市,罗湖区,深圳仁康医院,深圳仁康医院,民营/综合医院,民营医院
广东省,深圳市,罗湖区,深圳胃思宝门诊部,胃思宝胃肠研究院,合资/专科医院,未评级
广东省,深圳市,罗湖区,深圳非凡医疗美容医院,深圳非凡医疗美容医院,民营/专科医院,未知
广东省,深圳市,罗湖区,深圳希思医疗美容医院,深圳希思医疗美容医院,公立/专科医院,未评级
广东省,深圳市,罗湖区,深圳金丽医疗美容门诊部,深圳金丽医疗美容,民营/门诊,未评级
广东省,深圳市,罗湖区,深圳中心泌尿外科医院（民营）,中山医科大学泌尿外科医院,个体户/综合医院,二级甲等
