﻿省,市,区,全名,别名,性质,等级
广东省,佛山市,顺德区,佛山市顺德区北滘镇西滘社区卫生服务站,佛山市顺德区北滘镇西滘社区卫生服务站,其他/其他,未知
广东省,佛山市,顺德区,佛山市顺德区勒流勒北社区卫生服务站,佛山市顺德区勒流勒北社区卫生服务站,其他/其他,未知
广东省,佛山市,顺德区,顺德区勒流大晚卫生站,顺德区勒流大晚卫生站,其他/其他,未知
广东省,佛山市,顺德区,顺德区杏坛吕地卫生站,顺德区杏坛吕地卫生站,其他/其他,未知
广东省,佛山市,顺德区,顺德区杏坛马东卫生站,顺德区杏坛马东卫生站,其他/其他,未知
广东省,佛山市,顺德区,顺德区勒流建设中二路卫生站,顺德区勒流建设中二路卫生站,其他/其他,未知
广东省,佛山市,顺德区,佛山市顺德区勒流医院冲鹤卫生所,佛山市顺德区勒流医院冲鹤卫生所,其他/其他,未知
广东省,佛山市,顺德区,佛山市顺德区杏坛医院昌教卫生所,佛山市顺德区杏坛医院昌教卫生所,其他/其他,未知
广东省,佛山市,顺德区,顺德区勒流众涌塘利卫生站,顺德区勒流众涌塘利卫生站,其他/其他,未知
广东省,佛山市,顺德区,佛山市顺德区均安镇天连社区卫生服务站,佛山市顺德区均安镇天连社区卫生服务站,其他/其他,未知
广东省,佛山市,顺德区,顺德区勒流黄连卫生站,顺德区勒流黄连卫生站,其他/其他,未知
广东省,佛山市,顺德区,佛山市顺德区北滘医院龙涌卫生所,佛山市顺德区北滘医院龙涌卫生所,其他/其他,未知
广东省,佛山市,顺德区,顺德区勒流三元卫生站,顺德区勒流三元卫生站,其他/其他,未知
广东省,佛山市,顺德区,顺德区龙江镇陈涌卫生站,顺德区龙江镇陈涌卫生站,其他/其他,未知
广东省,佛山市,顺德区,顺德区陈村庄头卫生站,顺德区陈村庄头卫生站,其他/其他,未知
广东省,佛山市,顺德区,佛山市顺德区杏坛医院新联卫生所,佛山市顺德区杏坛医院新联卫生所,其他/其他,未知
广东省,佛山市,顺德区,顺德区龙江镇东海卫生站,顺德区龙江镇东海卫生站,其他/其他,未知
广东省,佛山市,顺德区,佛山市顺德区乐从医院平步卫生所,佛山市顺德区乐从医院平步卫生所,其他/其他,未知
广东省,佛山市,顺德区,佛山市顺德区容桂幸福社区卫生服务站,佛山市顺德区容桂幸福社区卫生服务站,其他/其他,未知
广东省,佛山市,顺德区,佛山市顺德区勒流众涌社区卫生服务站,佛山市顺德区勒流众涌社区卫生服务站,其他/其他,未知
广东省,佛山市,顺德区,佛山市顺德区容桂南区社区卫生服务站,佛山市顺德区容桂南区社区卫生服务站,公立/其他,未知
广东省,佛山市,顺德区,佛山市顺德区容桂街道新容奇医院容里卫生所,佛山市顺德区容桂街道新容奇医院容里卫生所,其他/其他,未知
广东省,佛山市,顺德区,顺德区勒流锦丰卫生站,顺德区勒流锦丰卫生站,其他/其他,未知
广东省,佛山市,顺德区,佛山市顺德区杏坛镇东村社区卫生服务站,佛山市顺德区杏坛镇东村社区卫生服务站,其他/其他,未知
广东省,佛山市,顺德区,佛山市顺德区陈村镇社区卫生服务中心,佛山市顺德区陈村镇社区卫生服务中心,其他/其他,一级医院
广东省,佛山市,顺德区,佛山市顺德区龙江镇沙龙社区卫生服务站,佛山市顺德区龙江镇沙龙社区卫生服务站,其他/其他,未知
广东省,佛山市,顺德区,佛山市顺德区大良大门社区卫生服务站,佛山市顺德区大良大门社区卫生服务站,公立/其他,未知
广东省,佛山市,顺德区,佛山市顺德区大良中区社区卫生服务站,佛山市顺德区大良中区社区卫生服务站,公立/其他,未知
广东省,佛山市,顺德区,佛山市顺德区大良五沙社区卫生服务,佛山市顺德区大良五沙社区卫生服务,其他/其他,未知
广东省,佛山市,顺德区,佛山市顺德区大良苏岗社区卫生服务站,佛山市顺德区大良苏岗社区卫生服务站,公立/其他,未知
广东省,佛山市,顺德区,佛山市顺德区均安镇仓门社区卫生服务站,佛山市顺德区均安镇仓门社区卫生服务站,其他/其他,未知
广东省,佛山市,顺德区,佛山市顺德区大良新滘社区卫生服务站,佛山市顺德区大良新滘社区卫生服务站,公立/其他,未知
广东省,佛山市,顺德区,佛山市顺德区大良新松社区卫生服务站,佛山市顺德区大良新松社区卫生服务站,公立/其他,未知
广东省,佛山市,顺德区,佛山市顺德区杏坛镇社区卫生服务中心,佛山市顺德区杏坛镇社区卫生服务中心,公立/其他,未知
广东省,佛山市,顺德区,西樵镇第四社区卫生服务站,西樵镇第四社区卫生服务站,其他/其他,未知
广东省,佛山市,顺德区,佛山市三水区西南街众洁牙科诊所,佛山市三水区西南街众洁牙科诊所,民营/其他,未知
广东省,佛山市,顺德区,苏庆中医诊所,苏庆中医诊所,民营/其他,未知
广东省,佛山市,顺德区,李建国个体诊所,李建国个体诊所,民营/其他,未知
广东省,佛山市,顺德区,顺德大良志康口腔门诊部,顺德大良志康口腔门诊部,民营/门诊,未知
广东省,佛山市,顺德区,顺施康门诊部,顺施康门诊部,民营/其他,未知
广东省,佛山市,顺德区,花城口腔门诊部,花城口腔门诊部,民营/门诊,未知
广东省,佛山市,顺德区,佛山市顺德区大良医院鉴海门诊部,佛山市顺德区大良医院鉴海门诊部,公立/其他,未知
广东省,佛山市,顺德区,顺德龙江康宁医学康复门诊部,顺德龙江康宁医学康复门诊部,民营/其他,未知
广东省,佛山市,顺德区,林添生中医诊所,林添生中医诊所,民营/其他,未知
广东省,佛山市,顺德区,佛山市顺德区乐从医院大罗门诊部,佛山市顺德区乐从医院大罗门诊部,公立/门诊,未知
广东省,佛山市,顺德区,顺德和平创伤外科医院,顺德和平创伤外科医院,其他/专科医院,未知
广东省,佛山市,顺德区,佛山市顺德区伍仲珮纪念医院环城门诊部,佛山市顺德区伍仲珮纪念医院环城门诊部,公立/门诊,未知
广东省,佛山市,顺德区,佛山市顺德区北滘医院第二门诊部,佛山市顺德区北滘医院第二门诊部,公立/其他,未知
广东省,佛山市,顺德区,顺德乐从刘远明口腔诊所,顺德乐从刘远明口腔诊所,民营/其他,未知
广东省,佛山市,顺德区,佛山市顺德区容桂街道新容奇医院,佛山市顺德区容桂街道新容奇医院,其他/综合医院,未知
广东省,佛山市,顺德区,龙玉兰个体诊所,龙玉兰个体诊所,民营/其他,未知
广东省,佛山市,顺德区,佛山市顺德区北滘医院西海门诊部,佛山市顺德区北滘医院西海门诊部,公立/门诊,未知
广东省,佛山市,顺德区,顺德昌兴检验所,顺德昌兴检验所,民营/其他,未知
广东省,佛山市,顺德区,健强口腔门诊部,健强口腔门诊部,民营/其他,未知
广东省,佛山市,顺德区,佛山市顺德区勒流医院人和门诊部,佛山市顺德区勒流医院人和门诊部,公立/其他,未知
广东省,佛山市,顺德区,顺德龙江龙源门诊部,顺德龙江龙源门诊部,民营/其他,未知
广东省,佛山市,顺德区,佛山市顺德区勒流医院沙涌门诊部,佛山市顺德区勒流医院沙涌门诊部,公立/门诊,未知
广东省,佛山市,顺德区,顺德伦教吴亚球内科诊所,顺德伦教吴亚球内科诊所,民营/其他,未知
广东省,佛山市,顺德区,顺德港美康复医院,顺德港美康复医院,其他/其他,未知
广东省,佛山市,顺德区,佛山市顺德区乐从医院劳村门诊部,佛山市顺德区乐从医院劳村门诊部,公立/其他,未知
广东省,佛山市,顺德区,乐城口腔门诊部,乐城口腔门诊部,民营/其他,未知
广东省,佛山市,顺德区,东康门诊部,东康门诊部,民营/门诊,未知
广东省,佛山市,顺德区,梁康印个体诊所,梁康印个体诊所,民营/其他,未知
广东省,佛山市,顺德区,佛山市顺德区北滘医院莘村门诊部,佛山市顺德区北滘医院莘村门诊部,公立/门诊,未知
广东省,佛山市,顺德区,佛山市顺德区容桂街道新容奇医院第二门诊部,佛山市顺德区容桂街道新容奇医院第二门诊部,其他/其他,未知
广东省,佛山市,顺德区,顺德杏坛何锦元口腔诊所,顺德杏坛何锦元口腔诊所,民营/其他,未知
广东省,佛山市,顺德区,姚丰个体诊所,姚丰个体诊所,民营/其他,未知
广东省,佛山市,顺德区,佛山市顺德区乐从镇残疾人友好康复门诊部,佛山市顺德区乐从镇残疾人友好康复门诊部,其他/其他,未知
广东省,佛山市,顺德区,顺德勒流同济门诊部,顺德勒流同济门诊部,民营/门诊,未知
广东省,佛山市,顺德区,周兆林个体诊所,周兆林个体诊所,民营/其他,未知
广东省,佛山市,顺德区,佛山市顺德区勒流医院翠怡门诊部,佛山市顺德区勒流医院翠怡门诊部,公立/门诊,未知
广东省,佛山市,顺德区,顺德勒流孙彦辉口腔诊所,顺德勒流孙彦辉口腔诊所,民营/其他,未知
广东省,佛山市,顺德区,顺德乐从姜龙友内科诊所,顺德乐从姜龙友内科诊所,民营/其他,未知
广东省,佛山市,顺德区,周富新个体诊所,周富新个体诊所,民营/其他,未知
广东省,佛山市,顺德区,佛山市顺德区大良医院金榜门诊部,佛山市顺德区大良医院金榜门诊部,公立/门诊,未知
广东省,佛山市,顺德区,惠民门诊部,惠民门诊部,民营/门诊,未知
广东省,佛山市,顺德区,佛山市顺德区勒流医院新城门诊部,佛山市顺德区勒流医院新城门诊部,公立/门诊,未知
广东省,佛山市,顺德区,佛山市顺德区乐从医院岳步门诊部,佛山市顺德区乐从医院岳步门诊部,公立/门诊,未知
广东省,佛山市,顺德区,佛山市顺德区龙江医院左滩门诊部,佛山市顺德区龙江医院左滩门诊部,公立/其他,未知
广东省,佛山市,顺德区,李景云口腔诊所,李景云口腔诊所,民营/其他,未知
广东省,佛山市,顺德区,顺德勒流郑从国口腔诊所,顺德勒流郑从国口腔诊所,民营/其他,未知
广东省,佛山市,顺德区,顺德陈村许晓虎口腔诊所,顺德陈村许晓虎口腔诊所,民营/其他,未知
广东省,佛山市,顺德区,黄志华个体诊所,黄志华个体诊所,民营/其他,未知
广东省,佛山市,顺德区,欧阳玉甜口腔诊所,欧阳玉甜口腔诊所,民营/其他,未知
广东省,佛山市,顺德区,顺德陈村赖以全内科诊所,顺德陈村赖以全内科诊所,民营/其他,未知
广东省,佛山市,顺德区,佛山市顺德区北滘医院余荫院门诊部,佛山市顺德区北滘医院余荫院门诊部,公立/其他,未知
广东省,佛山市,顺德区,港华门诊部,港华门诊部,民营/门诊,未知
广东省,佛山市,顺德区,顺德乐从张瑜内科诊所,顺德乐从张瑜内科诊所,民营/其他,未知
广东省,佛山市,顺德区,佛山市顺德区龙江医院里海门诊部,佛山市顺德区龙江医院里海门诊部,公立/门诊,未知
广东省,佛山市,顺德区,佛山市顺德区乐从医院道教门诊部,佛山市顺德区乐从医院道教门诊部,公立/门诊,未知
广东省,佛山市,顺德区,卢永彪中医诊所,卢永彪中医诊所,民营/其他,未知
广东省,佛山市,顺德区,佛山市顺德区均安医院,佛山市顺德区均安医院,公立/综合医院,二级甲等
广东省,佛山市,顺德区,佛山市顺德区北滘医院碧江分院,佛山市顺德区北滘医院碧江分院,公立/其他,未知
广东省,佛山市,顺德区,顺德容桂梁茂枝内科诊所,顺德容桂梁茂枝内科诊所,民营/其他,未知
广东省,佛山市,顺德区,黄细妹个体诊所,黄细妹个体诊所,民营/其他,未知
广东省,佛山市,顺德区,佛山市顺德区北滘医院上僚门诊部,佛山市顺德区北滘医院上僚门诊部,公立/门诊,未知
广东省,佛山市,顺德区,佛山市顺德区龙江医院长塘门诊部,佛山市顺德区龙江医院长塘门诊部,公立/门诊,未知
广东省,佛山市,顺德区,新康门诊部,新康门诊部,民营/其他,未知
广东省,佛山市,顺德区,佛山市顺德区伍仲珮纪念医院河西门诊部,佛山市顺德区伍仲珮纪念医院河西门诊部,公立/门诊,未知
广东省,佛山市,顺德区,佛山市顺德区乐从医院沙滘门诊部,佛山市顺德区乐从医院沙滘门诊部,公立/门诊,未知
广东省,佛山市,顺德区,佛山市顺德区中医院第一门诊部,佛山市顺德区中医院第一门诊部,公立/门诊,未知
广东省,佛山市,顺德区,崔奇采中医诊所,崔奇采中医诊所,民营/其他,未知
广东省,佛山市,顺德区,跃进口腔门诊部,跃进口腔门诊部,民营/门诊,未知
广东省,佛山市,顺德区,何智芳中医康复门诊部,何智芳中医康复门诊部,民营/门诊,未知
广东省,佛山市,顺德区,顺德龙江叶迪骚内科诊所,顺德龙江叶迪骚内科诊所,民营/其他,未知
广东省,佛山市,顺德区,佛山市顺德区陈村医院岗北门诊部,佛山市顺德区陈村医院岗北门诊部,公立/其他,未知
广东省,佛山市,顺德区,顺德顺鸿门诊部,顺德顺鸿门诊部,民营/门诊,未知
广东省,佛山市,顺德区,御冠口腔门诊部,御冠口腔门诊部,民营/其他,未知
广东省,佛山市,顺德区,崔奇因中医诊所,崔奇因中医诊所,民营/其他,未知
广东省,佛山市,顺德区,陈小玲中医诊所,陈小玲中医诊所,民营/其他,未知
广东省,佛山市,顺德区,佛山市顺德区容桂街道新容奇医院体育路门诊部,佛山市顺德区容桂街道新容奇医院体育路门诊部,其他/其他,未知
广东省,佛山市,顺德区,图强口腔门诊部,图强口腔门诊部,民营/其他,未知
广东省,佛山市,顺德区,顺德大良李窝贤口腔诊所,顺德大良李窝贤口腔诊所,民营/其他,未知
广东省,佛山市,顺德区,华安门诊部,华安门诊部,民营/其他,未知
广东省,佛山市,顺德区,佛山市顺德区龙江医院金三角门诊部,佛山市顺德区龙江医院金三角门诊部,公立/门诊,未知
广东省,佛山市,顺德区,佛山市顺德区龙江医院新龙门诊部,佛山市顺德区龙江医院新龙门诊部,公立/门诊,未知
广东省,佛山市,顺德区,顺德大良康顺达门诊部,顺德大良康顺达门诊部,民营/门诊,未知
广东省,佛山市,顺德区,佛山市顺德区勒流医院三元门诊部,佛山市顺德区勒流医院三元门诊部,公立/门诊,未知
广东省,佛山市,顺德区,甘剑波口腔诊所,甘剑波口腔诊所,民营/其他,未知
广东省,佛山市,顺德区,爱心口腔门诊部,爱心口腔门诊部,民营/门诊,未知
广东省,佛山市,顺德区,佛山市顺德区龙江医院旺岗门诊部,佛山市顺德区龙江医院旺岗门诊部,公立/门诊,未知
广东省,佛山市,顺德区,顺德容桂岑联内科诊所,顺德容桂岑联内科诊所,民营/其他,未知
广东省,佛山市,顺德区,顺德勒流叶杏素口腔诊所,顺德勒流叶杏素口腔诊所,民营/其他,未知
广东省,佛山市,顺德区,佛山市顺德区龙江医院西海门诊部,佛山市顺德区龙江医院西海门诊部,公立/门诊,未知
广东省,佛山市,顺德区,顺德区大良银湖门诊部,顺德区大良银湖门诊部,民营/其他,未知
广东省,佛山市,顺德区,佛山市顺德区容桂街道新容奇医院立新门诊部,佛山市顺德区容桂街道新容奇医院立新门诊部,其他/门诊,未知
广东省,佛山市,顺德区,佛山市顺德区杏坛医院河北门诊部,佛山市顺德区杏坛医院河北门诊部,公立/门诊,未知
广东省,佛山市,顺德区,吴家麟个体诊所,吴家麟个体诊所,民营/其他,未知
广东省,佛山市,顺德区,顺德乐从回昱昕内科诊所,顺德乐从回昱昕内科诊所,民营/其他,未知
广东省,佛山市,顺德区,顺德乐从黄绮玲口腔诊所,顺德乐从黄绮玲口腔诊所,民营/其他,未知
广东省,佛山市,顺德区,顺德乐从何顺叶儿科诊所,顺德乐从何顺叶儿科诊所,民营/其他,未知
广东省,佛山市,顺德区,佛山市顺德区慢性病防治中心,佛山市顺德区慢性病防治中心,公立/其他,未知
广东省,佛山市,顺德区,佛山市顺德区慢性病防治中心第二门诊部,佛山市顺德区慢性病防治中心第二门诊部,公立/其他,未知
广东省,佛山市,顺德区,佛山市顺德区疾病预防控制中心门诊部,佛山市顺德区疾病预防控制中心门诊部,公立/门诊,未知
广东省,佛山市,顺德区,佛山市高明区杨和镇沙水社区卫生服务站,佛山市高明区杨和镇沙水社区卫生服务站,其他/其他,未知
广东省,佛山市,顺德区,佛山高明杨和镇豸岗卫生站,佛山高明杨和镇豸岗卫生站,其他/其他,未知
广东省,佛山市,顺德区,佛山高明明城镇坟典卫生站,佛山高明明城镇坟典卫生站,其他/其他,未知
广东省,佛山市,顺德区,荷城街道东西卫生站,荷城街道东西卫生站,其他/其他,未知
广东省,佛山市,顺德区,荷城街道照明社区卫生服务站,荷城街道照明社区卫生服务站,其他/其他,未知
广东省,佛山市,顺德区,顺德区杏坛吉祐卫生站,顺德区杏坛吉祐卫生站,其他/其他,未知
广东省,佛山市,顺德区,佛山市顺德区杏坛镇龙潭社区卫生服务站,佛山市顺德区杏坛镇龙潭社区卫生服务站,其他/其他,未知
广东省,佛山市,顺德区,佛山市顺德区杏坛医院海凌卫生所,佛山市顺德区杏坛医院海凌卫生所,其他/其他,未知
广东省,佛山市,顺德区,顺德区龙江镇东头卫生站,顺德区龙江镇东头卫生站,其他/其他,未知
广东省,佛山市,顺德区,佛山市顺德区均安医院天湖卫生所,佛山市顺德区均安医院天湖卫生所,其他/其他,未知
广东省,佛山市,顺德区,顺德区勒流富裕卫生站,顺德区勒流富裕卫生站,其他/其他,未知
广东省,佛山市,顺德区,佛山市顺德区杏坛医院南朗卫生所,佛山市顺德区杏坛医院南朗卫生所,其他/其他,未知
广东省,佛山市,顺德区,顺德区杏坛光华卫生站,顺德区杏坛光华卫生站,其他/其他,未知
广东省,佛山市,顺德区,顺德区杏坛马宁卫生站,顺德区杏坛马宁卫生站,其他/其他,未知
广东省,佛山市,顺德区,顺德区北滘广教卫生站,顺德区北滘广教卫生站,其他/其他,未知
广东省,佛山市,顺德区,佛山市顺德区陈村镇潭村社区卫生服务站,佛山市顺德区陈村镇潭村社区卫生服务站,其他/其他,未知
广东省,佛山市,顺德区,顺德区勒流勒北北星卫生站,顺德区勒流勒北北星卫生站,其他/其他,未知
广东省,佛山市,顺德区,顺德区容桂海尾卫生站,顺德区容桂海尾卫生站,其他/其他,未知
广东省,佛山市,顺德区,佛山市顺德区北滘镇三桂社区卫生服务站,佛山市顺德区北滘镇三桂社区卫生服务站,其他/其他,未知
广东省,佛山市,顺德区,顺德区龙江镇新华西卫生站,顺德区龙江镇新华西卫生站,其他/其他,未知
广东省,佛山市,顺德区,佛山市顺德区均安镇南沙社区卫生服务站,佛山市顺德区均安镇南沙社区卫生服务站,其他/其他,未知
广东省,佛山市,顺德区,顺德区陈村绀现二龙卫生站,顺德区陈村绀现二龙卫生站,其他/其他,未知
广东省,佛山市,顺德区,顺德区杏坛高赞高北卫生站,顺德区杏坛高赞高北卫生站,其他/其他,未知
广东省,佛山市,顺德区,佛山市顺德区陈村镇旧圩社区卫生服务站,佛山市顺德区陈村镇旧圩社区卫生服务站,其他/其他,未知
广东省,佛山市,顺德区,佛山市顺德区伦教三洲社区卫生服务站,佛山市顺德区伦教三洲社区卫生服务站,其他/其他,未知
广东省,佛山市,顺德区,佛山市顺德区均安镇星槎社区卫生服务站,佛山市顺德区均安镇星槎社区卫生服务站,其他/其他,未知
广东省,佛山市,顺德区,顺德区北滘黄龙卫生站,顺德区北滘黄龙卫生站,其他/其他,未知
广东省,佛山市,顺德区,佛山市顺德区大良锦湖社区卫生服务站,佛山市顺德区大良锦湖社区卫生服务站,其他/其他,未知
广东省,佛山市,顺德区,顺德区龙江镇龙江居委会卫生站,顺德区龙江镇龙江居委会卫生站,其他/其他,未知
广东省,佛山市,顺德区,佛山市顺德区容桂扁滘社区卫生服务站,佛山市顺德区容桂扁滘社区卫生服务站,其他/其他,未知
广东省,佛山市,顺德区,佛山市顺德区勒流江义社区卫生服务站,佛山市顺德区勒流江义社区卫生服务站,其他/其他,未知
广东省,佛山市,顺德区,顺德区杏坛镇上地卫生站,顺德区杏坛镇上地卫生站,其他/其他,未知
广东省,佛山市,顺德区,佛山市顺德区北滘医院马龙卫生所,佛山市顺德区北滘医院马龙卫生所,其他/其他,未知
广东省,佛山市,顺德区,顺德区杏坛雁园卫生站,顺德区杏坛雁园卫生站,其他/其他,未知
广东省,佛山市,顺德区,顺德区陈村石洲卫生站,顺德区陈村石洲卫生站,其他/其他,未知
广东省,佛山市,顺德区,佛山市顺德区大良医院沙头卫生所,佛山市顺德区大良医院沙头卫生所,其他/其他,未知
广东省,佛山市,顺德区,佛山市顺德区勒流大晚社区卫生服务站,佛山市顺德区勒流大晚社区卫生服务站,其他/其他,未知
广东省,佛山市,顺德区,顺德区北滘西海卫生站,顺德区北滘西海卫生站,其他/其他,未知
广东省,佛山市,顺德区,佛山市顺德区勒流连杜社区卫生服务站,佛山市顺德区勒流连杜社区卫生服务站,其他/其他,未知
广东省,佛山市,顺德区,顺德区北滘槎涌卫生站,顺德区北滘槎涌卫生站,其他/其他,未知
广东省,佛山市,顺德区,佛山市顺德区北滘医院槎涌卫生所,佛山市顺德区北滘医院槎涌卫生所,其他/其他,未知
广东省,佛山市,顺德区,顺德区杏坛新联蒲洲卫生站,顺德区杏坛新联蒲洲卫生站,其他/其他,未知
广东省,佛山市,顺德区,顺德区陈村勒竹卫生站,顺德区陈村勒竹卫生站,其他/其他,未知
广东省,佛山市,顺德区,佛山市顺德区杏坛工业区社区卫生服务站,佛山市顺德区杏坛工业区社区卫生服务站,其他/其他,未知
广东省,佛山市,顺德区,顺德区陈村石洲文海卫生站,顺德区陈村石洲文海卫生站,其他/其他,未知
广东省,佛山市,顺德区,佛山市顺德区伦教羊额社区卫生服务站,佛山市顺德区伦教羊额社区卫生服务站,其他/其他,未知
广东省,佛山市,顺德区,佛山市顺德区伦教霞石社区卫生服务站,佛山市顺德区伦教霞石社区卫生服务站,其他/其他,未知
广东省,佛山市,顺德区,佛山市顺德区容桂细滘社区卫生服务站,佛山市顺德区容桂细滘社区卫生服务站,其他/其他,未知
广东省,佛山市,顺德区,顺德区北滘马龙南街卫生站,顺德区北滘马龙南街卫生站,其他/其他,未知
广东省,佛山市,顺德区,佛山市顺德区勒流富安工业区社区卫生服务站,佛山市顺德区勒流富安工业区社区卫生服务站,其他/其他,未知
广东省,佛山市,顺德区,顺德区北滘黄涌卫生站,顺德区北滘黄涌卫生站,其他/其他,未知
广东省,佛山市,顺德区,顺德区容桂红星卫生站,顺德区容桂红星卫生站,其他/其他,未知
广东省,佛山市,顺德区,顺德区杏坛逢简卫生站,顺德区杏坛逢简卫生站,其他/其他,未知
广东省,佛山市,顺德区,顺德区龙江镇隔海卫生站,顺德区龙江镇隔海卫生站,其他/其他,未知
广东省,佛山市,顺德区,佛山市顺德区容桂马冈社区卫生服务站,佛山市顺德区容桂马冈社区卫生服务站,其他/其他,未知
广东省,佛山市,顺德区,顺德区杏坛新联聚胜卫生站,顺德区杏坛新联聚胜卫生站,其他/其他,未知
广东省,佛山市,顺德区,佛山市顺德区容桂华口社区卫生服务站,佛山市顺德区容桂华口社区卫生服务站,其他/其他,未知
广东省,佛山市,顺德区,佛山市顺德区勒流龙眼社区卫生服务站,佛山市顺德区勒流龙眼社区卫生服务站,其他/其他,未知
广东省,佛山市,顺德区,顺德区北滘高村卫生站,顺德区北滘高村卫生站,其他/其他,未知
广东省,佛山市,顺德区,顺德区杏坛北水卫生站,顺德区杏坛北水卫生站,其他/其他,未知
广东省,佛山市,顺德区,佛山市顺德区北滘医院林头门诊部,佛山市顺德区北滘医院林头门诊部,公立/门诊,未知
广东省,佛山市,顺德区,何志锵中医诊所,何志锵中医诊所,民营/其他,未知
广东省,佛山市,顺德区,佛山市顺德区乐从医院大闸门诊部,佛山市顺德区乐从医院大闸门诊部,公立/门诊,未知
广东省,佛山市,顺德区,德康门诊部,德康门诊部,民营/门诊,未知
广东省,佛山市,顺德区,顺德容桂梁正开内科诊所,顺德容桂梁正开内科诊所,民营/其他,未知
广东省,佛山市,顺德区,卢葵欢口腔诊所,卢葵欢口腔诊所,民营/其他,未知
广东省,佛山市,顺德区,顺德容桂梁信球内科诊所,顺德容桂梁信球内科诊所,民营/其他,未知
广东省,佛山市,顺德区,叶锦枝中医诊所,叶锦枝中医诊所,民营/其他,未知
广东省,佛山市,顺德区,路心牙科联合诊所,路心牙科联合诊所,民营/其他,未知
广东省,佛山市,顺德区,佛山市顺德区杏坛医院利来牙科门诊部,佛山市顺德区杏坛医院利来牙科门诊部,公立/门诊,未知
广东省,佛山市,顺德区,梁德建口腔诊所,梁德建口腔诊所,民营/其他,未知
广东省,佛山市,顺德区,容里门诊部,容里门诊部,民营/门诊,未知
广东省,佛山市,顺德区,邹英华个体诊所,邹英华个体诊所,民营/其他,未知
广东省,佛山市,顺德区,区汉瑞口腔诊所,区汉瑞口腔诊所,民营/其他,未知
广东省,佛山市,顺德区,佛山市顺德区杏坛医院敬老院门诊部,佛山市顺德区杏坛医院敬老院门诊部,公立/门诊,未知
广东省,佛山市,顺德区,新光明门诊部,新光明门诊部,民营/门诊,未知
广东省,佛山市,顺德区,黄茂华个体诊所,黄茂华个体诊所,民营/其他,未知
广东省,佛山市,顺德区,陆志均个体诊所,陆志均个体诊所,民营/其他,未知
广东省,佛山市,顺德区,黄晓红口腔诊所,黄晓红口腔诊所,民营/其他,未知
广东省,佛山市,顺德区,顺德乐从苏华口腔诊所,顺德乐从苏华口腔诊所,民营/其他,未知
广东省,佛山市,顺德区,付薇中医诊所,付薇中医诊所,民营/其他,未知
广东省,佛山市,顺德区,佛山市顺德区勒流医院金城口腔门诊部,佛山市顺德区勒流医院金城口腔门诊部,公立/门诊,未知
广东省,佛山市,顺德区,顺德伦教黄正乾口腔诊所,顺德伦教黄正乾口腔诊所,民营/其他,未知
广东省,佛山市,顺德区,李超文口腔诊所,李超文口腔诊所,民营/其他,未知
广东省,佛山市,顺德区,邹振兴口腔诊所,邹振兴口腔诊所,民营/其他,未知
广东省,佛山市,顺德区,杏良门诊部,杏良门诊部,民营/其他,未知
广东省,佛山市,顺德区,顺德容桂欧润和内科诊所,顺德容桂欧润和内科诊所,民营/其他,未知
广东省,佛山市,顺德区,何剑青口腔诊所,何剑青口腔诊所,民营/其他,未知
广东省,佛山市,顺德区,顺德乐从岑炽扬中医诊所,顺德乐从岑炽扬中医诊所,民营/其他,未知
广东省,佛山市,顺德区,佛山市顺德区桂洲医院翠竹门诊部,佛山市顺德区桂洲医院翠竹门诊部,公立/其他,未知
广东省,佛山市,顺德区,胡绍彭中医诊所,胡绍彭中医诊所,民营/其他,未知
广东省,佛山市,顺德区,黎宝玲个体诊所,黎宝玲个体诊所,民营/其他,未知
广东省,佛山市,顺德区,佛山市顺德区杏坛医院齐杏门诊部,佛山市顺德区杏坛医院齐杏门诊部,公立/门诊,未知
广东省,佛山市,顺德区,梁勇个体诊所,梁勇个体诊所,民营/其他,未知
广东省,佛山市,顺德区,郑燎口腔诊所,郑燎口腔诊所,民营/其他,未知
广东省,佛山市,顺德区,冯衍麟中医诊所,冯衍麟中医诊所,民营/其他,未知
广东省,佛山市,顺德区,顺德均安李汉雄内科诊所,顺德均安李汉雄内科诊所,民营/其他,未知
广东省,佛山市,顺德区,黎志明个体诊所,黎志明个体诊所,民营/其他,未知
广东省,佛山市,顺德区,佛山市顺德区中医院第三门诊部,佛山市顺德区中医院第三门诊部,公立/门诊,未知
广东省,佛山市,顺德区,顺德陈村温水容口腔诊所,顺德陈村温水容口腔诊所,民营/其他,未知
广东省,佛山市,顺德区,志德口腔门诊部,志德口腔门诊部,民营/门诊,未知
广东省,佛山市,顺德区,顺德新世纪泌尿专科医院,顺德新世纪泌尿专科医院,民营/专科医院,一级医院
广东省,佛山市,顺德区,顺德玛丽娅医疗美容医院,顺德玛丽娅医疗美容医院,民营/专科医院,一级医院
广东省,佛山市,顺德区,邓国柱口腔诊所,邓国柱口腔诊所,民营/其他,未知
广东省,佛山市,顺德区,龙济门诊部,龙济门诊部,民营/其他,未知
广东省,佛山市,顺德区,亮齿口腔诊所,亮齿口腔诊所,民营/其他,未知
广东省,佛山市,顺德区,顺德杏坛甘剑琴口腔诊所,顺德杏坛甘剑琴口腔诊所,民营/其他,未知
广东省,佛山市,顺德区,李景行口腔诊所,李景行口腔诊所,民营/其他,未知
广东省,佛山市,顺德区,顺德伦教韦夕中医诊所,顺德伦教韦夕中医诊所,民营/其他,未知
广东省,佛山市,顺德区,李小文中西医结合诊所,李小文中西医结合诊所,民营/其他,未知
广东省,佛山市,顺德区,佛山市顺德区龙江医院华西门诊部,佛山市顺德区龙江医院华西门诊部,公立/其他,未知
广东省,佛山市,顺德区,刘殿全个体诊所,刘殿全个体诊所,民营/其他,未知
广东省,佛山市,顺德区,顺德大良微笑口腔门诊部,顺德大良微笑口腔门诊部,民营/门诊,未评级
广东省,佛山市,顺德区,陈勇个体诊所,陈勇个体诊所,民营/其他,未知
广东省,佛山市,顺德区,冷本强口腔诊所,冷本强口腔诊所,民营/其他,未知
广东省,佛山市,顺德区,顺德勒流江根文内科诊所,顺德勒流江根文内科诊所,民营/其他,未知
广东省,佛山市,顺德区,顺德均安林康权儿科诊所,顺德均安林康权儿科诊所,民营/其他,未知
广东省,佛山市,顺德区,广元医学康复门诊部,广元医学康复门诊部,民营/其他,未知
广东省,佛山市,顺德区,顺德大良何锦钊内科诊所,顺德大良何锦钊内科诊所,民营/其他,未知
广东省,佛山市,顺德区,佛山市顺德区大良医院锦岩门诊部,佛山市顺德区大良医院锦岩门诊部,公立/门诊,未知
广东省,佛山市,顺德区,佛山市顺德区大良医院环市北门诊部,佛山市顺德区大良医院环市北门诊部,公立/门诊,未知
广东省,佛山市,顺德区,佛山市顺德区残疾人康复中心门诊部,佛山市顺德区残疾人康复中心门诊部,其他/门诊,未知
广东省,佛山市,顺德区,顺德北滘何志端内科诊所,顺德北滘何志端内科诊所,民营/其他,未知
广东省,佛山市,顺德区,顺德北滘莫明光内科诊所,顺德北滘莫明光内科诊所,民营/其他,未知
广东省,佛山市,顺德区,顺德东方女子医院,顺德东方女子医院,民营/其他,未知
广东省,佛山市,顺德区,顺德容桂梁惠文内科诊所,顺德容桂梁惠文内科诊所,民营/其他,未知
广东省,佛山市,顺德区,顺德明景糖尿病医院,顺德明景糖尿病医院,民营/专科医院,未知
广东省,佛山市,顺德区,顺德杏坛欧阳锦峰儿科诊所,顺德杏坛欧阳锦峰儿科诊所,民营/其他,未知
广东省,佛山市,顺德区,顺德均安张新荣内科诊所,顺德均安张新荣内科诊所,民营/其他,未知
广东省,佛山市,顺德区,佛山市顺德区乐从镇社区卫生服务中心,佛山市顺德区乐从镇社区卫生服务中心,其他/其他,一级医院
广东省,佛山市,顺德区,佛山市顺德区龙江镇仙塘社区卫生服务站,佛山市顺德区龙江镇仙塘社区卫生服务站,其他/其他,未知
广东省,佛山市,顺德区,顺德区龙江镇官田卫生站,顺德区龙江镇官田卫生站,其他/其他,未知
广东省,佛山市,顺德区,佛山市顺德区容桂大福基社区卫生服务站,佛山市顺德区容桂大福基社区卫生服务站,其他/其他,未知
广东省,佛山市,顺德区,顺德区北滘水口卫生站,顺德区北滘水口卫生站,其他/其他,未知
广东省,佛山市,顺德区,佛山市顺德区乐从医院良教卫生所,佛山市顺德区乐从医院良教卫生所,其他/其他,未知
广东省,佛山市,顺德区,佛山市顺德区伦教长丰社区卫生服务站,佛山市顺德区伦教长丰社区卫生服务站,其他/其他,未知
广东省,佛山市,顺德区,佛山市顺德区伦教工业区社区卫生服务站,佛山市顺德区伦教工业区社区卫生服务站,民营/其他,未知
广东省,佛山市,顺德区,顺德区伦教荔村卫生站,顺德区伦教荔村卫生站,其他/其他,未知
广东省,佛山市,顺德区,顺德区杏坛马齐卫生站,顺德区杏坛马齐卫生站,其他/其他,未知
广东省,佛山市,顺德区,佛山市顺德区容桂容山社区卫生服务站,佛山市顺德区容桂容山社区卫生服务站,其他/其他,未知
广东省,佛山市,顺德区,佛山市顺德区杏坛镇蓬莱社区卫生服务站,佛山市顺德区杏坛镇蓬莱社区卫生服务站,其他/其他,未知
广东省,佛山市,顺德区,顺德区杏坛镇光辉卫生站,顺德区杏坛镇光辉卫生站,其他/其他,未知
广东省,佛山市,顺德区,佛山市顺德区乐从医院腾冲卫生所,佛山市顺德区乐从医院腾冲卫生所,其他/其他,未知
广东省,佛山市,顺德区,佛山市顺德区陈村医院碧桂花城门诊部,佛山市顺德区陈村医院碧桂花城门诊部,其他/其他,未知
广东省,佛山市,顺德区,顺德区杏坛高赞高南卫生站,顺德区杏坛高赞高南卫生站,其他/其他,未知
广东省,佛山市,顺德区,佛山市顺德区容桂花溪社区卫生服务站,佛山市顺德区容桂花溪社区卫生服务站,其他/其他,未知
广东省,佛山市,顺德区,顺德区北滘林头卫生站,顺德区北滘林头卫生站,其他/其他,未知
广东省,佛山市,顺德区,顺德区陈村永兴卫生站,顺德区陈村永兴卫生站,其他/其他,未知
广东省,佛山市,顺德区,佛山市顺德区北滘医院高村卫生所,佛山市顺德区北滘医院高村卫生所,其他/其他,未知
广东省,佛山市,顺德区,顺德区陈村登州卫生站,顺德区陈村登州卫生站,其他/其他,未知
广东省,佛山市,顺德区,佛山市顺德区容桂小黄圃社区卫生服务站,佛山市顺德区容桂小黄圃社区卫生服务站,其他/其他,未知
广东省,佛山市,顺德区,佛山市顺德区乐从医院上华卫生所,佛山市顺德区乐从医院上华卫生所,其他/其他,未知
广东省,佛山市,顺德区,顺德区勒流上涌卫生站,顺德区勒流上涌卫生站,其他/其他,未知
广东省,佛山市,顺德区,佛山市顺德区大良医院古鉴卫生所,佛山市顺德区大良医院古鉴卫生所,其他/其他,未知
广东省,佛山市,顺德区,佛山市顺德区北滘医院广教卫生所,佛山市顺德区北滘医院广教卫生所,其他/其他,未知
广东省,佛山市,顺德区,顺德区容桂龙涌口卫生站,顺德区容桂龙涌口卫生站,其他/其他,未知
广东省,佛山市,顺德区,顺德区勒流新埠卫生站,顺德区勒流新埠卫生站,其他/其他,未知
广东省,佛山市,顺德区,佛山市顺德区容桂桂洲社区卫生服务站,佛山市顺德区容桂桂洲社区卫生服务站,其他/其他,未知
广东省,佛山市,顺德区,顺德区勒流勒北槎涌卫生站,顺德区勒流勒北槎涌卫生站,其他/其他,未知
广东省,佛山市,顺德区,顺德区龙江镇排沙卫生站,顺德区龙江镇排沙卫生站,其他/其他,未知
广东省,佛山市,顺德区,佛山市顺德区均安医院畅兴工业园卫生所,佛山市顺德区均安医院畅兴工业园卫生所,其他/其他,未知
广东省,佛山市,顺德区,佛山市顺德区龙江镇社区卫生服务中心,佛山市顺德区龙江镇社区卫生服务中心,其他/其他,未知
广东省,佛山市,顺德区,佛山市顺德区勒流医院扶闾卫生所,佛山市顺德区勒流医院扶闾卫生所,其他/其他,未知
广东省,佛山市,顺德区,佛山市顺德区勒流医院南水卫生所,佛山市顺德区勒流医院南水卫生所,其他/其他,未知
广东省,佛山市,顺德区,佛山市顺德区伦教常教社区卫生服务站,佛山市顺德区伦教常教社区卫生服务站,其他/其他,未知
广东省,佛山市,顺德区,顺德区容桂穗香卫生站,顺德区容桂穗香卫生站,其他/其他,未知
广东省,佛山市,顺德区,佛山市顺德区大良医院逢沙卫生所,佛山市顺德区大良医院逢沙卫生所,其他/其他,未知
广东省,佛山市,顺德区,顺德区北滘上僚卫生站,顺德区北滘上僚卫生站,其他/其他,未知
广东省,佛山市,顺德区,顺德区乐从良村卫生站,顺德区乐从良村卫生站,其他/其他,未知
广东省,佛山市,顺德区,佛山市顺德区乐从镇良教社区卫生服务站,佛山市顺德区乐从镇良教社区卫生服务站,民营/其他,未知
广东省,佛山市,顺德区,佛山市顺德区乐从医院小布卫生所,佛山市顺德区乐从医院小布卫生所,其他/其他,未知
广东省,佛山市,顺德区,佛山市顺德区北滘医院黄涌卫生所,佛山市顺德区北滘医院黄涌卫生所,其他/其他,未知
广东省,佛山市,顺德区,顺德区北滘济虹卫生站,顺德区北滘济虹卫生站,其他/其他,未知
广东省,佛山市,顺德区,顺德区陈村弼教卫生站,顺德区陈村弼教卫生站,其他/其他,未知
广东省,佛山市,顺德区,崔琦英中医诊所,崔琦英中医诊所,民营/其他,未知
广东省,佛山市,顺德区,顺德勒流涂永来内科诊所,顺德勒流涂永来内科诊所,民营/其他,未知
广东省,佛山市,顺德区,顺德伦教叶尚莲中医骨伤科诊所,顺德伦教叶尚莲中医骨伤科诊所,民营/其他,未知
广东省,佛山市,顺德区,顺德区龙江镇旺岗卫生站,顺德区龙江镇旺岗卫生站,其他/其他,未知
广东省,佛山市,顺德区,顺德龙江黄建好口腔诊所,顺德龙江黄建好口腔诊所,民营/其他,未知
广东省,佛山市,顺德区,顺德区容桂小黄圃东升卫生站,顺德区容桂小黄圃东升卫生站,其他/其他,未知
广东省,佛山市,顺德区,顺德北滘承德康复门诊部,顺德北滘承德康复门诊部,民营/门诊,未知
广东省,佛山市,顺德区,何协源口腔诊所,何协源口腔诊所,其他/其他,未知
广东省,佛山市,顺德区,佛山市顺德区乐从医院大墩门诊部,佛山市顺德区乐从医院大墩门诊部,其他/其他,未知
广东省,佛山市,顺德区,顺德区乐从新隆卫生站,顺德区乐从新隆卫生站,其他/其他,未知
广东省,佛山市,顺德区,顺德区北滘碧江坤洲卫生站,顺德区北滘碧江坤洲卫生站,其他/其他,未知
广东省,佛山市,顺德区,佛山市顺德区乐从医院路州门诊部,佛山市顺德区乐从医院路州门诊部,其他/门诊,未知
广东省,佛山市,顺德区,佛山市顺德区龙江镇同兴社区卫生服务站,佛山市顺德区龙江镇同兴社区卫生服务站,其他/其他,未知
广东省,佛山市,顺德区,顺德区陈村赤花卫生站,顺德区陈村赤花卫生站,其他/其他,未知
广东省,佛山市,顺德区,顺德区杏坛西北北头卫生站,顺德区杏坛西北北头卫生站,其他/其他,未知
广东省,佛山市,顺德区,顺德区龙江镇苏溪卫生站,顺德区龙江镇苏溪卫生站,其他/其他,未知
广东省,佛山市,顺德区,顺德区陈村仙涌卫生站,顺德区陈村仙涌卫生站,其他/其他,未知
广东省,佛山市,顺德区,顺德区勒流东风卫生站,顺德区勒流东风卫生站,其他/其他,未知
广东省,佛山市,顺德区,顺德区杏坛高赞高西卫生站,顺德区杏坛高赞高西卫生站,其他/其他,未知
广东省,佛山市,顺德区,顺德区勒流冲鹤卫生站,顺德区勒流冲鹤卫生站,其他/其他,未知
广东省,佛山市,顺德区,佛山市顺德区龙江镇北山社区卫生服务站,佛山市顺德区龙江镇北山社区卫生服务站,其他/其他,未知
广东省,佛山市,顺德区,顺德乐从沙边卫生站,顺德乐从沙边卫生站,其他/其他,未知
广东省,佛山市,顺德区,顺德区勒流新安安利卫生站,顺德区勒流新安安利卫生站,其他/其他,未知
广东省,佛山市,顺德区,佛山市顺德区北滘镇三洪奇社区卫生服务站,佛山市顺德区北滘镇三洪奇社区卫生服务站,民营/其他,未知
广东省,佛山市,顺德区,顺德区杏坛东村卫生站,顺德区杏坛东村卫生站,其他/其他,未知
广东省,佛山市,顺德区,顺德区容桂高黎卫生站,顺德区容桂高黎卫生站,其他/其他,未知
广东省,佛山市,顺德区,顺德区勒流光大卫生站,顺德区勒流光大卫生站,其他/其他,未知
广东省,佛山市,顺德区,顺德区容桂四基卫生站,顺德区容桂四基卫生站,其他/其他,未知
广东省,佛山市,顺德区,顺德区龙江镇南坑卫生站,顺德区龙江镇南坑卫生站,其他/其他,未知
广东省,佛山市,顺德区,佛山市顺德区乐从医院葛岸卫生所,佛山市顺德区乐从医院葛岸卫生所,其他/其他,未知
广东省,佛山市,顺德区,佛山市顺德区均安医院南浦卫生所,佛山市顺德区均安医院南浦卫生所,其他/其他,未知
广东省,佛山市,顺德区,顺德区陈村绀现卫生站,顺德区陈村绀现卫生站,其他/其他,未知
广东省,佛山市,顺德区,佛山市顺德区北滘医院水口卫生所,佛山市顺德区北滘医院水口卫生所,其他/其他,未知
广东省,佛山市,顺德区,佛山市顺德区陈村镇大都社区卫生服务站,佛山市顺德区陈村镇大都社区卫生服务站,其他/其他,未知
广东省,佛山市,顺德区,顺德区勒流裕源裕涌卫生站,顺德区勒流裕源裕涌卫生站,其他/其他,未知
广东省,佛山市,顺德区,顺德区乐从水藤卫生站,顺德区乐从水藤卫生站,其他/其他,未知
广东省,佛山市,顺德区,顺德区勒流裕源清源卫生站,顺德区勒流裕源清源卫生站,其他/其他,未知
广东省,佛山市,顺德区,佛山市顺德区勒流医院稔海卫生所,佛山市顺德区勒流医院稔海卫生所,其他/其他,未知
广东省,佛山市,顺德区,佛山市顺德区勒流医院江村卫生所,佛山市顺德区勒流医院江村卫生所,其他/其他,未知
广东省,佛山市,顺德区,顺德区勒流西华卫生站,顺德区勒流西华卫生站,其他/其他,未知
广东省,佛山市,顺德区,佛山市顺德区伦教熹涌社区卫生服务站,佛山市顺德区伦教熹涌社区卫生服务站,其他/其他,未知
广东省,佛山市,顺德区,顺德勒流陈献明内科诊所,顺德勒流陈献明内科诊所,民营/其他,未知
广东省,佛山市,顺德区,顺德区北滘莘村卫生站,顺德区北滘莘村卫生站,其他/其他,未知
广东省,佛山市,顺德区,佛山市顺德区杏坛医院右滩卫生所,佛山市顺德区杏坛医院右滩卫生所,其他/其他,未知
广东省,佛山市,顺德区,顺德区北滘西滘卫生站,顺德区北滘西滘卫生站,其他/其他,未知
广东省,佛山市,顺德区,顺德区杏坛新联北沙卫生站,顺德区杏坛新联北沙卫生站,其他/其他,未知
广东省,佛山市,顺德区,佛山市顺德区杏坛医院麦村卫生所,佛山市顺德区杏坛医院麦村卫生所,其他/其他,未知
广东省,佛山市,顺德区,顺德区北滘桃村卫生站,顺德区北滘桃村卫生站,其他/其他,未知
广东省,佛山市,顺德区,佛山市顺德区均安镇鹤峰社区卫生服务站,佛山市顺德区均安镇鹤峰社区卫生服务站,其他/其他,未知
广东省,佛山市,顺德区,顺德区陈村庄头西淋卫生站,顺德区陈村庄头西淋卫生站,其他/其他,未知
广东省,佛山市,顺德区,佛山市顺德区陈村镇仙涌社区卫生服务站,佛山市顺德区陈村镇仙涌社区卫生服务站,其他/其他,未知
广东省,佛山市,顺德区,佛山市顺德区容桂上佳市社区卫生服务站,佛山市顺德区容桂上佳市社区卫生服务站,其他/其他,未知
广东省,佛山市,顺德区,顺德区北滘碧江都宁卫生站,顺德区北滘碧江都宁卫生站,其他/其他,未知
广东省,佛山市,顺德区,顺德区杏坛镇高西卫生分站,顺德区杏坛镇高西卫生分站,其他/其他,未知
广东省,佛山市,顺德区,顺德区乐从小涌卫生站,顺德区乐从小涌卫生站,其他/其他,未知
广东省,佛山市,顺德区,佛山市顺德区均安医院敬老院卫生所,佛山市顺德区均安医院敬老院卫生所,公立/其他,未知
广东省,佛山市,顺德区,顺德区勒流桥东卫生站,顺德区勒流桥东卫生站,其他/其他,未知
广东省,佛山市,顺德区,顺德陈村苏惠贞内科诊所,顺德陈村苏惠贞内科诊所,民营/其他,未知
广东省,佛山市,顺德区,顺德区陈村仙涌旺沙卫生站,顺德区陈村仙涌旺沙卫生站,其他/其他,未知
广东省,佛山市,顺德区,顺德区龙江镇东涌卫生站,顺德区龙江镇东涌卫生站,其他/其他,未知
广东省,佛山市,顺德区,顺德区龙江镇西溪卫生站,顺德区龙江镇西溪卫生站,其他/其他,未知
广东省,佛山市,顺德区,佛山市顺德区杏坛医院吉祐卫生所,佛山市顺德区杏坛医院吉祐卫生所,其他/其他,未知
广东省,佛山市,顺德区,佛山市顺德区勒流黄连社区卫生服务站,佛山市顺德区勒流黄连社区卫生服务站,其他/其他,未知
广东省,佛山市,顺德区,顺德区伦教仕版卫生站,顺德区伦教仕版卫生站,其他/其他,未知
广东省,佛山市,顺德区,顺德区勒流新安新启卫生站,顺德区勒流新安新启卫生站,其他/其他,未知
广东省,佛山市,顺德区,顺德区北滘双桥卫生站,顺德区北滘双桥卫生站,其他/其他,未知
广东省,佛山市,顺德区,佛山市顺德区杏坛医院高赞卫生所,佛山市顺德区杏坛医院高赞卫生所,其他/其他,未知
广东省,佛山市,顺德区,佛山市顺德区均安镇沙浦社区卫生服务站,佛山市顺德区均安镇沙浦社区卫生服务站,其他/其他,未知
广东省,佛山市,顺德区,顺德区龙江镇坦西卫生站,顺德区龙江镇坦西卫生站,其他/其他,未知
广东省,佛山市,顺德区,顺德区杏坛右滩卫生站,顺德区杏坛右滩卫生站,其他/其他,未知
广东省,佛山市,顺德区,顺德乐从荷村卫生站,顺德乐从荷村卫生站,其他/其他,未知
广东省,佛山市,顺德区,顺德区龙江镇万安卫生站,顺德区龙江镇万安卫生站,其他/其他,未知
广东省,佛山市,顺德区,顺德区龙江镇仙塘卫生站,顺德区龙江镇仙塘卫生站,其他/其他,未知
广东省,佛山市,顺德区,顺德区杏坛镇杏坛居委会卫生站,顺德区杏坛镇杏坛居委会卫生站,其他/其他,未知
广东省,佛山市,顺德区,顺德区龙江镇沙富卫生站,顺德区龙江镇沙富卫生站,其他/其他,未知
广东省,佛山市,顺德区,佛山市顺德区杏坛医院马宁卫生所,佛山市顺德区杏坛医院马宁卫生所,其他/其他,未知
广东省,佛山市,顺德区,顺德区杏坛路涌卫生站,顺德区杏坛路涌卫生站,其他/其他,未知
广东省,佛山市,顺德区,佛山市顺德区均安医院菱溪卫生所,佛山市顺德区均安医院菱溪卫生所,其他/其他,未知
广东省,佛山市,顺德区,佛山市顺德区均安医院仓门卫生所,佛山市顺德区均安医院仓门卫生所,其他/其他,未知
广东省,佛山市,顺德区,佛山市顺德区龙江镇龙山社区卫生服务站,佛山市顺德区龙江镇龙山社区卫生服务站,民营/其他,未知
广东省,佛山市,顺德区,顺德区陈村南涌卫生站,顺德区陈村南涌卫生站,其他/其他,未知
广东省,佛山市,顺德区,佛山市顺德区乐从镇腾冲社区卫生服务站,佛山市顺德区乐从镇腾冲社区卫生服务站,民营/其他,未知
广东省,佛山市,顺德区,佛山市顺德区大良医院云路卫生所,佛山市顺德区大良医院云路卫生所,其他/其他,未知
广东省,佛山市,顺德区,佛山市顺德区妇幼保健院,佛山市顺德区妇儿医院,公立/综合医院,二级甲等
广东省,佛山市,顺德区,南方医科大学北滘医院,顺德北滘医院,公立/综合医院,二级甲等
广东省,佛山市,顺德区,佛山市顺德区伦教镇医院,佛山市顺德区伦教镇医院,公立/综合医院,一级甲等
广东省,佛山市,顺德区,佛山市顺德区凤山医院,佛山市顺德区凤山医院,公立/综合医院,未知
广东省,佛山市,顺德区,佛山市顺德区北窖镇医院,佛山市顺德区北窖镇医院,公立/综合医院,二级甲等
广东省,佛山市,顺德区,勒流医院,勒流医院,公立/综合医院,一级乙等
广东省,佛山市,顺德区,顺德区马洲医院,顺德区马洲医院,公立/综合医院,未知
广东省,佛山市,顺德区,顺德龙江廖兆雄口腔诊所,顺德龙江廖兆雄口腔诊所,民营/其他,未知
广东省,佛山市,顺德区,顺德勒流何锐光口腔诊所,顺德勒流何锐光口腔诊所,民营/其他,未知
广东省,佛山市,顺德区,顺德祈康老年病医院,顺德祈康老年病医院,民营/其他,未知
广东省,佛山市,顺德区,顺德北滘雷良耳鼻咽喉科诊所,顺德北滘雷良耳鼻咽喉科诊所,民营/其他,未知
广东省,佛山市,顺德区,顺德大良中旅门诊部,顺德大良中旅门诊部,民营/门诊,未知
广东省,佛山市,顺德区,顺德容桂黄秋云内科诊所,顺德容桂黄秋云内科诊所,民营/其他,未知
广东省,佛山市,顺德区,顺德容桂徐云南内科诊所,顺德容桂徐云南内科诊所,民营/其他,未知
广东省,佛山市,顺德区,顺德容桂黎少波内科诊所,顺德容桂黎少波内科诊所,民营/其他,未知
广东省,佛山市,顺德区,顺德容桂吴桂婷内科诊所,顺德容桂吴桂婷内科诊所,民营/其他,未知
广东省,佛山市,顺德区,顺德容桂周婉平内科诊所,顺德容桂周婉平内科诊所,民营/其他,未知
广东省,佛山市,顺德区,顺德容桂文捷内科诊所,顺德容桂文捷内科诊所,其他/门诊,未知
广东省,佛山市,顺德区,顺德口腔医院,顺德口腔医院,其他/专科医院,未知
广东省,佛山市,顺德区,佛山市顺德区人口和计划生育服务中心门诊部,佛山市顺德区人口和计划生育服务中心门诊部,公立/综合医院,未知
广东省,佛山市,顺德区,顺德聚龙医院聚龙城门诊部,顺德聚龙医院聚龙城门诊部,其他/其他,未知
广东省,佛山市,顺德区,顺德聚龙医院,顺德聚龙医院,其他/综合医院,未知
广东省,佛山市,顺德区,顺德健民肛肠医院,顺德健民肛肠医院,其他/专科医院,未知
广东省,佛山市,顺德区,佛山市顺德区第一人民医院第三门诊部,佛山市顺德区第一人民医院第三门诊部,公立/门诊,未知
广东省,佛山市,顺德区,佛山市顺德区第一人民医院第二门诊部,佛山市顺德区第一人民医院第二门诊部,公立/综合医院,未知
广东省,佛山市,顺德区,佛山市顺德区乐从医院水藤分院,佛山市顺德区乐从医院水藤分院,公立/综合医院,未知
广东省,佛山市,顺德区,顺德庄头医院,顺德庄头医院,民营/其他,未知
广东省,佛山市,顺德区,佛山市顺德区勒流医院,佛山市顺德区勒流医院,公立/综合医院,二级甲等
广东省,佛山市,顺德区,佛山市顺德区大良医院,佛山市顺德区大良医院,公立/综合医院,二级甲等
广东省,佛山市,顺德区,佛山市顺德区中医院,佛山市顺德区中医院,公立/综合医院,三级甲等　　
广东省,佛山市,顺德区,顺德国丹康复医院,顺德国丹医院,民营/专科医院,民营医院
广东省,佛山市,顺德区,顺德区大良社区卫生服务中心,顺德区大良社区卫生服务中心,其他/其他,未知
广东省,佛山市,顺德区,顺德第一人民医院,顺德第一人民医院,公立/综合医院,未知
广东省,佛山市,顺德区,广东同江医院,广东王忠诚神经外科医院,民营/综合医院,未知
广东省,佛山市,顺德区,佛山市顺德区众冲医院,佛山市顺德区众冲医院,公立/综合医院,未知
广东省,佛山市,顺德区,佛山市顺德区马洲医院,佛山市顺德区马洲医院,公立/综合医院,未知
广东省,佛山市,顺德区,顺德东华骨伤科医院,顺德东华骨伤科医院,合资/综合医院,未知
广东省,佛山市,顺德区,佛山市顺德区庄头医院,佛山市顺德区庄头医院,民营/综合医院,未知
广东省,佛山市,顺德区,佛山市顺德区锦湖医院,佛山市顺德区锦湖医院,公立/综合医院,未知
广东省,佛山市,顺德区,佛山市顺德区杏坛医院,佛山市顺德区杏坛医院,公立/综合医院,未知
广东省,佛山市,顺德区,佛山市顺德区大良仁爱医院,佛山市顺德区大良仁爱医院,民营/综合医院,未知
广东省,佛山市,顺德区,佛山市顺德区德胜医院,佛山市顺德区德胜医院,公立/综合医院,未知
广东省,佛山市,顺德区,佛山市顺德区碧江医院,佛山市顺德区碧江医院,公立/综合医院,未知
广东省,佛山市,顺德区,佛山市顺德区勒流镇医院,佛山市顺德区勒流镇医院,公立/综合医院,未知
广东省,佛山市,顺德区,佛山市顺德区龙江镇医院,佛山市顺德区龙江镇医院,公立/综合医院,未知
广东省,佛山市,顺德区,佛山市顺德区均安镇医院,佛山市顺德区均安镇医院,公立/综合医院,一级甲等
广东省,佛山市,顺德区,佛山市顺德区容奇医院,佛山市顺德区容奇医院,公立/综合医院,一级甲等
广东省,佛山市,顺德区,佛山市顺德区伦教医院,佛山市顺德区伦教医院,公立/综合医院,一级甲等
广东省,佛山市,顺德区,佛山市顺德区第一人民医院,佛山市顺德区第一人民医院,公立/综合医院,二级甲等
广东省,佛山市,顺德区,佛山市顺德区龙江医院,佛山市顺德区龙江医院,公立/综合医院,二级甲等
广东省,佛山市,顺德区,佛山市顺德区三桂医院,佛山市顺德区三桂医院,公立/综合医院,二级甲等
广东省,佛山市,顺德区,佛山市顺德区桂洲医院,佛山市顺德区桂洲医院,公立/综合医院,二级甲等
广东省,佛山市,顺德区,佛山市顺德区陈村医院,佛山市顺德区陈村医院,公立/综合医院,二级甲等
广东省,佛山市,顺德区,佛山市顺德区北滘医院,佛山市顺德区北滘医院,公立/综合医院,二级甲等
广东省,佛山市,顺德区,佛山市顺德区伍仲佩纪念医院,凤山医院,公立/综合医院,二级甲等
广东省,佛山市,顺德区,佛山市顺德区乐从医院,佛山市顺德区乐从医院,公立/综合医院,二级甲等
广东省,佛山市,顺德区,佛山市顺德区妇儿医院,佛山市顺德区妇儿医院,公立/综合医院,二级甲等
广东省,佛山市,顺德区,佛山市顺德医院,佛山市顺德区中西医结合医院,公立/综合医院,二级甲等
广东省,佛山市,顺德区,顺德区大良北区卫生站,顺德区大良北区卫生站,其他/其他,未知
广东省,佛山市,顺德区,顺德区龙江镇麦朗卫生站,顺德区龙江镇麦朗卫生站,其他/其他,未知
广东省,佛山市,顺德区,顺德区勒流冲鹤番村卫生站,顺德区勒流冲鹤番村卫生站,其他/其他,未知
广东省,佛山市,顺德区,佛山市顺德区均安医院沙头卫生所,佛山市顺德区均安医院沙头卫生所,其他/其他,未知
广东省,佛山市,顺德区,佛山市顺德区均安医院南面卫生所,佛山市顺德区均安医院南面卫生所,其他/其他,未知
广东省,佛山市,顺德区,顺德区龙江镇世埠卫生站,顺德区龙江镇世埠卫生站,其他/其他,未知
广东省,佛山市,顺德区,佛山市顺德区大良医院古楼卫生所,佛山市顺德区大良医院古楼卫生所,其他/其他,未知
广东省,佛山市,顺德区,顺德区勒流新明卫生站,顺德区勒流新明卫生站,其他/其他,未知
广东省,佛山市,顺德区,顺德市中西医结合医院,顺德市中西医结合医院,公立/综合医院,二级甲等
广东省,佛山市,顺德区,顺德容桂广文综合门诊部,顺德广文医院,民营/专科医院,未评级
