﻿省,市,区,全名,别名,性质,等级
广东省,深圳市,宝安区,龙华人民医院上塘社区健康服务中心,龙华人民医院上塘社区健康服务中心,其他/其他,未知
广东省,深圳市,宝安区,龙华人民医院上早社区健康服务中心,龙华人民医院上早社区健康服务中心,其他/其他,未知
广东省,深圳市,宝安区,龙华新区人民医院石坳社区健康服务中心,龙华新区人民医院石坳社区健康服务中心,其他/其他,未知
广东省,深圳市,宝安区,龙华人们医院水斗社区健康服务中心,龙华人们医院水斗社区健康服务中心,其他/其他,未知
广东省,深圳市,宝安区,龙华人民医院谭罗社区健康服务中心,龙华人民医院谭罗社区健康服务中心,其他/其他,未知
广东省,深圳市,宝安区,龙华新区人民医院梅陇镇社区健康服务中心,龙华新区人民医院梅陇镇社区健康服务中心,其他/其他,未知
广东省,深圳市,宝安区,龙华新区人民医院元芬社区健康服务中心,龙华新区人民医院元芬社区健康服务中心,其他/其他,未知
广东省,深圳市,宝安区,龙华人民医院华联社区健康服务中心,龙华人民医院华联社区健康服务中心,其他/其他,未知
广东省,深圳市,宝安区,龙华新区人民医院大浪社区健康服务中心,龙华新区人民医院大浪社区健康服务中心,其他/其他,未知
广东省,深圳市,宝安区,龙华新区人民医院民治社区健康服务中心,龙华新区人民医院民治社区健康服务中心,其他/其他,未知
广东省,深圳市,宝安区,龙华人民医院油松社区健康服务中心,龙华人民医院油松社区健康服务中心,其他/其他,未知
广东省,深圳市,宝安区,龙华人民医院同胜社区健康服务中心,龙华人民医院同胜社区健康服务中心,其他/其他,未知
广东省,深圳市,宝安区,牛栏前社区健康服务中心,牛栏前社区健康服务中心,其他/其他,未知
广东省,深圳市,宝安区,新龙社区健康服务中心,新龙社区健康服务中心,其他/其他,未知
广东省,深圳市,宝安区,沙井人民医院上寮社区健康服务中心,沙井人民医院上寮社区健康服务中心,其他/其他,未知
广东省,深圳市,宝安区,沙井人民医院步涌社区健康服务中心,沙井人民医院步涌社区健康服务中心,其他/其他,未知
广东省,深圳市,宝安区,沙井人民医院大王山社区健康服务中心,沙井人民医院大王山社区健康服务中心,其他/其他,未知
广东省,深圳市,宝安区,沙井人民医院共和社区健康服务中心,沙井人民医院共和社区健康服务中心,其他/其他,未知
广东省,深圳市,宝安区,蚝三社区健康服务中心,蚝三社区健康服务中心,其他/其他,未知
广东省,深圳市,宝安区,沙井人民医院黄埔社区健康服务中心,沙井人民医院黄埔社区健康服务中心,其他/其他,未知
广东省,深圳市,宝安区,沙井人民医院沙四社区健康服务中心,沙井人民医院沙四社区健康服务中心,其他/其他,未知
广东省,深圳市,宝安区,沙井人民医院和一社区健康服务中心,沙井人民医院和一社区健康服务中心,其他/其他,未知
广东省,深圳市,宝安区,沙井人民医院马鞍山社区健康服务中心,沙井人民医院马鞍山社区健康服务中心,其他/其他,未知
广东省,深圳市,宝安区,沙井人民医院后亭社区健康服务中心,沙井人民医院后亭社区健康服务中心,其他/其他,未知
广东省,深圳市,宝安区,沙井人民医院沙四社区健康服务中心,沙井人民医院沙四社区健康服务中心,其他/其他,未知
广东省,深圳市,宝安区,沙井人们医院民主社区康健康服务中心,沙井人们医院民主社区康健康服务中心,其他/其他,未知
广东省,深圳市,宝安区,宝安区新桥社区健康服务中心,宝安区新桥社区健康服务中心,其他/其他,未知
广东省,深圳市,宝安区,宝安区壆岗社区健康服务中心,宝安区壆岗社区健康服务中心,其他/其他,未知
广东省,深圳市,宝安区,沙井人民医院衙边社区健康服务中心,沙井人民医院衙边社区健康服务中心,其他/其他,未知
广东省,深圳市,宝安区,石岩人民医院龙腾社区健康服务中心,石岩人民医院龙腾社区健康服务中心,其他/其他,未知
广东省,深圳市,宝安区,石岩人民医院园美社区健康服务中心,石岩人民医院园美社区健康服务中心,其他/其他,未知
广东省,深圳市,宝安区,石新社区健康服务中心,石新社区健康服务中心,其他/其他,未知
广东省,深圳市,宝安区,岩石人民医院罗租社区健康服务中心,岩石人民医院罗租社区健康服务中心,其他/其他,未知
广东省,深圳市,宝安区,石岩人民医院石龙仔社区健康服务中心,石岩人民医院石龙仔社区健康服务中心,其他/其他,未知
广东省,深圳市,宝安区,应人石社区健康服务中心,应人石社区健康服务中心,其他/其他,未知
广东省,深圳市,宝安区,艾美特社区健康服务中心,艾美特社区健康服务中心,其他/其他,未知
广东省,深圳市,宝安区,深圳市石岩人民医院同富康社区健康服务中心,深圳市石岩人民医院同富康社区健康服务中心,其他/其他,未知
广东省,深圳市,宝安区,深圳市石岩人民医院料坑社区健康服务中心,深圳市石岩人民医院料坑社区健康服务中心,其他/其他,未知
广东省,深圳市,宝安区,石岩人民医院官田社区健康服务中心,石岩人民医院官田社区健康服务中心,其他/其他,未知
广东省,深圳市,宝安区,宝安区石岩医院上屋社区健康服务中心,宝安区石岩医院上屋社区健康服务中心,其他/其他,未知
广东省,深圳市,宝安区,石岩社区健康服务中心,石岩社区健康服务中心,其他/其他,未知
广东省,深圳市,宝安区,岩石人民医院塘头社区健康服务中心,岩石人民医院塘头社区健康服务中心,其他/其他,未知
广东省,深圳市,宝安区,松岗人民医院东方社区健康服务中心,松岗人民医院东方社区健康服务中心,其他/其他,未知
广东省,深圳市,宝安区,松岗人民医院碧头社区健康服务中心,松岗人民医院碧头社区健康服务中心,其他/其他,未知
广东省,深圳市,宝安区,松岗人民医院洪桥头社区健康服务中心,松岗人民医院洪桥头社区健康服务中心,其他/其他,未知
广东省,深圳市,宝安区,松岗人民医院江边社区健康服务中心,松岗人民医院江边社区健康服务中心,其他/其他,未知
广东省,深圳市,宝安区,松岗人民医院朗下社区健康服务中心,松岗人民医院朗下社区健康服务中心,其他/其他,未知
广东省,深圳市,宝安区,松岗人民医院溪头社区健康服务中心,松岗人民医院溪头社区健康服务中心,其他/其他,未知
广东省,深圳市,宝安区,沙埔社区健康服务中心,沙埔社区健康服务中心,其他/其他,未知
广东省,深圳市,宝安区,松岗人民医院沙埔围社区健康服务中心,松岗人民医院沙埔围社区健康服务中心,其他/其他,未知
广东省,深圳市,宝安区,松岗人民医院山门社区健康服务中心,松岗人民医院山门社区健康服务中心,其他/其他,未知
广东省,深圳市,宝安区,松岗人民医院潭头社区健康服务中心,松岗人民医院潭头社区健康服务中心,其他/其他,未知
广东省,深圳市,宝安区,松岗人民医院塘下涌社区健康服务中心,松岗人民医院塘下涌社区健康服务中心,其他/其他,未知
广东省,深圳市,宝安区,松岗人民医院居委会社区健康服务中心,松岗人民医院居委会社区健康服务中心,其他/其他,未知
广东省,深圳市,宝安区,松岗人民医院燕川社区健康服务中心,松岗人民医院燕川社区健康服务中心,其他/其他,未知
广东省,深圳市,宝安区,松岗人民医院罗田社区健康服务中心,松岗人民医院罗田社区健康服务中心,其他/其他,未知
广东省,深圳市,宝安区,松岗人民医院集苑社区健康服务中心,松岗人民医院集苑社区健康服务中心,其他/其他,未知
广东省,深圳市,宝安区,西乡人民医院宝田社区健康服务中心,西乡人民医院宝田社区健康服务中心,其他/其他,未知
广东省,深圳市,宝安区,西乡人民医院草围社区健康服务中心,西乡人民医院草围社区健康服务中心,其他/其他,未知
广东省,深圳市,宝安区,西乡人民医院臣田社区健康服务中心,西乡人民医院臣田社区健康服务中心,其他/其他,未知
广东省,深圳市,宝安区,凤凰岗社区健康服务中心,凤凰岗社区健康服务中心,其他/其他,未知
广东省,深圳市,宝安区,西乡人民医院福中福社区健康服务中心,西乡人民医院福中福社区健康服务中心,其他/其他,未知
广东省,深圳市,宝安区,西乡人民医院固戍社区健康服务中心,西乡人民医院固戍社区健康服务中心,其他/其他,未知
广东省,深圳市,宝安区,西乡人民医院南昌社区健康服务中心,西乡人民医院南昌社区健康服务中心,其他/其他,未知
广东省,深圳市,宝安区,西乡人民医院麻布社区健康服务中心,西乡人民医院麻布社区健康服务中心,其他/其他,未知
广东省,深圳市,宝安区,西乡人民医院海城社区健康服务中心,西乡人民医院海城社区健康服务中心,其他/其他,未知
广东省,深圳市,宝安区,西乡人民医院航城社区健康服务中心,西乡人民医院航城社区健康服务中心,其他/其他,未知
广东省,深圳市,宝安区,西乡人民医院河东社区健康服务中心,西乡人民医院河东社区健康服务中心,其他/其他,未知
广东省,深圳市,宝安区,柳竹园社区健康服务中心,柳竹园社区健康服务中心,其他/其他,未知
广东省,深圳市,宝安区,西乡人民医院河西社区健康服务中心,西乡人民医院河西社区健康服务中心,其他/其他,未知
广东省,深圳市,宝安区,西乡人民医院鹤洲社区健康服务中心,西乡人民医院鹤洲社区健康服务中心,其他/其他,未知
广东省,深圳市,宝安区,西乡人民医院后瑞社区健康服务中心,西乡人民医院后瑞社区健康服务中心,其他/其他,未知
广东省,深圳市,宝安区,西乡人民医院黄麻布社区健康服务中心,西乡人民医院黄麻布社区健康服务中心,其他/其他,未知
广东省,深圳市,宝安区,西乡人民医院翠湖社区健康服务中心,西乡人民医院翠湖社区健康服务中心,其他/其他,未知
广东省,深圳市,宝安区,西乡人民医院黄田社区健康服务中心,西乡人民医院黄田社区健康服务中心,其他/其他,未知
广东省,深圳市,宝安区,西乡人民医院径贝社区健康服务中心,西乡人民医院径贝社区健康服务中心,其他/其他,未知
广东省,深圳市,宝安区,西乡人民医院九围社区健康服务中心,西乡人民医院九围社区健康服务中心,其他/其他,未知
广东省,深圳市,宝安区,西乡人民医院乐群社区健康服务中心,西乡人民医院乐群社区健康服务中心,其他/未知,未知
广东省,深圳市,宝安区,西乡人民医院朱坳社区健康服务中心,西乡人民医院朱坳社区健康服务中心,其他/其他,未知
广东省,深圳市,宝安区,西乡人民医院流塘社区健康服务中心,西乡人民医院流塘社区健康服务中心,其他/其他,未知
广东省,深圳市,宝安区,西乡人民医院三围社区健康服务中心,西乡人民医院三围社区健康服务中心,其他/其他,未知
广东省,深圳市,宝安区,颐康园社区健康服务中心,颐康园社区健康服务中心,其他/其他,未知
广东省,深圳市,宝安区,劳动社区健康服务中心,劳动社区健康服务中心,其他/其他,未知
广东省,深圳市,宝安区,西乡人民医院银田社区健康服务中心,西乡人民医院银田社区健康服务中心,其他/其他,未知
广东省,深圳市,宝安区,钟屋社区健康服务中心,钟屋社区健康服务中心,其他/其他,未知
广东省,深圳市,宝安区,庄边社区健康服务中心,庄边社区健康服务中心,其他/其他,未知
广东省,深圳市,宝安区,宝安人民医院大浪社区健康服务中心,宝安人民医院大浪社区健康服务中心,其他/其他,未知
广东省,深圳市,宝安区,宝安区人民医院海富社区健康服务中心,宝安区人民医院海富社区健康服务中心,其他/其他,未知
广东省,深圳市,宝安区,宝安区人民医院海华社区健康服务中心,宝安区人民医院海华社区健康服务中心,其他/其他,未知
广东省,深圳市,宝安区,宝安区人民医院兴东社区健康服务中心,宝安区人民医院兴东社区健康服务中心,其他/其他,未知
广东省,深圳市,宝安区,布心社区健康服务中心,布心社区健康服务中心,其他/其他,未知
广东省,深圳市,宝安区,宝安区人民医院海裕社区健康服务中心,宝安区人民医院海裕社区健康服务中心,其他/其他,未知
广东省,深圳市,宝安区,甲岸社区健康服务中心,甲岸社区健康服务中心,其他/其他,未知
广东省,深圳市,宝安区,宝安区中医院凯旋社区健康服务中心,宝安区中医院凯旋社区健康服务中心,其他/其他,未知
广东省,深圳市,宝安区,宝安区中医院灵芝园社区健康服务中心,宝安区中医院灵芝园社区健康服务中心,其他/其他,未知
广东省,深圳市,宝安区,宝安区中医院海旺社区健康服务中心,宝安区中医院海旺社区健康服务中心,其他/其他,未知
广东省,深圳市,宝安区,宝安区中医院翻身社区健康服务中心,宝安区中医院翻身社区健康服务中心,其他/其他,未知
广东省,深圳市,宝安区,宝安区中医院上合社区健康服务中心,宝安区中医院上合社区健康服务中心,其他/其他,未知
广东省,深圳市,宝安区,宝安区中医院宝文社区健康服务中心,宝安区中医院宝文社区健康服务中心,其他/其他,未知
广东省,深圳市,宝安区,西乡人民医院富华社区健康服务中心,西乡人民医院富华社区健康服务中心,其他/其他,未知
广东省,深圳市,宝安区,宝安区人民医院新乐社区健康服务中心,宝安区人民医院新乐社区健康服务中心,其他/其他,未知
广东省,深圳市,宝安区,宝安区人民医院安乐社区健康服务中心,宝安区人民医院安乐社区健康服务中心,其他/其他,未知
广东省,深圳市,宝安区,白石厦社区健康服务中心,白石厦社区健康服务中心,其他/其他,未知
广东省,深圳市,宝安区,福永人民医院金凤凰社区健康服务中心,福永人民医院金凤凰社区健康服务中心,其他/其他,未知
广东省,深圳市,宝安区,福永人民医院雅达社区医疗服务站,福永人民医院雅达社区医疗服务站,其他/其他,未知
广东省,深圳市,宝安区,福永人民医院凤凰第三工业区医疗服务站,福永人民医院凤凰第三工业区医疗服务站,其他/其他,未知
广东省,深圳市,宝安区,福永医院凤凰社区卫生服务中心,福永医院凤凰社区卫生服务中心,其他/其他,未知
广东省,深圳市,宝安区,福永人民医院福永社区健康服务中心,福永人民医院福永社区健康服务中心,其他/其他,未知
广东省,深圳市,宝安区,福永人民医院白石厦东区社区健康服务中心,福永人民医院白石厦东区社区健康服务中心,其他/其他,未知
广东省,深圳市,宝安区,深圳昆仑泌尿外科医院,深圳昆仑男科医院,民营/专科医院,未知
广东省,深圳市,宝安区,回龙埔社区健康服务中心,回龙埔社区健康服务中心,其他/其他,未知
广东省,深圳市,宝安区,赐昱社区健康服务中心,赐昱社区健康服务中心,其他/其他,未知
广东省,深圳市,宝安区,马安堂社区健康服务中心,马安堂社区健康服务中心,其他/其他,未知
广东省,深圳市,宝安区,光华社区健康服务中心,光华社区健康服务中心,其他/其他,未知
广东省,深圳市,宝安区,下水径社区健康服务中心,下水径社区健康服务中心,其他/其他,未知
广东省,深圳市,宝安区,福永富桥社区健康服务中心,福永富桥社区健康服务中心,其他/其他,未知
广东省,深圳市,宝安区,沙井社区健康服务中心,沙井社区健康服务中心,其他/其他,未知
广东省,深圳市,宝安区,民主社区健康服务中心,民主社区健康服务中心,其他/其他,未知
广东省,深圳市,宝安区,德昌社区健康服务中心,德昌社区健康服务中心,其他/其他,未知
广东省,深圳市,宝安区,宝安区盐田社区健康服务中心,宝安区盐田社区健康服务中心,其他/其他,未知
广东省,深圳市,宝安区,福永新和社区健康服务中心,福永新和社区健康服务中心,其他/其他,未知
广东省,深圳市,宝安区,福永塘尾社区健康服务中心,福永塘尾社区健康服务中心,其他/其他,未知
广东省,深圳市,宝安区,福永和平社区健康服务中心,福永和平社区健康服务中心,其他/其他,未知
广东省,深圳市,宝安区,上梅林社区健康服务中心,上梅林社区健康服务中心,其他/其他,未知
广东省,深圳市,宝安区,明月社区健康服务中心,明月社区健康服务中心,其他/综合医院,未知
广东省,深圳市,宝安区,福保社区健康服务中心,福保社区健康服务中心,其他/其他,未知
广东省,深圳市,宝安区,木棉花社区健康服务中心,木棉花社区健康服务中心,其他/其他,未知
广东省,深圳市,宝安区,赵大坚西医内科诊所,赵大坚西医内科诊所,其他/其他,未知
广东省,深圳市,宝安区,张琼珠口腔诊所,张琼珠口腔诊所,其他/其他,未知
广东省,深圳市,宝安区,张祖平中医内科诊所,张祖平中医内科诊所,其他/其他,未知
广东省,深圳市,宝安区,曾德琼西医妇科诊所,曾德琼西医妇科诊所,其他/其他,未知
广东省,深圳市,宝安区,谷淑贞西医儿科诊所,谷淑贞西医儿科诊所,其他/其他,未知
广东省,深圳市,宝安区,黄富春中西医结合内科诊所,黄富春中西医结合内科诊所,其他/其他,未知
广东省,深圳市,宝安区,田丹西医妇科诊所,田丹西医妇科诊所,其他/其他,未知
广东省,深圳市,宝安区,马文权西医内科诊所,马文权西医内科诊所,其他/其他,未知
广东省,深圳市,宝安区,霍春华口腔诊所,霍春华口腔诊所,其他/其他,未知
广东省,深圳市,宝安区,张培祥口腔诊所,张培祥口腔诊所,其他/其他,未知
广东省,深圳市,宝安区,吴君优口腔诊所,吴君优口腔诊所,其他/其他,未知
广东省,深圳市,宝安区,方晓艳西医妇科诊所,方晓艳西医妇科诊所,其他/其他,未知
广东省,深圳市,宝安区,李瑞深西医内科诊所,李瑞深西医内科诊所,其他/其他,未知
广东省,深圳市,宝安区,叶锡宏口腔诊所,叶锡宏口腔诊所,其他/其他,未知
广东省,深圳市,宝安区,张宏山口腔诊所,张宏山口腔诊所,其他/其他,未知
广东省,深圳市,宝安区,谢云霞西医妇科诊所,谢云霞西医妇科诊所,其他/其他,未知
广东省,深圳市,宝安区,张红君西医妇科诊所,张红君西医妇科诊所,其他/其他,未知
广东省,深圳市,宝安区,贺红林西医内科诊所,贺红林西医内科诊所,其他/其他,未知
广东省,深圳市,宝安区,何丽琴西医妇科诊所,何丽琴西医妇科诊所,其他/其他,未知
广东省,深圳市,宝安区,申秀兰西医内科诊所,申秀兰西医内科诊所,其他/其他,未知
广东省,深圳市,宝安区,李子凤西医妇科诊所,李子凤西医妇科诊所,其他/其他,未知
广东省,深圳市,宝安区,强飞中医骨伤科诊所,强飞中医骨伤科诊所,其他/其他,未知
广东省,深圳市,宝安区,林茂鹃口腔诊所,林茂鹃口腔诊所,其他/其他,未知
广东省,深圳市,宝安区,杨家云西医妇科诊所,杨家云西医妇科诊所,其他/其他,未知
广东省,深圳市,宝安区,蒋月珠西医内科诊所,蒋月珠西医内科诊所,其他/其他,未知
广东省,深圳市,宝安区,林奕贤中医内科诊所,林奕贤中医内科诊所,其他/其他,未知
广东省,深圳市,宝安区,郑群友西医内科诊所,郑群友西医内科诊所,其他/其他,未知
广东省,深圳市,宝安区,黄惠贞西医内科诊所,黄惠贞西医内科诊所,其他/其他,未知
广东省,深圳市,宝安区,宋中福西医内科诊所,宋中福西医内科诊所,其他/其他,未知
广东省,深圳市,宝安区,尹翠姣西医妇科诊所,尹翠姣西医妇科诊所,其他/其他,未知
广东省,深圳市,宝安区,刘辉口腔诊所,刘辉口腔诊所,其他/其他,未知
广东省,深圳市,宝安区,李相立中医内科诊所,李相立中医内科诊所,其他/其他,未知
广东省,深圳市,宝安区,张欣口腔诊所,张欣口腔诊所,其他/其他,未知
广东省,深圳市,宝安区,张善民中医内科诊所,张善民中医内科诊所,公立/其他,未知
广东省,深圳市,宝安区,梁忠口腔诊所,梁忠口腔诊所,其他/其他,未知
广东省,深圳市,宝安区,徐长敬西医内科诊所,徐长敬西医内科诊所,其他/其他,未知
广东省,深圳市,宝安区,何绍彪西医外科诊所,何绍彪西医外科诊所,其他/其他,未知
广东省,深圳市,宝安区,侯庚秀西医内科诊所,侯庚秀西医内科诊所,其他/其他,未知
广东省,深圳市,宝安区,葛佳威中医妇科诊所,葛佳威中医妇科诊所,其他/其他,未知
广东省,深圳市,宝安区,林桂芳口腔诊所,林桂芳口腔诊所,其他/其他,未知
广东省,深圳市,宝安区,杨艳春西医妇科诊所,杨艳春西医妇科诊所,其他/其他,未知
广东省,深圳市,宝安区,林圣文口腔诊所,林圣文口腔诊所,其他/其他,未知
广东省,深圳市,宝安区,张远强中医内科诊所,张远强中医内科诊所,其他/其他,未知
广东省,深圳市,宝安区,赵吉娥西医内科诊所,赵吉娥西医内科诊所,其他/其他,未知
广东省,深圳市,宝安区,罗玉钦西医内科诊所,罗玉钦西医内科诊所,其他/未知,未知
广东省,深圳市,宝安区,刘子杰西医内科诊所,刘子杰西医内科诊所,其他/其他,未知
广东省,深圳市,宝安区,李竹林西医内科诊所,李竹林西医内科诊所,其他/其他,未知
广东省,深圳市,宝安区,乐音口腔诊所,乐音口腔诊所,其他/其他,未知
广东省,深圳市,宝安区,缪燕灵口腔诊所,缪燕灵口腔诊所,其他/其他,未知
广东省,深圳市,宝安区,黄道庆口腔诊所,黄道庆口腔诊所,其他/其他,未知
广东省,深圳市,宝安区,夏清华口腔诊所,夏清华口腔诊所,其他/其他,未知
广东省,深圳市,宝安区,何福尧西医内科诊所,何福尧西医内科诊所,其他/其他,未知
广东省,深圳市,宝安区,朱奇彬中医内科诊所,朱奇彬中医内科诊所,其他/其他,未知
广东省,深圳市,宝安区,郑金泉口腔诊所,郑金泉口腔诊所,其他/其他,未知
广东省,深圳市,宝安区,郑玉振口腔诊所,郑玉振口腔诊所,其他/其他,未知
广东省,深圳市,宝安区,岳恩富中医内科诊所,岳恩富中医内科诊所,其他/其他,未知
广东省,深圳市,宝安区,许英松口腔诊所,许英松口腔诊所,其他/其他,未知
广东省,深圳市,宝安区,钟楚芬西医内科诊所,钟楚芬西医内科诊所,其他/其他,未知
广东省,深圳市,宝安区,王小燕西医妇科诊所,王小燕西医妇科诊所,其他/其他,未知
广东省,深圳市,宝安区,尹秋荣西医妇科诊所,尹秋荣西医妇科诊所,其他/其他,未知
广东省,深圳市,宝安区,高琼西医妇科诊所,高琼西医妇科诊所,其他/其他,未知
广东省,深圳市,宝安区,林海西医内科诊所,林海西医内科诊所,其他/其他,未知
广东省,深圳市,宝安区,刘代琼西医妇科诊所,刘代琼西医妇科诊所,其他/其他,未知
广东省,深圳市,宝安区,江桂忠西医内科诊所,江桂忠西医内科诊所,其他/其他,未知
广东省,深圳市,宝安区,韩惠菁西医妇科诊所,韩惠菁西医妇科诊所,其他/其他,未知
广东省,深圳市,宝安区,朱桂娥西医妇科诊所,朱桂娥西医妇科诊所,其他/其他,未知
广东省,深圳市,宝安区,罗国山西医外科诊所,罗国山西医外科诊所,其他/其他,未知
广东省,深圳市,宝安区,何莉西医内科诊所,何莉西医内科诊所,其他/其他,未评级
广东省,深圳市,宝安区,张献金西医内科诊所,张献金西医内科诊所,其他/其他,未知
广东省,深圳市,宝安区,黄春华口腔诊所,黄春华口腔诊所,其他/其他,未知
广东省,深圳市,宝安区,杨梅口腔诊所,杨梅口腔诊所,其他/其他,未知
广东省,深圳市,宝安区,侯明东中西医结合科诊所,侯明东中西医结合科诊所,其他/其他,未知
广东省,深圳市,宝安区,杨永坚西医妇科诊所,杨永坚西医妇科诊所,其他/其他,未知
广东省,深圳市,宝安区,王学珍西医妇科诊所,王学珍西医妇科诊所,其他/其他,未知
广东省,深圳市,宝安区,吴俊涛西医外科诊所,吴俊涛西医外科诊所,其他/门诊,未知
广东省,深圳市,宝安区,黄仕梅西医妇科诊所,黄仕梅西医妇科诊所,其他/其他,未知
广东省,深圳市,宝安区,郭汉文中医内科诊所,郭汉文中医内科诊所,其他/其他,未知
广东省,深圳市,宝安区,汤学先西医儿科诊所,汤学先西医儿科诊所,其他/其他,未知
广东省,深圳市,宝安区,李举刚西医内科诊所,李举刚西医内科诊所,其他/其他,未知
广东省,深圳市,宝安区,柯艳久西医外科诊所,柯艳久西医外科诊所,其他/其他,未知
广东省,深圳市,宝安区,郭洁潮口腔诊所,郭洁潮口腔诊所,其他/其他,未知
广东省,深圳市,宝安区,张正金西医内科诊所,张正金西医内科诊所,其他/其他,未知
广东省,深圳市,宝安区,杨爱英西医内科诊所,杨爱英西医内科诊所,其他/其他,未知
广东省,深圳市,宝安区,文汉光西医内科诊所,文汉光西医内科诊所,其他/其他,未知
广东省,深圳市,宝安区,魏桂平口腔诊所,魏桂平口腔诊所,其他/其他,未知
广东省,深圳市,宝安区,龚春育口腔诊所,龚春育口腔诊所,其他/其他,未知
广东省,深圳市,宝安区,许军军口腔诊所,许军军口腔诊所,其他/其他,未知
广东省,深圳市,宝安区,朱小湖西医内科诊所,朱小湖西医内科诊所,其他/其他,未知
广东省,深圳市,宝安区,刘军毅口腔诊所,刘军毅口腔诊所,其他/其他,未知
广东省,深圳市,宝安区,吴敏西医内科诊所,吴敏西医内科诊所,其他/其他,未知
广东省,深圳市,宝安区,谢信西医内科诊所,谢信西医内科诊所,其他/其他,未知
广东省,深圳市,宝安区,郑元铸西医外科诊所,郑元铸西医外科诊所,其他/其他,未知
广东省,深圳市,宝安区,黄志华口腔诊所,黄志华口腔诊所,其他/其他,未知
广东省,深圳市,宝安区,宋凯中医内科诊所,宋凯中医内科诊所,其他/其他,未知
广东省,深圳市,宝安区,徐婷口腔诊所,徐婷口腔诊所,其他/其他,未知
广东省,深圳市,宝安区,伍华珍西医妇科诊所,伍华珍西医妇科诊所,其他/其他,未知
广东省,深圳市,宝安区,黄锦发西医外科诊所,黄锦发西医外科诊所,其他/其他,未知
广东省,深圳市,宝安区,郑永权中医内科诊所,郑永权中医内科诊所,其他/其他,未知
广东省,深圳市,宝安区,李惠珍西医妇科诊所,李惠珍西医妇科诊所,其他/其他,未知
广东省,深圳市,宝安区,翁英西医内科诊所,翁英西医内科诊所,其他/其他,未知
广东省,深圳市,宝安区,朱锋西医内科诊所,朱锋西医内科诊所,其他/其他,未知
广东省,深圳市,宝安区,王少华中医内科诊所,王少华中医内科诊所,其他/其他,未知
广东省,深圳市,宝安区,谢志坚西医内科诊所,谢志坚西医内科诊所,其他/其他,未知
广东省,深圳市,宝安区,谢青兰西医妇科诊所,谢青兰西医妇科诊所,其他/其他,未知
广东省,深圳市,宝安区,洪凤琴中医内科诊所,洪凤琴中医内科诊所,其他/其他,未知
广东省,深圳市,宝安区,刘利民中医内科诊所,刘利民中医内科诊所,其他/其他,未知
广东省,深圳市,宝安区,郭茂芝西医内科诊所,郭茂芝西医内科诊所,其他/其他,未知
广东省,深圳市,宝安区,黄家志西医内科诊所,黄家志西医内科诊所,其他/其他,未知
广东省,深圳市,宝安区,董玉民西医内科诊所,董玉民西医内科诊所,其他/其他,未知
广东省,深圳市,宝安区,周林德口腔诊所,周林德口腔诊所,其他/其他,未知
广东省,深圳市,宝安区,刘国汉西医内科诊所,刘国汉西医内科诊所,其他/其他,未知
广东省,深圳市,宝安区,刘泽延中医内科诊所,刘泽延中医内科诊所,其他/其他,未知
广东省,深圳市,宝安区,徐斌口腔诊所,徐斌口腔诊所,其他/其他,未知
广东省,深圳市,宝安区,任引婷中医内科诊所,任引婷中医内科诊所,其他/其他,未知
广东省,深圳市,宝安区,邵敏口腔诊所,邵敏口腔诊所,其他/其他,未知
广东省,深圳市,宝安区,王桂娣口腔诊所,王桂娣口腔诊所,其他/其他,未知
广东省,深圳市,宝安区,欧有好口腔诊所,欧有好口腔诊所,其他/其他,未知
广东省,深圳市,宝安区,夏伟峰中医内科诊所,夏伟峰中医内科诊所,其他/其他,未知
广东省,深圳市,宝安区,杨燕云口腔诊所,杨燕云口腔诊所,其他/其他,未知
广东省,深圳市,宝安区,李志华口腔诊所,李志华口腔诊所,其他/其他,未知
广东省,深圳市,宝安区,钟冠环西医内科诊所,钟冠环西医内科诊所,其他/其他,未知
广东省,深圳市,宝安区,温志达口腔诊所,温志达口腔诊所,其他/其他,未知
广东省,深圳市,宝安区,胡冬林口腔诊所,胡冬林口腔诊所,其他/其他,未知
广东省,深圳市,宝安区,徐玉芳中医内科诊所,徐玉芳中医内科诊所,其他/其他,未知
广东省,深圳市,宝安区,刘玉权口腔诊所,刘玉权口腔诊所,其他/其他,未知
广东省,深圳市,宝安区,刁爱琴西医妇科诊所,刁爱琴西医妇科诊所,其他/其他,未知
广东省,深圳市,宝安区,朱晓霞口腔诊所,朱晓霞口腔诊所,其他/其他,未知
广东省,深圳市,宝安区,吴时春口腔诊所,吴时春口腔诊所,其他/其他,未知
广东省,深圳市,宝安区,辛建平口腔诊所,辛建平口腔诊所,其他/其他,未知
广东省,深圳市,宝安区,刘贤珍西医内科诊所,刘贤珍西医内科诊所,其他/其他,未知
广东省,深圳市,宝安区,罗舒引西医妇科诊所,罗舒引西医妇科诊所,其他/其他,未知
广东省,深圳市,宝安区,郭汉忠西医内科诊所,郭汉忠西医内科诊所,其他/其他,未知
广东省,深圳市,宝安区,余鹏飞口腔诊所,余鹏飞口腔诊所,其他/其他,未知
广东省,深圳市,宝安区,张伟山口腔诊所,张伟山口腔诊所,其他/其他,未知
广东省,深圳市,宝安区,黎钧洪口腔诊所,黎钧洪口腔诊所,其他/其他,未知
广东省,深圳市,宝安区,翁召康口腔诊所,翁召康口腔诊所,其他/其他,未知
广东省,深圳市,宝安区,胡霞口腔诊所,胡霞口腔诊所,其他/其他,未知
广东省,深圳市,宝安区,曾惠中西医内科诊所,曾惠中西医内科诊所,其他/其他,未知
广东省,深圳市,宝安区,王虹口腔诊所,王虹口腔诊所,其他/其他,未知
广东省,深圳市,宝安区,高运志西医内科诊所,高运志西医内科诊所,其他/其他,未知
广东省,深圳市,宝安区,黄瑞琴西医妇科诊所,黄瑞琴西医妇科诊所,其他/其他,未知
广东省,深圳市,宝安区,曾秋明西医内科诊所,曾秋明西医内科诊所,其他/其他,未知
广东省,深圳市,宝安区,薛雪萍西医妇科诊所,薛雪萍西医妇科诊所,其他/其他,未知
广东省,深圳市,宝安区,唐言秀中医内科诊所,唐言秀中医内科诊所,其他/其他,未知
广东省,深圳市,宝安区,西乡刘敏西医妇科诊所,西乡刘敏西医妇科诊所,其他/其他,未知
广东省,深圳市,宝安区,梁湘贤中医内科诊所,梁湘贤中医内科诊所,其他/其他,未知
广东省,深圳市,宝安区,袁荣清西医内科诊所,袁荣清西医内科诊所,其他/其他,未知
广东省,深圳市,宝安区,杨晓凤西医妇科诊所,杨晓凤西医妇科诊所,其他/其他,未知
广东省,深圳市,宝安区,黎煜琳口腔诊所,黎煜琳口腔诊所,其他/其他,未知
广东省,深圳市,宝安区,董莲荣西医内科诊所,董莲荣西医内科诊所,其他/其他,未知
广东省,深圳市,宝安区,刘群洋西医内科诊所,刘群洋西医内科诊所,其他/其他,未知
广东省,深圳市,宝安区,秦丽华西医妇科诊所,秦丽华西医妇科诊所,其他/其他,未知
广东省,深圳市,宝安区,彭彩燕口腔诊所,彭彩燕口腔诊所,其他/其他,未知
广东省,深圳市,宝安区,魏少波口腔诊所,魏少波口腔诊所,其他/其他,未知
广东省,深圳市,宝安区,张惠雅中医内科诊所,张惠雅中医内科诊所,其他/其他,未知
广东省,深圳市,宝安区,谢明西医内科诊所,谢明西医内科诊所,其他/其他,未知
广东省,深圳市,宝安区,许仿荣西医内科诊所,许仿荣西医内科诊所,其他/其他,未知
广东省,深圳市,宝安区,李仲周中医内科诊所,李仲周中医内科诊所,其他/其他,未知
广东省,深圳市,宝安区,刘聪中医妇科诊所,刘聪中医妇科诊所,民营/其他,未知
广东省,深圳市,宝安区,杨谋富口腔诊所,杨谋富口腔诊所,其他/其他,未知
广东省,深圳市,宝安区,张明君中医内科诊所,张明君中医内科诊所,其他/其他,未知
广东省,深圳市,宝安区,王磊昌口腔诊所,王磊昌口腔诊所,其他/其他,未知
广东省,深圳市,宝安区,张华口腔诊所,张华口腔诊所,其他/其他,未知
广东省,深圳市,宝安区,应英口腔诊所,应英口腔诊所,其他/其他,未知
广东省,深圳市,宝安区,罗育良中医内科诊所,罗育良中医内科诊所,其他/其他,未知
广东省,深圳市,宝安区,李团口腔诊所,李团口腔诊所,其他/其他,未知
广东省,深圳市,宝安区,罗春元中医内科诊所,罗春元中医内科诊所,其他/其他,未知
广东省,深圳市,宝安区,宋严森西医外科诊所,宋严森西医外科诊所,其他/其他,未知
广东省,深圳市,宝安区,杜正强口腔诊所,杜正强口腔诊所,其他/其他,未知
广东省,深圳市,宝安区,牛向东口腔诊所,牛向东口腔诊所,其他/其他,未知
广东省,深圳市,宝安区,林立鸿口腔诊所,林立鸿口腔诊所,其他/其他,未知
广东省,深圳市,宝安区,黄榕康中医内科诊所,黄榕康中医内科诊所,其他/其他,未知
广东省,深圳市,宝安区,聂朝晖口腔诊所,聂朝晖口腔诊所,其他/其他,未知
广东省,深圳市,宝安区,刘秀琴中医内科诊所,刘秀琴中医内科诊所,其他/其他,未知
广东省,深圳市,宝安区,王庆江西医内科诊所,王庆江西医内科诊所,其他/其他,未知
广东省,深圳市,宝安区,吴震东口腔诊所,吴震东口腔诊所,其他/其他,未知
广东省,深圳市,宝安区,孙连超口腔诊所,孙连超口腔诊所,其他/其他,未知
广东省,深圳市,宝安区,黄茜口腔诊所,黄茜口腔诊所,其他/其他,未知
广东省,深圳市,宝安区,雷桂存西医妇科诊所,雷桂存西医妇科诊所,其他/其他,未知
广东省,深圳市,宝安区,岳嫔口腔诊所,岳嫔口腔诊所,其他/其他,未知
广东省,深圳市,宝安区,田圣秀中医内科诊所,田圣秀中医内科诊所,其他/其他,未知
广东省,深圳市,宝安区,何友秀口腔诊所,何友秀口腔诊所,其他/其他,未知
广东省,深圳市,宝安区,施永森西医外科诊所,施永森西医外科诊所,其他/其他,未知
广东省,深圳市,宝安区,庄之衍西医内科诊所,庄之衍西医内科诊所,其他/其他,未知
广东省,深圳市,宝安区,马传侠西医内科诊所,马传侠西医内科诊所,其他/其他,未知
广东省,深圳市,宝安区,邹益森西医内科诊所,邹益森西医内科诊所,其他/其他,未知
广东省,深圳市,宝安区,周小萍西医妇科诊所,周小萍西医妇科诊所,其他/其他,未知
广东省,深圳市,宝安区,苏贤英西医内科诊所,苏贤英西医内科诊所,其他/其他,未知
广东省,深圳市,宝安区,冯汀泽中医内科诊所,冯汀泽中医内科诊所,其他/其他,未知
广东省,深圳市,宝安区,李论中医骨伤科诊所,李论中医骨伤科诊所,其他/其他,未知
广东省,深圳市,宝安区,刘特海中医儿科诊所,刘特海中医儿科诊所,其他/其他,未知
广东省,深圳市,宝安区,曾发奎西医内科诊所,曾发奎西医内科诊所,其他/其他,未知
广东省,深圳市,宝安区,黄建军口腔诊所,黄建军口腔诊所,其他/其他,未知
广东省,深圳市,宝安区,钟务生西医皮肤科诊所,钟务生西医皮肤科诊所,其他/其他,未知
广东省,深圳市,宝安区,林贵文中医内科诊所,林贵文中医内科诊所,其他/其他,未知
广东省,深圳市,宝安区,唐炳辉中医内科诊所,唐炳辉中医内科诊所,其他/其他,未知
广东省,深圳市,宝安区,谢静洁口腔诊所,谢静洁口腔诊所,其他/门诊,未知
广东省,深圳市,宝安区,高向东口腔诊所,高向东口腔诊所,其他/其他,未知
广东省,深圳市,宝安区,闫禄口腔诊所,闫禄口腔诊所,其他/其他,未知
广东省,深圳市,宝安区,王光涛口腔诊所,王光涛口腔诊所,其他/其他,未知
广东省,深圳市,宝安区,吴浓华西医内科诊所,吴浓华西医内科诊所,其他/其他,未知
广东省,深圳市,宝安区,甘孝兵西医内科诊所,甘孝兵西医内科诊所,其他/其他,未知
广东省,深圳市,宝安区,沈忠仪西医内科诊所,沈忠仪西医内科诊所,其他/其他,未知
广东省,深圳市,宝安区,廖高武西医内科诊所,廖高武西医内科诊所,其他/其他,未知
广东省,深圳市,宝安区,林焕生中医内科诊所,林焕生中医内科诊所,其他/其他,未知
广东省,深圳市,宝安区,余辉西医内科诊所,余辉西医内科诊所,其他/门诊,未知
广东省,深圳市,宝安区,廖燕琼西医妇科诊所,廖燕琼西医妇科诊所,其他/其他,未知
广东省,深圳市,宝安区,李春和西医内科诊所,李春和西医内科诊所,其他/其他,未知
广东省,深圳市,宝安区,李彩莲西医内科诊所,李彩莲西医内科诊所,其他/其他,未知
广东省,深圳市,宝安区,刘继东口腔诊所,刘继东口腔诊所,其他/其他,未知
广东省,深圳市,宝安区,彭锦锋中医内科诊所,彭锦锋中医内科诊所,其他/其他,未知
广东省,深圳市,宝安区,石静萍口腔诊所,石静萍口腔诊所,其他/其他,未知
广东省,深圳市,宝安区,深圳和顺堂宝安西荟城中医馆,深圳和顺堂宝安西荟城中医馆,其他/其他,未知
广东省,深圳市,宝安区,深圳润德丰中医馆,深圳润德丰中医馆,其他/其他,未知
广东省,深圳市,宝安区,深圳德厚中医馆,深圳德厚中医馆,其他/其他,未知
广东省,深圳市,宝安区,深圳和顺堂国医馆,深圳和顺堂国医馆,其他/其他,未知
广东省,深圳市,宝安区,深圳北京同仁堂中医馆,深圳北京同仁堂中医馆,其他/其他,未知
广东省,深圳市,宝安区,深圳精诚中医馆,深圳精诚中医馆,其他/其他,未知
广东省,深圳市,宝安区,深圳盈泰中医馆,深圳盈泰中医馆,其他/其他,未知
广东省,深圳市,宝安区,深圳国济门诊部,深圳国济门诊部,其他/门诊,未知
广东省,深圳市,宝安区,深圳国辉门诊部,深圳国辉门诊部,其他/其他,未知
广东省,深圳市,宝安区,深圳玛利亚妇科门诊部,深圳玛利亚妇科门诊部,其他/门诊,未知
广东省,深圳市,宝安区,深圳保利康门诊部,深圳保利康门诊部,其他/其他,未知
广东省,深圳市,宝安区,深圳国康门诊部,深圳国康门诊部,其他/门诊,未知
广东省,深圳市,宝安区,深圳国大门诊部,深圳国大门诊部,其他/门诊,未知
广东省,深圳市,宝安区,深圳华程门诊部,深圳华程门诊部,其他/其他,未知
广东省,深圳市,宝安区,深圳京芸门诊部,深圳京芸门诊部,其他/门诊,未知
广东省,深圳市,宝安区,深圳恒大门诊部,深圳恒大门诊部,其他/其他,未知
广东省,深圳市,宝安区,深圳华康门诊部,深圳华康门诊部,其他/其他,未知
广东省,深圳市,宝安区,深圳良安门诊部,深圳良安门诊部,其他/其他,未知
广东省,深圳市,宝安区,深圳和康福门诊部,深圳和康福门诊部,其他/其他,未知
广东省,深圳市,宝安区,深圳永佳门诊部,深圳永佳门诊部,其他/其他,未知
广东省,深圳市,宝安区,深圳广康门诊部,深圳广康门诊部,其他/门诊,未知
广东省,深圳市,宝安区,深圳诚济门诊部,深圳诚济门诊部,其他/门诊,未知
广东省,深圳市,宝安区,深圳婷婷门诊部,深圳婷婷门诊部,其他/门诊,未知
广东省,深圳市,宝安区,深圳潭头居委会门诊部,深圳潭头居委会门诊部,其他/门诊,未知
广东省,深圳市,宝安区,深圳湘和门诊部,深圳湘和门诊部,其他/其他,未知
广东省,深圳市,宝安区,深圳鸿达门诊部,深圳鸿达门诊部,其他/其他,未知
广东省,深圳市,宝安区,深圳天丹门诊部,深圳天丹男科医院,其他/其他,未知
广东省,深圳市,宝安区,深圳广汇门诊部,深圳广汇门诊部,其他/门诊,未知
广东省,深圳市,宝安区,深圳田洋门诊部,深圳田洋门诊部,其他/门诊,未知
广东省,深圳市,宝安区,深圳东方社区门诊部,深圳东方社区门诊部,其他/其他,未知
广东省,深圳市,宝安区,深圳华丰门诊部,深圳华丰门诊部,其他/其他,未知
广东省,深圳市,宝安区,深圳丽娟门诊部,深圳丽娟门诊部,其他/门诊,未知
广东省,深圳市,宝安区,深圳普康门诊部,深圳普康门诊部,其他/门诊,未知
广东省,深圳市,宝安区,深圳上星门诊部,深圳上星门诊部,其他/门诊,未知
广东省,深圳市,宝安区,深圳锦春门诊部,深圳锦春门诊部,其他/其他,未知
广东省,深圳市,宝安区,深圳同康门诊部,深圳同康门诊部,其他/其他,未知
广东省,深圳市,宝安区,深圳京大门诊部,深圳京大门诊部,其他/其他,未知
广东省,深圳市,宝安区,深圳宝济门诊部,深圳宝济门诊部,其他/其他,未知
广东省,深圳市,宝安区,深圳市宝安区沙井人民医院第二门诊部,深圳市宝安区沙井人民医院第二门诊部,其他/门诊,未知
广东省,深圳市,宝安区,深圳九洲门诊部,深圳九洲门诊部,其他/门诊,未知
广东省,深圳市,宝安区,深圳盛安门诊部,深圳盛安门诊部,其他/门诊,未知
广东省,深圳市,宝安区,深圳鹏洲门诊部,深圳鹏洲门诊部,其他/门诊,未知
广东省,深圳市,宝安区,深圳中南门诊部,深圳中南门诊部,其他/门诊,未知
广东省,深圳市,宝安区,深圳万联门诊部,深圳万联门诊部,其他/门诊,未知
广东省,深圳市,宝安区,深圳松福门诊部,深圳松福门诊部,其他/其他,未知
广东省,深圳市,宝安区,深圳福海门诊部,深圳福海门诊部,其他/其他,未知
广东省,深圳市,宝安区,深圳佳华门诊部,深圳佳华门诊部,其他/其他,未知
广东省,深圳市,宝安区,深圳市宝安区福永预防保健所门诊部,深圳市宝安区福永预防保健所门诊部,其他/其他,未知
广东省,深圳市,宝安区,深圳双济门诊部,深圳双济门诊部,其他/门诊,未知
广东省,深圳市,宝安区,深圳蒋钰门诊部,深圳蒋钰门诊部,其他/其他,未知
广东省,深圳市,宝安区,深圳鹏博门诊部,深圳鹏博门诊部,其他/门诊,未知
广东省,深圳市,宝安区,深圳宏康门诊部,深圳宏康门诊部,其他/门诊,未知
广东省,深圳市,宝安区,深圳佳丽门诊部,深圳佳丽门诊部,其他/其他,未知
广东省,深圳市,宝安区,深圳市宝安区西乡人民医院黄田门诊部,深圳市宝安区西乡人民医院黄田门诊部,其他/其他,未知
广东省,深圳市,宝安区,深圳君和门诊部,深圳君和门诊部,其他/门诊,未知
广东省,深圳市,宝安区,深圳广福门诊部,深圳广福门诊部,其他/其他,未知
广东省,深圳市,宝安区,深圳福民门诊部,深圳福民门诊部,其他/其他,未知
广东省,深圳市,宝安区,深圳伟保门诊部,深圳伟保门诊部,其他/其他,未知
广东省,深圳市,宝安区,深圳学州门诊部,深圳学州门诊部,其他/其他,未知
广东省,深圳市,宝安区,深圳万豪门诊部,深圳万豪门诊部,其他/其他,未知
广东省,深圳市,宝安区,深圳海云内科专科门诊部,深圳海云内科专科门诊部,其他/其他,未知
广东省,深圳市,宝安区,深圳朱坳门诊部,深圳朱坳门诊部,其他/其他,未知
广东省,深圳市,宝安区,深圳德恒门诊部,深圳德恒门诊部,其他/综合医院,未知
广东省,深圳市,宝安区,深圳宝民门诊部,深圳宝民门诊部,其他/其他,未知
广东省,深圳市,宝安区,深圳新燕门诊部,深圳新燕门诊部,其他/其他,未知
广东省,深圳市,宝安区,深圳唯美星医疗美容门诊部,深圳唯美星医疗美容门诊部,其他/其他,未知
广东省,深圳市,宝安区,深圳中正口腔门诊部,深圳中正口腔门诊部,其他/门诊,未知
广东省,深圳市,宝安区,深圳恒德门诊部,深圳恒德门诊部,其他/门诊,未知
广东省,深圳市,宝安区,深圳永恒门诊部,深圳永恒门诊部,其他/其他,未知
广东省,深圳市,宝安区,深圳佳仁医疗美容门诊部,深圳佳仁医疗美容门诊部,其他/其他,未知
广东省,深圳市,宝安区,深圳康顺中医门诊部,深圳康顺中医门诊部,其他/门诊,未知
广东省,深圳市,宝安区,深圳时代口腔门诊部,深圳时代口腔门诊部,其他/门诊,未知
广东省,深圳市,宝安区,深圳青华门诊部,深圳青华门诊部,其他/门诊,未知
广东省,深圳市,宝安区,深圳丽都门诊部,深圳丽都门诊部,其他/专科医院,未知
广东省,深圳市,宝安区,石岩人民医院泰科社区健康服务中心,石岩人民医院泰科社区健康服务中心,其他/其他,未知
广东省,深圳市,宝安区,石岩人民医院捷家宝社区健康服务中心,石岩人民医院捷家宝社区健康服务中心,其他/其他,未知
广东省,深圳市,宝安区,石岩人民医院山城社区健康服务中心,石岩人民医院山城社区健康服务中心,其他/其他,未知
广东省,深圳市,宝安区,松岗人民医院红星社区健康服务中心,松岗人民医院红星社区健康服务中心,其他/其他,未知
广东省,深圳市,宝安区,松岗人民医院沙浦围社区健康服务中心,松岗人民医院沙浦围社区健康服务中心,其他/其他,未知
广东省,深圳市,宝安区,沙井人民医院庄村社区健康服务中心,沙井人民医院庄村社区健康服务中心,其他/其他,未知
广东省,深圳市,宝安区,沙井人民医院南洞社区健康服务中心,沙井人民医院南洞社区健康服务中心,其他/其他,未知
广东省,深圳市,宝安区,沙井人民医院马安山社区健康服务中心,沙井人民医院马安山社区健康服务中心,其他/其他,未知
广东省,深圳市,宝安区,沙井人民医院蓝天社区健康服务中心,沙井人民医院蓝天社区健康服务中心,其他/其他,未知
广东省,深圳市,宝安区,沙井人民医院上星社区健康服务中心,沙井人民医院上星社区健康服务中心,其他/其他,未知
广东省,深圳市,宝安区,沙井人民医院芙蓉社区健康服务中心,沙井人民医院芙蓉社区健康服务中心,其他/其他,未知
广东省,深圳市,宝安区,沙井人民医院沙头社区健康服务中心,沙井人民医院沙头社区健康服务中心,其他/其他,未知
广东省,深圳市,宝安区,福永人民医院大洋田社区健康服务中心,福永人民医院大洋田社区健康服务中心,其他/其他,未知
广东省,深圳市,宝安区,西乡人民医院石街社区健康服务中心,西乡人民医院石街社区健康服务中心,其他/其他,未知
广东省,深圳市,宝安区,西乡人民医院共乐社区健康服务中心,西乡人民医院共乐社区健康服务中心,其他/其他,未知
广东省,深圳市,宝安区,西乡人民医院富恒社区健康服务中心,西乡人民医院富恒社区健康服务中心,其他/其他,未知
广东省,深圳市,宝安区,西乡人民医院上围园社区健康服务中心,西乡人民医院上围园社区健康服务中心,其他/其他,未知
广东省,深圳市,宝安区,宝安区人民医院海乐社区健康服务中心,宝安区人民医院海乐社区健康服务中心,其他/其他,未知
广东省,深圳市,宝安区,宝安区人民医院大浪社区健康服务中心,宝安区人民医院大浪社区健康服务中心,其他/其他,未知
广东省,深圳市,宝安区,深圳市宝安区慢性病防治院,深圳市宝安区慢性病防治院,公立/专科医院,未知
广东省,深圳市,宝安区,观澜人民医院樟坑径社区健康服务中心,观澜人民医院樟坑径社区健康服务中心,其他/其他,未知
广东省,深圳市,宝安区,红坳社区健康服务中心,红坳社区健康服务中心,其他/其他,未知
广东省,深圳市,宝安区,光明医院新陂头社区健康服务中心,光明医院新陂头社区健康服务中心,其他/其他,未知
广东省,深圳市,宝安区,光明医院东周社区健康服务中心,光明医院东周社区健康服务中心,其他/其他,未知
广东省,深圳市,宝安区,光明医院碧眼社区健康服务中心,光明医院碧眼社区健康服务中心,其他/其他,未知
广东省,深圳市,宝安区,圳美社区健康服务中心,圳美社区健康服务中心,其他/其他,未知
广东省,深圳市,宝安区,光明医院白花社区健康服务中心,光明医院白花社区健康服务中心,其他/其他,未知
广东省,深圳市,宝安区,光明医院凤凰社区健康服务中心,光明医院凤凰社区健康服务中心,其他/其他,未知
广东省,深圳市,宝安区,光明医院迳口社区健康服务中心,光明医院迳口社区健康服务中心,其他/其他,未知
广东省,深圳市,宝安区,光明医院羌下社区健康服务中心,光明医院羌下社区健康服务中心,其他/其他,未知
广东省,深圳市,宝安区,龙园社区健康服务中心,龙园社区健康服务中心,其他/其他,未知
广东省,深圳市,宝安区,龙华社区健康服务中心,龙华社区健康服务中心,其他/其他,未知
广东省,深圳市,宝安区,龙塘社区健康服务中心,龙塘社区健康服务中心,其他/其他,未知
广东省,深圳市,宝安区,龙华新区人民医院百丽社区健康服务中心,龙华新区人民医院百丽社区健康服务中心,其他/其他,未知
广东省,深圳市,宝安区,龙华人民医院龙悦居社区健康服务中心,龙华人民医院龙悦居社区健康服务中心,其他/其他,未知
广东省,深圳市,宝安区,锦绣御园社区健康服务中心,锦绣御园社区健康服务中心,其他/其他,未知
广东省,深圳市,宝安区,龙华人民医院白石龙社区健康服务中心,龙华人民医院白石龙社区健康服务中心,其他/其他,未知
广东省,深圳市,宝安区,龙华人民医院高峰社区健康服务中心,龙华人民医院高峰社区健康服务中心,其他/其他,未知
广东省,深圳市,宝安区,龙华人民医院景龙社区健康服务中心,龙华人民医院景龙社区健康服务中心,其他/其他,未知
广东省,深圳市,宝安区,龙华人民医院浪口社区健康服务中心,龙华人民医院浪口社区健康服务中心,其他/其他,未知
广东省,深圳市,宝安区,龙华人民医院龙胜社区健康服务中心,龙华人民医院龙胜社区健康服务中心,其他/其他,未知
广东省,深圳市,宝安区,龙华人民医院民乐社区健康服务中心,龙华人民医院民乐社区健康服务中心,其他/其他,未知
广东省,深圳市,宝安区,龙华人民医院清湖社区健康服务中心,龙华人民医院清湖社区健康服务中心,其他/其他,未知
广东省,深圳市,宝安区,龙华人民医院三联社区健康服务中心,龙华人民医院三联社区健康服务中心,其他/其他,未知
广东省,深圳市,宝安区,龙华人民医院上塘道社区健康服务中心,龙华人民医院上塘道社区健康服务中心,其他/其他,未知
广东省,深圳市,宝安区,深圳永恒皮肤病医院,深圳永恒皮肤专科医院,民营/综合医院,民营医院
广东省,深圳市,宝安区,黎汉祺牙科诊所,黎汉祺牙科诊所,民营/综合医院,一级甲等
广东省,深圳市,宝安区,深圳鹏联门诊,深圳鹏联门诊,个体户/综合医院,一级甲等
广东省,深圳市,宝安区,朝晖齿科,朝晖齿科,个体户/综合医院,一级甲等
广东省,深圳市,宝安区,深圳乙肝疑难杂症专科,深圳乙肝疑难杂症专科,民营/综合医院,一级甲等
广东省,深圳市,宝安区,福永人民医院和塘社区健康服务中心,福永人民医院和塘社区健康服务中心,其他/其他,未知
广东省,深圳市,宝安区,福永人民医院富桥社区健康服务站,福永人民医院富桥社区健康服务站,其他/其他,未知
广东省,深圳市,宝安区,福永人民医院稔田社区健康服务中心,福永人民医院稔田社区健康服务中心,其他/其他,未知
广东省,深圳市,宝安区,福永人民医院桥头社区健康服务中心,福永人民医院桥头社区健康服务中心,其他/其他,未知
广东省,深圳市,宝安区,福永人民医院兴围社区健康服务中心,福永人民医院兴围社区健康服务中心,其他/其他,未知
广东省,深圳市,宝安区,福永人民医院和平社区健康服务中心,福永人民医院和平社区健康服务中心,其他/未知,未知
广东省,深圳市,宝安区,福围社区健康服务中心,福围社区健康服务中心,其他/其他,未知
广东省,深圳市,宝安区,凤凰社区健康服务中心,凤凰社区健康服务中心,其他/其他,未知
广东省,深圳市,宝安区,宝安区西乡人民医院福中福社康中心,宝安区西乡人民医院福中福社康中心,其他/其他,未知
广东省,深圳市,宝安区,石岩人民医院水田社区健康服务中心,石岩人民医院水田社区健康服务中心,其他/其他,未知
广东省,深圳市,宝安区,福永人民医院新和社康中心,福永人民医院新和社康中心,其他/其他,未知
广东省,深圳市,宝安区,深圳中源门诊部,深圳中源门诊部,民营/门诊,民营医院
广东省,深圳市,宝安区,廖伏英西医妇科诊所,廖伏英西医妇科,民营/门诊,未评级
广东省,深圳市,宝安区,深圳国安门诊部,深圳国安医院,民营/综合医院,未评级
广东省,深圳市,宝安区,武警深圳宝安门诊部,深圳武警增高医院,公立/综合医院,未评级
广东省,深圳市,宝安区,深圳中仁泌尿外科医院,深圳中仁医院,民营/综合医院,未评级
广东省,深圳市,宝安区,深圳台兴男科医院,光明新区公明男科医院,合资/专科医院,未评级
广东省,深圳市,宝安区,深圳台兴门诊部,光明新区公明男科医院,合资/专科医院,未评级
广东省,深圳市,宝安区,深圳盛安医院,深圳盛安医院,民营/综合医院,民营医院
广东省,深圳市,宝安区,观澜男科医院,深圳济生男科医院,合资/专科医院,未评级
广东省,深圳市,宝安区,深圳民生妇科医院,深圳龙华妇科人流医院,合资/专科医院,未知
广东省,深圳市,宝安区,深圳许秋云西医妇科诊所,深圳秋云妇科医院,其他/专科医院,未知
广东省,深圳市,宝安区,深圳市宝安区福永人民医院,深圳市宝安区福永人民医院,公立/综合医院,一级甲等
广东省,深圳市,宝安区,深圳市宝安区公明人民医院,深圳市宝安区公明人民医院,公立/综合医院,未知
广东省,深圳市,宝安区,深圳龙济医院（民营）,深圳龙济医院,个体户/综合医院,一级甲等
广东省,深圳市,宝安区,深圳市宝安人民医院,深圳市宝安人民医院,公立/综合医院,一级甲等
广东省,深圳市,宝安区,深圳春天医疗美容医院,深圳春天医疗美容医院,其他/其他,未评级
广东省,深圳市,宝安区,深圳凤贤妇科,深圳凤贤妇科,民营/专科医院,未知
广东省,深圳市,宝安区,深圳市龙华人民医院,深圳市龙华人民医院,公立/综合医院,未知
广东省,深圳市,宝安区,深圳万丰医院,深圳沙井万丰医院,民营/综合医院,未知
广东省,深圳市,宝安区,深圳爱康国宾体检中心,深圳爱康国宾体检中心,民营/专科医院,未知
广东省,深圳市,宝安区,深圳市宝安区计划生育专科医院,深圳市宝安区计划生育专科医院,公立/综合医院,未知
广东省,深圳市,宝安区,深圳市龙济医院,深圳龙济医院,其他/综合医院,未知
广东省,深圳市,宝安区,深圳同仁妇科医院,深圳同仁医院,民营/专科医院,未知
广东省,深圳市,宝安区,武警广东边防龙华医院,武警广东边防龙华医院,公立/综合医院,未知
广东省,深圳市,宝安区,深圳观澜伟光联合医院,伟光医院,民营/综合医院,未知
广东省,深圳市,宝安区,深圳宝田医院,深圳宝田医院,民营/综合医院,未知
广东省,深圳市,宝安区,深圳市宝安区新安镇人民医院,深圳市宝安区新安镇人民医院,公立/综合医院,未知
广东省,深圳市,宝安区,深圳春天医院,深圳春天医院,民营/综合医院,未知
广东省,深圳市,宝安区,深圳市宝安区石岩医院,深圳市宝安区石岩医院,民营/综合医院,未知
广东省,深圳市,宝安区,深圳天伦医院,深圳天伦妇科医院,其他/综合医院,未知
广东省,深圳市,宝安区,深圳恒生医院,深圳恒生医院,民营/综合医院,未知
广东省,深圳市,宝安区,深圳复亚医院,深圳复亚医院,民营/综合医院,未评级
广东省,深圳市,宝安区,深圳市福永医院,深圳市福永医院,公立/综合医院,一级甲等
广东省,深圳市,宝安区,深圳市光明医院,深圳市光明医院,公立/综合医院,一级甲等
广东省,深圳市,宝安区,广东公安边防总队医院宝安分院,深圳宝安肝病医院,公立/综合医院,二级乙等
广东省,深圳市,宝安区,深圳市宝安区中医院,深圳市宝安区中医院,公立/综合医院,二级甲等
广东省,深圳市,宝安区,深圳市西乡人民医院,深圳市西乡人民医院,公立/综合医院,二级甲等
广东省,深圳市,宝安区,深圳市公明人民医院,深圳市公明人民医院,公立/综合医院,二级甲等
广东省,深圳市,宝安区,深圳市宝安区观澜医院,深圳市宝安区观澜医院,公立/综合医院,二级甲等
广东省,深圳市,宝安区,深圳市宝安区松岗人民医院,深圳市宝安区松岗人民医院,公立/综合医院,二级甲等
广东省,深圳市,宝安区,深圳市宝安区沙井人民医院,深圳市宝安区沙井人民医院,公立/综合医院,二级甲等
广东省,深圳市,宝安区,深圳市宝安区妇幼保健院,深圳市宝安区妇幼保健院,公立/综合医院,二级甲等
广东省,深圳市,宝安区,深圳市宝安区人民医院,深圳市深圳宝安医院,公立/综合医院,二级甲等
广东省,深圳市,宝安区,深圳九州门诊部,深圳九州男科门诊部,民营/专科医院,民营医院
广东省,深圳市,宝安区,深圳伊丽门诊部,深圳伊丽妇科,民营/门诊,民营医院
