﻿省,市,区,全名,别名,性质,等级
广东省,佛山市,三水区,佛山市三水区乐平镇黄塘村社区卫生服务站,佛山市三水区乐平镇黄塘村社区卫生服务站,民营/其他,未知
广东省,佛山市,三水区,佛山市三水区白坭镇新明珠社区卫生服务站,佛山市三水区白坭镇新明珠社区卫生服务站,民营/其他,未知
广东省,佛山市,三水区,佛山市三水区青岐卫生院高丰卫生站,佛山市三水区青岐卫生院高丰卫生站,其他/其他,未知
广东省,佛山市,三水区,佛山市三水区西南街道宝月社区卫生服务站,佛山市三水区西南街道宝月社区卫生服务站,民营/其他,未知
广东省,佛山市,三水区,佛山市三水区同方芦苞医院成功卫生站,佛山市三水区同方芦苞医院成功卫生站,民营/其他,未知
广东省,佛山市,三水区,佛山市三水区金本民信医院显和卫生站,佛山市三水区金本民信医院显和卫生站,民营/其他,未知
广东省,佛山市,三水区,佛山市三水区乐平镇黄塘墟社区卫生服务站,佛山市三水区乐平镇黄塘墟社区卫生服务站,民营/其他,未知
广东省,佛山市,三水区,佛山市三水区乐平镇显联社区卫生服务站,佛山市三水区乐平镇显联社区卫生服务站,民营/其他,未知
广东省,佛山市,三水区,佛山市三水区白坭镇岗头社区卫生服务站,佛山市三水区白坭镇岗头社区卫生服务站,民营/其他,未知
广东省,佛山市,三水区,佛山市三水区乐平镇三江社区卫生服务站,佛山市三水区乐平镇三江社区卫生服务站,其他/其他,未知
广东省,佛山市,三水区,广东省第二戒毒劳动教养所卫生所,广东省第二戒毒劳动教养所卫生所,公立/其他,未知
广东省,佛山市,三水区,佛山市三水区南山镇社区卫生服务中心,佛山市三水区南山镇社区卫生服务中心,其他/其他,未知
广东省,佛山市,三水区,广东省女子劳动教养管理所卫生所,广东省女子劳动教养管理所卫生所,其他/其他,未知
广东省,佛山市,三水区,佛山市三水区西南街道文锋东社区卫生服务站,佛山市三水区西南街道文锋东社区卫生服务站,其他/其他,未知
广东省,佛山市,三水区,佛山市三水区云东海街道杨梅社区卫生服务站,佛山市三水区云东海街道杨梅社区卫生服务站,其他/其他,未知
广东省,佛山市,三水区,佛山市三水区乐平镇三溪社区卫生服务站,佛山市三水区乐平镇三溪社区卫生服务站,其他/其他,未知
广东省,佛山市,三水区,佛山市三水区西南街道鲁村社区卫生服务站,佛山市三水区西南街道鲁村社区卫生服务站,其他/其他,未知
广东省,佛山市,三水区,佛山市三水区大塘镇大塘社区卫生服务站,佛山市三水区大塘镇大塘社区卫生服务站,其他/其他,未知
广东省,佛山市,三水区,佛山市三水区西南街道银坑社区卫生服务站,佛山市三水区西南街道银坑社区卫生服务站,其他/其他,未知
广东省,佛山市,三水区,佛山市三水区西南街道河口社区左田社区卫生服务站,佛山市三水区西南街道河口社区左田社区卫生服务站,民营/其他,未知
广东省,佛山市,三水区,佛山市三水区乐平镇大岗社区卫生服务站,佛山市三水区乐平镇大岗社区卫生服务站,民营/其他,未知
广东省,佛山市,三水区,佛山市三水区乐平镇三江村委海洲卫生站,佛山市三水区乐平镇三江村委海洲卫生站,其他/其他,未知
广东省,佛山市,三水区,佛山市三水区金本民信医院翠坑卫生站,佛山市三水区金本民信医院翠坑卫生站,民营/其他,未知
广东省,佛山市,三水区,佛山市三水区西南街道新街社区卫生服务站,佛山市三水区西南街道新街社区卫生服务站,民营/其他,未知
广东省,佛山市,三水区,佛山市三水区西南街道沙头社区卫生服务站,佛山市三水区西南街道沙头社区卫生服务站,其他/其他,未知
广东省,佛山市,三水区,佛山市三水区西南街道河口中学医务室,佛山市三水区西南街道河口中学医务室,其他/其他,未知
广东省,佛山市,三水区,佛山市三水区西南街道耀华社区卫生服务站,佛山市三水区西南街道耀华社区卫生服务站,其他/其他,未知
广东省,佛山市,三水区,佛山市三水区芦苞镇社区卫生服务中心,佛山市三水区芦苞镇社区卫生服务中心,其他/其他,未知
广东省,佛山市,三水区,佛山市三水区西南街道民营区社区卫生服务站,佛山市三水区西南街道民营区社区卫生服务站,其他/其他,未知
广东省,佛山市,三水区,佛山市三水区南山镇六和卫生院,佛山市三水区南山镇六和卫生院,其他/其他,未知
广东省,佛山市,三水区,佛山市三水区大塘镇工业园社区卫生服务站,佛山市三水区大塘镇工业园社区卫生服务站,其他/其他,未知
广东省,佛山市,三水区,佛山市三水区乐平镇华布社区卫生服务站,佛山市三水区乐平镇华布社区卫生服务站,其他/其他,未知
广东省,佛山市,三水区,佛山市三水区青岐卫生院,佛山市三水区青岐卫生院,公立/其他,一级医院
广东省,佛山市,三水区,佛山市三水区西南街道社区卫生服务中心,佛山市三水区西南街道社区卫生服务中心,其他/其他,未知
广东省,佛山市,三水区,佛山市三水区西南街道园林社区卫生服务站,佛山市三水区西南街道园林社区卫生服务站,其他/其他,未知
广东省,佛山市,三水区,佛山市三水区西南街道洲边社区卫生服务站,佛山市三水区西南街道洲边社区卫生服务站,民营/其他,未知
广东省,佛山市,三水区,佛山市公安局强制隔离戒毒所卫生所,佛山市公安局强制隔离戒毒所卫生所,公立/其他,未知
广东省,佛山市,三水区,同方迳口华侨经济区医院择善卫生站,同方迳口华侨经济区医院择善卫生站,民营/其他,未知
广东省,佛山市,三水区,里水镇小布社区卫生服务站,里水镇小布社区卫生服务站,其他/其他,未知
广东省,佛山市,三水区,里水镇沙涌社区卫生服务站,里水镇沙涌社区卫生服务站,其他/其他,未知
广东省,佛山市,三水区,佛山市三水区西南街维基牙科诊所,佛山市三水区西南街维基牙科诊所,民营/其他,未知
广东省,佛山市,三水区,佛山市三水区同方芦苞医院第三门诊部,佛山市三水区同方芦苞医院第三门诊部,民营/门诊,未知
广东省,佛山市,三水区,佛山市三水区畔江医疗门诊部,佛山市三水区畔江医疗门诊部,民营/门诊,未知
广东省,佛山市,三水区,佛山市三水区社会福利中心诊所,佛山市三水区社会福利中心诊所,公立/其他,未知
广东省,佛山市,三水区,佛山市三水区同方芦苞医院第二门诊部,佛山市三水区同方芦苞医院第二门诊部,民营/门诊,未知
广东省,佛山市,三水区,佛山市三水区广济专科门诊部,佛山市三水区广济专科门诊部,民营/门诊,未知
广东省,佛山市,三水区,佛山市三水区仁爱专科门诊部,佛山市三水区仁爱专科门诊部,民营/其他,未知
广东省,佛山市,三水区,佛山市三水区李锦光牙科诊所,佛山市三水区李锦光牙科诊所,民营/其他,未知
广东省,佛山市,三水区,佛山市三水区乐平镇真爱专科门诊部,佛山市三水区乐平镇真爱专科门诊部,民营/其他,未知
广东省,佛山市,三水区,佛山市三水新时代门诊部,佛山市三水新时代门诊部,民营/门诊,未知
广东省,佛山市,三水区,佛山市三水区同方芦苞医院镇中门诊部,佛山市三水区同方芦苞医院镇中门诊部,民营/门诊,未知
广东省,佛山市,三水区,佛山市三水区兆康诊所,佛山市三水区兆康诊所,民营/其他,未知
广东省,佛山市,三水区,佛山市三水区西南街赞辉牙科诊所,佛山市三水区西南街赞辉牙科诊所,民营/其他,未知
广东省,佛山市,三水区,佛山市三水区芦苞镇惠东牙科诊所,佛山市三水区芦苞镇惠东牙科诊所,民营/其他,未知
广东省,佛山市,三水区,佛山市三水区明爱综合门诊部,佛山市三水区明爱综合门诊部,民营/门诊,未知
广东省,佛山市,三水区,佛山市三水区芦苞镇日群诊所,佛山市三水区芦苞镇日群诊所,民营/其他,未知
广东省,佛山市,三水区,佛山市三水区疾病防治所社区药物维持治疗门诊部,佛山市三水区疾病防治所社区药物维持治疗门诊部,公立/门诊,未知
广东省,佛山市,三水区,佛山市三水区人口和计划生育服务站,佛山市三水区人口和计划生育服务站,公立/门诊,未知
广东省,佛山市,三水区,佛山市三水区西南街赞基口腔诊所,佛山市三水区西南街赞基口腔诊所,民营/其他,未知
广东省,佛山市,三水区,佛山市三水区众仁门诊部,佛山市三水区众仁门诊部,其他/门诊,未知
广东省,佛山市,三水区,佛山市三水区白坭镇周生诊所,佛山市三水区白坭镇周生诊所,民营/其他,未知
广东省,佛山市,三水区,佛山市三水区欣华南边医院,佛山市三水区欣华南边医院,个体户/综合医院,一级甲等
广东省,佛山市,三水区,三水市妇幼保健院,三水市妇幼保健院,公立/综合医院,未知
广东省,佛山市,三水区,三水区中医院,三水区中医院,公立/中医医院,二级甲等
广东省,佛山市,三水区,三水区人民医院,三水区人民医院,公立/综合医院,二级甲等
广东省,佛山市,三水区,广东省三水劳教医院,广东省三水劳教医院,公立/综合医院,未知
广东省,佛山市,三水区,佛山市三水区疾病防治所,佛山市三水区疾病防治所,公立/其他,未知
广东省,佛山市,三水区,佛山市三水区疾病预防控制中心,佛山市三水区疾病预防控制中心,公立/其他,未知
广东省,佛山市,三水区,佛山市三水区乐平镇新旗社区卫生服务站,佛山市三水区乐平镇新旗社区卫生服务站,其他/其他,未知
广东省,佛山市,三水区,佛山市三水区芦苞镇上乐塘社区卫生服务站,佛山市三水区芦苞镇上乐塘社区卫生服务站,民营/其他,未知
广东省,佛山市,三水区,佛山市三水区乐平镇社区卫生服务中心,佛山市三水区乐平镇社区卫生服务中心,其他/其他,未知
广东省,佛山市,三水区,佛山市三水区白坭镇同信医疗诊所,佛山市三水区白坭镇同信医疗诊所,民营/其他,未知
广东省,佛山市,三水区,佛山市三水区芦苞镇华章诊所,佛山市三水区芦苞镇华章诊所,民营/其他,未知
广东省,佛山市,三水区,佛山市三水区奇星专科门诊部,佛山市三水区奇星专科门诊部,民营/门诊,未知
广东省,佛山市,三水区,佛山市三水区欣华范湖医院开发区门诊部,佛山市三水区欣华范湖医院开发区门诊部,民营/门诊,未知
广东省,佛山市,三水区,佛山市三水区友好医疗门诊部,佛山市三水区友好医疗门诊部,民营/门诊,未知
广东省,佛山市,三水区,佛山市三水区惠众诊所,佛山市三水区惠众诊所,民营/其他,未知
广东省,佛山市,三水区,佛山市三水区白坭镇马丽丽牙科诊所,佛山市三水区白坭镇马丽丽牙科诊所,民营/其他,未知
广东省,佛山市,三水区,佛山市三水区白坭镇蒋建华诊所,佛山市三水区白坭镇蒋建华诊所,民营/其他,未知
广东省,佛山市,三水区,佛山市三水区西南街联合医疗门诊部,佛山市三水区西南街联合医疗门诊部,民营/门诊,未知
广东省,佛山市,三水区,佛山市三水区芦苞镇秀金牙科诊所,佛山市三水区芦苞镇秀金牙科诊所,民营/其他,未评级
广东省,佛山市,三水区,佛山市三水区西南街卫明牙科诊所,佛山市三水区西南街卫明牙科诊所,民营/其他,未知
广东省,佛山市,三水区,佛山市三水区中山门诊部,佛山市三水区中山门诊部,民营/门诊,未知
广东省,佛山市,三水区,佛山市三水区白坭镇老医门诊部,佛山市三水区白坭镇老医门诊部,民营/门诊,未知
广东省,佛山市,三水区,佛山市三水区西南街汇河牙科诊所,佛山市三水区西南街汇河牙科诊所,民营/其他,未知
广东省,佛山市,三水区,佛山市三水区西南街地质增康门诊部,佛山市三水区西南街地质增康门诊部,民营/门诊,未知
广东省,佛山市,三水区,佛山市三水区乐平镇中心医院第二门诊部,佛山市三水区乐平镇中心医院第二门诊部,公立/门诊,未知
广东省,佛山市,三水区,佛山市三水区高明诊所,佛山市三水区高明诊所,民营/其他,未知
广东省,佛山市,三水区,佛山市三水区卫群诊所,佛山市三水区卫群诊所,其他/其他,未知
广东省,佛山市,三水区,佛山市三水区南山镇众安诊所,佛山市三水区南山镇众安诊所,民营/其他,未知
广东省,佛山市,三水区,佛山市三水区西南街康桥综合门诊部,佛山市三水区西南街康桥综合门诊部,民营/门诊,未知
广东省,佛山市,三水区,佛山市三水区南方张边门诊部,佛山市三水区南方张边门诊部,民营/其他,未知
广东省,佛山市,三水区,佛山市三水区陆万亨牙科诊所,佛山市三水区陆万亨牙科诊所,民营/其他,未知
广东省,佛山市,三水区,佛山市三水区利群诊所,佛山市三水区利群诊所,民营/其他,未知
广东省,佛山市,三水区,佛山市三水区惠民诊所,佛山市三水区惠民诊所,民营/其他,未知
广东省,佛山市,三水区,佛山市三水区南边佳健乐诊所,佛山市三水区南边佳健乐诊所,民营/其他,未知
广东省,佛山市,三水区,佛山市三水区西南街道河口诚联文诊所,佛山市三水区西南街道河口诚联文诊所,民营/其他,未知
广东省,佛山市,三水区,佛山市三水区西南街今康门诊部,佛山市三水区西南街今康门诊部,民营/门诊,未知
广东省,佛山市,三水区,佛山市三水区西南街杏甜口腔诊所,佛山市三水区西南街杏甜口腔诊所,民营/其他,未知
广东省,佛山市,三水区,佛山市三水区乐平镇陈涛绵锋诊所,佛山市三水区乐平镇陈涛绵锋诊所,民营/其他,未知
广东省,佛山市,三水区,广东省南丰劳动教养管理所医院,广东省南丰劳动教养管理所医院,公立/综合医院,未评级
广东省,佛山市,三水区,佛山市三水区同安专科门诊部,佛山市三水区同安专科门诊部,民营/门诊,未知
广东省,佛山市,三水区,佛山市三水区关爱医疗专科门诊部,佛山市三水区关爱医疗专科门诊部,民营/门诊,未知
广东省,佛山市,三水区,佛山市三水区同方河口医院,佛山市三水区同方河口医院,民营/综合医院,未评级
广东省,佛山市,三水区,佛山市三水区女子医院,佛山市三水区女子医院,民营/专科医院,未知
广东省,佛山市,三水区,佛山市三水区乐平镇中心医院,佛山市三水区乐平镇中心医院,公立/综合医院,一级医院
广东省,佛山市,三水区,同方迳口华侨经济区医院,同方迳口华侨经济区医院,民营/综合医院,未知
广东省,佛山市,三水区,佛山市三水区金本民信医院,佛山市三水区金本民信医院,民营/综合医院,一级医院
广东省,佛山市,三水区,佛山市三水区同方芦苞医院,佛山市三水区同方芦苞医院,民营/综合医院,一级医院
广东省,佛山市,三水区,佛山市中医院三水医院,佛山市中医院三水医院,公立/综合医院,二级甲等
广东省,佛山市,三水区,佛山市三水劳教所医院,佛山市三水劳教所医院,公立/综合医院,未知
广东省,佛山市,三水区,佛山市三水区芦苞中心医院,佛山市三水区芦苞中心医院,公立/综合医院,未知
广东省,佛山市,三水区,白坭华立医院,白坭华立医院,民营/综合医院,一级甲等
广东省,佛山市,三水区,佛山市三水区妇幼保健院,佛山市三水区妇幼保健院,公立/综合医院,一级甲等
广东省,佛山市,三水区,佛山市三水区人民医院,佛山市三水区人民医院,公立/综合医院,二级甲等
广东省,佛山市,三水区,佛山市中医院三水分院,佛山市三水区中医院,公立/综合医院,二级甲等
广东省,佛山市,三水区,佛山市三水区西南街地质增康康复专科医院,佛山三水地质增康专科医院,民营/专科医院,民营医院
