﻿省,市,区,全名,别名,性质,等级
广东省,佛山市,顺德区,佛山市高明区杨和镇沙水社区卫生服务站,佛山市高明区杨和镇沙水社区卫生服务站,其他/其他,未知
广东省,佛山市,顺德区,佛山高明杨和镇豸岗卫生站,佛山高明杨和镇豸岗卫生站,其他/其他,未知
广东省,佛山市,顺德区,佛山高明明城镇坟典卫生站,佛山高明明城镇坟典卫生站,其他/其他,未知
广东省,佛山市,顺德区,荷城街道东西卫生站,荷城街道东西卫生站,其他/其他,未知
广东省,佛山市,顺德区,荷城街道照明社区卫生服务站,荷城街道照明社区卫生服务站,其他/其他,未知
广东省,佛山市,顺德区,,,,
