﻿省,市,区,全名,别名,性质,等级
广东省,深圳市,龙华新区,深圳伟光医院（民营）,深圳观澜伟光联合医院,民营/综合医院,未知
广东省,深圳市,龙华新区,深圳健安医院,健安医院,民营/综合医院,一级乙等
广东省,深圳市,龙华新区,深圳国丹妇儿科医院,深圳龙华专业妇儿科医院,民营/专科医院,未评级
广东省,深圳市,龙华新区,深圳济生门诊部,深圳济生男科医院,民营/专科医院,民营医院
广东省,深圳市,龙华新区,深圳厚德医院,厚德医院,民营/综合医院,未评级
广东省,深圳市,龙华新区,深圳民华门诊部,深圳民华医院,民营/综合医院,民营医院
广东省,深圳市,龙华新区,深圳军龙医院,龙华边防医院,其他/综合医院,未知
广东省,深圳市,龙华新区,富士康社区健康服务中心,富士康社区健康服务中心,其他/其他,未知
广东省,深圳市,龙华新区,君子布社区健康服务中心,君子布社区健康服务中心,其他/其他,未知
广东省,深圳市,龙华新区,库坑社区健康服务中心,库坑社区健康服务中心,其他/其他,未知
广东省,深圳市,龙华新区,深圳真爱妇科门诊部,深圳真爱妇科医院,合资/门诊,未评级
