﻿省,市,区,全名,别名,性质,等级
广东省,东莞市,万江区,东莞万江小享医院,小享医院,民营/综合医院,未知
广东省,东莞市,万江区,东莞市万江医院,东莞市万江医院,公立/综合医院,一级甲等
广东省,东莞市,万江区,东莞市康怡医院,原谷涌医院,民营/综合医院,二级甲等
广东省,东莞市,万江区,东莞康怡医院,东莞谷涌医院,民营/综合医院,二级医院
广东省,东莞市,万江区,东莞万江康民门诊部,东莞万江康民门诊部,公立/门诊,一级乙等
