﻿省,市,区,全名,别名,性质,等级
广东省,肇庆市,鼎湖县,桂城社区卫生服务中心,桂城社区卫生服务中心,公立/其他,未知
广东省,肇庆市,鼎湖县,肇庆市鼎湖区人民医院,肇庆市鼎湖区人民医院,公立/综合医院,二级甲等
广东省,肇庆市,鼎湖县,肇庆市鼎湖区中医院,肇庆市鼎湖区中医院,公立/综合医院,二级甲等
广东省,肇庆市,鼎湖县,肇庆市鼎湖区友好门诊部,鼎湖区友好医院,其他/门诊,未评级
