﻿省,市,区,全名,别名,性质,等级
广东省,肇庆市,怀集县,怀集妇幼保健院,怀集妇幼保健院,公立/综合医院,未知
广东省,肇庆市,怀集县,甘洒镇卫生院,甘洒镇卫生院,民营/综合医院,未知
广东省,肇庆市,怀集县,怀集县精神病医院,怀集县精神病医院,公立/综合医院,未知
广东省,肇庆市,怀集县,怀集县优抚医院,怀集县优抚医院,公立/综合医院,一级甲等
广东省,肇庆市,怀集县,怀集县妇幼保健院,怀集县妇幼保健院,公立/综合医院,一级甲等
广东省,肇庆市,怀集县,怀集县中医院,怀集县中医院,公立/综合医院,一级甲等
广东省,肇庆市,怀集县,洽水镇卫生院,洽水镇卫生院,民营/综合医院,一级甲等
广东省,肇庆市,怀集县,怀集人民医院,怀集人民医院,公立/综合医院,二级甲等
广东省,肇庆市,怀集县,怀集中医院,怀集中医院,民营/综合医院,二级甲等
广东省,肇庆市,怀集县,怀集县人民医院,怀集县人民医院,公立/综合医院,二级甲等
广东省,肇庆市,怀集县,怀集长城医院,长城医院,民营/综合医院,民营医院
