﻿省,市,区,全名,别名,性质,等级
广东省,肇庆市,封开县,封开县中医院,封开县中医院,公立/综合医院,未知
广东省,肇庆市,封开县,封开县渔涝卫生院,封开县渔涝卫生院,民营/综合医院,未知
广东省,肇庆市,封开县,封开中医院,封开中医院,民营/综合医院,二级乙等
广东省,肇庆市,封开县,封开县妇幼保健院,封开县妇幼保健院,公立/综合医院,二级乙等
广东省,肇庆市,封开县,封开县第二人民医院,封开县第二人民医院,公立/综合医院,二级乙等
广东省,肇庆市,封开县,封开县人民医院,封开县人民医院,公立/综合医院,二级甲等
