﻿省,市,区,全名,别名,性质,等级
广东省,韶关市,乐昌,刘祖棠私人诊所,刘祖棠私人诊所,民营/其他,未知
广东省,韶关市,乐昌,林伟涛私人诊所,林伟涛私人诊所,其他/其他,未知
广东省,韶关市,乐昌,乐昌市慢性病防治站,乐昌市慢性病防治站,其他/其他,未知
广东省,韶关市,乐昌,乐昌市九峰联安卫生站下伸点,乐昌市九峰联安卫生站下伸点,其他/其他,未知
广东省,韶关市,乐昌,乐昌市庆云镇金坪村村委会卫生站下伸点,乐昌市庆云镇金坪村村委会卫生站下伸点,其他/其他,未知
广东省,韶关市,乐昌,乐昌市坪石镇转村村委会卫生站,乐昌市坪石镇转村村委会卫生站,其他/其他,未知
广东省,韶关市,乐昌,乐昌市梅花镇关春村村委会卫生站下伸点(王秋香),乐昌市梅花镇关春村村委会卫生站下伸点(王秋香),其他/其他,未知
广东省,韶关市,乐昌,乐昌市三溪镇东头园村委会卫生站下伸点,乐昌市三溪镇东头园村委会卫生站下伸点,其他/其他,未知
广东省,韶关市,乐昌,乐昌市九峰镇坪石村村委会卫生站,乐昌市九峰镇坪石村村委会卫生站,其他/其他,未知
广东省,韶关市,乐昌,北乡下西坑瑶族村委会卫生站,北乡下西坑瑶族村委会卫生站,其他/其他,未知
广东省,韶关市,乐昌,乐昌市梅花镇大富村委会卫生站下伸点(范仰勇),乐昌市梅花镇大富村委会卫生站下伸点(范仰勇),其他/其他,未知
广东省,韶关市,乐昌,乐昌市梅花镇三和村村委会卫生站下伸点(邓树金),乐昌市梅花镇三和村村委会卫生站下伸点(邓树金),其他/其他,未知
广东省,韶关市,乐昌,乐昌市梅花深塘村村委会卫生站下伸点（余培金）,乐昌市梅花深塘村村委会卫生站下伸点（余培金）,其他/其他,未知
广东省,韶关市,乐昌,乐昌市九峰镇上廊村村委会卫生站,乐昌市九峰镇上廊村村委会卫生站,其他/其他,未知
广东省,韶关市,乐昌,乐昌市九峰文洞村村委会卫生站,乐昌市九峰文洞村村委会卫生站,其他/其他,未知
广东省,韶关市,乐昌,乐昌市梅花镇关春村村委会卫生站,乐昌市梅花镇关春村村委会卫生站,其他/其他,未知
广东省,韶关市,乐昌,长来村委卫生站,长来村委卫生站,其他/其他,未知
广东省,韶关市,乐昌,乐昌市三溪镇石村村委员会卫生站下伸点,乐昌市三溪镇石村村委员会卫生站下伸点,其他/其他,未知
广东省,韶关市,乐昌,乐昌市坪石镇京口村村委会卫生站,乐昌市坪石镇京口村村委会卫生站,其他/其他,未知
广东省,韶关市,乐昌,坪石老街屋村委会卫生站（付荣生）,坪石老街屋村委会卫生站（付荣生）,其他/其他,未知
广东省,韶关市,乐昌,乐昌市廊田镇马屋村村委会卫生站,乐昌市廊田镇马屋村村委会卫生站,其他/其他,未知
广东省,韶关市,乐昌,乐昌市廊田镇白山村村委会卫生站,乐昌市廊田镇白山村村委会卫生站,其他/其他,未知
广东省,韶关市,乐昌,乐昌市黄圃镇新塘村村委会卫生站,乐昌市黄圃镇新塘村村委会卫生站,其他/其他,未知
广东省,韶关市,乐昌,乐昌市云岩镇斯茅坪村村委会卫生站,乐昌市云岩镇斯茅坪村村委会卫生站,其他/其他,未知
广东省,韶关市,乐昌,乐昌市秀水芳塘村村委会卫生站下伸点,乐昌市秀水芳塘村村委会卫生站下伸点,其他/其他,未知
广东省,韶关市,乐昌,白石新田村委会卫生站下伸点,白石新田村委会卫生站下伸点,其他/其他,未知
广东省,韶关市,乐昌,乐昌市九峰遑洞村村委会卫生站下伸点,乐昌市九峰遑洞村村委会卫生站下伸点,其他/其他,未知
广东省,韶关市,乐昌,乐昌市坪石镇武阳桥村村委会卫生站,乐昌市坪石镇武阳桥村村委会卫生站,其他/其他,未知
广东省,韶关市,乐昌,乐昌市黄圃镇桃坪卫生站,乐昌市黄圃镇桃坪卫生站,其他/其他,未知
广东省,韶关市,乐昌,乐昌市坪石镇灵石坝村村委会卫生站下伸点（李凡成）,乐昌市坪石镇灵石坝村村委会卫生站下伸点（李凡成）,其他/其他,未知
广东省,韶关市,乐昌,乐昌市梅花镇梅花村村委会卫生站下伸点(邓光华),乐昌市梅花镇梅花村村委会卫生站下伸点(邓光华),其他/其他,未知
广东省,韶关市,乐昌,乐昌市九峰溪下村村委会卫生站下伸点,乐昌市九峰溪下村村委会卫生站下伸点,其他/其他,未知
广东省,韶关市,乐昌,乐昌市九峰浆源村村委会卫生站,乐昌市九峰浆源村村委会卫生站,其他/其他,未知
广东省,韶关市,乐昌,乐昌市梅花镇石溪村村委会卫生站,乐昌市梅花镇石溪村村委会卫生站,其他/其他,未知
广东省,韶关市,乐昌,乐昌市长来镇水口村村委会卫生站,乐昌市长来镇水口村村委会卫生站,其他/其他,未知
广东省,韶关市,乐昌,乐昌市长来镇罗村村委会卫生站,乐昌市长来镇罗村村委会卫生站,其他/其他,未知
广东省,韶关市,乐昌,乐昌市长来镇大赛村村委会卫生站,乐昌市长来镇大赛村村委会卫生站,其他/其他,未知
广东省,韶关市,乐昌,乐昌市三溪镇石村村委会卫生站,乐昌市三溪镇石村村委会卫生站,其他/其他,未知
广东省,韶关市,乐昌,乐昌市坪石镇天堂村村委会卫生站,乐昌市坪石镇天堂村村委会卫生站,其他/其他,未知
广东省,韶关市,乐昌,乐昌市坪石镇新岩下村村委会卫生站,乐昌市坪石镇新岩下村村委会卫生站,其他/其他,未知
广东省,韶关市,乐昌,乐昌市五山镇山溪村村委会卫生站下伸点,乐昌市五山镇山溪村村委会卫生站下伸点,其他/其他,未知
广东省,韶关市,乐昌,乐昌市河南镇下西村村委会卫生站下伸点,乐昌市河南镇下西村村委会卫生站下伸点,其他/其他,未知
广东省,韶关市,乐昌,乐昌市河南镇洪莲村村委会卫生站,乐昌市河南镇洪莲村村委会卫生站,其他/其他,未知
广东省,韶关市,乐昌,乐城卫生院河南村委会卫生站,乐城卫生院河南村委会卫生站,其他/其他,未知
广东省,韶关市,乐昌,乐昌市两江镇上长塘村村委会卫生站,乐昌市两江镇上长塘村村委会卫生站,其他/其他,未知
广东省,韶关市,乐昌,乐昌市庆云镇永乐村村委会卫生站,乐昌市庆云镇永乐村村委会卫生站,其他/其他,未知
广东省,韶关市,乐昌,乐昌市庆云镇土佳寮村村委会卫生站,乐昌市庆云镇土佳寮村村委会卫生站,其他/其他,未知
广东省,韶关市,乐昌,乐昌市云岩镇选家洞村村委会卫生站,乐昌市云岩镇选家洞村村委会卫生站,其他/其他,未知
广东省,韶关市,乐昌,乐昌市云岩镇开封村村委会卫生站,乐昌市云岩镇开封村村委会卫生站,其他/其他,未知
广东省,韶关市,乐昌,乐昌市梅花谭司村村委会卫生站,乐昌市梅花谭司村村委会卫生站,其他/其他,未知
广东省,韶关市,乐昌,乐昌市长来镇东边村村委会卫生站,乐昌市长来镇东边村村委会卫生站,其他/其他,未知
广东省,韶关市,乐昌,乐昌市长来镇安口村村委会卫生站,乐昌市长来镇安口村村委会卫生站,其他/其他,未知
广东省,韶关市,乐昌,五山镇麻坑卫生站下伸点,五山镇麻坑卫生站下伸点,其他/其他,未知
广东省,韶关市,乐昌,乐昌市河南镇月坵村村委会卫生站,乐昌市河南镇月坵村村委会卫生站,其他/其他,未知
广东省,韶关市,乐昌,乐昌市乐城镇西联村村委会卫生站,乐昌市乐城镇西联村村委会卫生站,其他/其他,未知
广东省,韶关市,乐昌,乐昌市廊田镇楼下村村委会卫生站,乐昌市廊田镇楼下村村委会卫生站,其他/其他,未知
广东省,韶关市,乐昌,乐昌市黄圃镇石溪村村委会卫生站,乐昌市黄圃镇石溪村村委会卫生站,其他/其他,未知
广东省,韶关市,乐昌,乐昌市庆云镇湾雷村村委会卫生站,乐昌市庆云镇湾雷村村委会卫生站,其他/其他,未知
广东省,韶关市,乐昌,乐昌市云岩镇石冲村村委会卫生站,乐昌市云岩镇石冲村村委会卫生站,其他/其他,未知
广东省,韶关市,乐昌,乐昌市河南镇天井岗村村委会卫生站,乐昌市河南镇天井岗村村委会卫生站,其他/其他,未知
广东省,韶关市,乐昌,乐昌市九峰小廊村村委会卫生站下伸点,乐昌市九峰小廊村村委会卫生站下伸点,其他/其他,未知
广东省,韶关市,乐昌,乐昌市九峰大廊村委会卫生站下伸点,乐昌市九峰大廊村委会卫生站下伸点,其他/其他,未知
广东省,韶关市,乐昌,乐昌市北乡镇黄坌村村委会卫生站,乐昌市北乡镇黄坌村村委会卫生站,其他/其他,未知
广东省,韶关市,乐昌,乐昌市梅花镇梅花村村委会卫生站,乐昌市梅花镇梅花村村委会卫生站,其他/其他,未知
广东省,韶关市,乐昌,乐昌市梅花铜山村村委会卫生站,乐昌市梅花铜山村村委会卫生站,其他/其他,未知
广东省,韶关市,乐昌,乐昌市梅花清洞村村委会卫生站,乐昌市梅花清洞村村委会卫生站,其他/其他,未知
广东省,韶关市,乐昌,乐昌市三溪镇车头园村委员会卫生站（邝国）,乐昌市三溪镇车头园村委员会卫生站（邝国）,其他/其他,未知
广东省,韶关市,乐昌,乐昌市坪石镇田头村村委会卫生站下伸点,乐昌市坪石镇田头村村委会卫生站下伸点,其他/其他,未知
广东省,韶关市,乐昌,乐昌五山镇牛头洞村委会卫生站,乐昌五山镇牛头洞村委会卫生站,其他/其他,未知
广东省,韶关市,乐昌,乐昌市两江镇上斜村村委会卫生站,乐昌市两江镇上斜村村委会卫生站,其他/其他,未知
广东省,韶关市,乐昌,乐昌市廊田镇沙洲村村委会卫生站,乐昌市廊田镇沙洲村村委会卫生站,其他/其他,未知
广东省,韶关市,乐昌,乐昌市黄圃镇东村村委会卫生站,乐昌市黄圃镇东村村委会卫生站,其他/其他,未知
广东省,韶关市,乐昌,乐昌市云岩镇云岩村村委会卫生站,乐昌市云岩镇云岩村村委会卫生站,其他/其他,未知
广东省,韶关市,乐昌,乐昌市秀水镇肖山村村委会卫生站,乐昌市秀水镇肖山村村委会卫生站,其他/其他,未知
广东省,韶关市,乐昌,乐昌市廊田镇葫芦坪村委会卫生站,乐昌市廊田镇葫芦坪村委会卫生站,其他/其他,未知
广东省,韶关市,乐昌,乐昌市坪石镇莲塘村委会卫生站,乐昌市坪石镇莲塘村委会卫生站,其他/其他,未知
广东省,韶关市,乐昌,乐昌市坪石镇大罗家村村委会卫生站,乐昌市坪石镇大罗家村村委会卫生站,其他/其他,未知
广东省,韶关市,乐昌,白石水井村委会卫生站,白石水井村委会卫生站,其他/其他,未知
广东省,韶关市,乐昌,乐昌市坪石镇肖家湾村委会卫生站,乐昌市坪石镇肖家湾村委会卫生站,其他/其他,未知
广东省,韶关市,乐昌,乐昌市秀水镇中排村村委会卫生站下伸点,乐昌市秀水镇中排村村委会卫生站下伸点,其他/其他,未知
广东省,韶关市,乐昌,乐昌市坪石镇长排寮村村委会卫生站,乐昌市坪石镇长排寮村村委会卫生站,其他/其他,未知
广东省,韶关市,乐昌,乐昌市梅花大坪村村委会卫生站（杨献方）,乐昌市梅花大坪村村委会卫生站（杨献方）,其他/其他,未知
广东省,韶关市,乐昌,乐昌市九峰镇横坑村委会卫生站下伸点（黄双和）,乐昌市九峰镇横坑村委会卫生站下伸点（黄双和）,其他/其他,未知
广东省,韶关市,乐昌,乐昌市乐城镇榴村村委会卫生站,乐昌市乐城镇榴村村委会卫生站,其他/其他,未知
广东省,韶关市,乐昌,乐昌市乐城镇练塘村村委会卫生站,乐昌市乐城镇练塘村村委会卫生站,其他/其他,未知
广东省,韶关市,乐昌,乐昌市两江镇曹家洞村村委会卫生站,乐昌市两江镇曹家洞村村委会卫生站,其他/其他,未知
广东省,韶关市,乐昌,乐昌市黄圃镇里村村委会卫生站,乐昌市黄圃镇里村村委会卫生站,其他/其他,未知
广东省,韶关市,乐昌,乐昌市秀水镇中排村村委会卫生站,乐昌市秀水镇中排村村委会卫生站,其他/其他,未知
广东省,韶关市,乐昌,乐昌乐城附城卫生站（赖永标）,乐昌乐城附城卫生站（赖永标）,其他/其他,未知
广东省,韶关市,乐昌,乐昌市两江镇凰落村村委会卫生站下伸点,乐昌市两江镇凰落村村委会卫生站下伸点,其他/其他,未知
广东省,韶关市,乐昌,乐昌市云岩镇斯茅坪村委会卫生站下伸点,乐昌市云岩镇斯茅坪村委会卫生站下伸点,其他/其他,未知
广东省,韶关市,乐昌,乐昌市乐城街道大木丘村村委会卫生站下伸点（黄建强）,乐昌市乐城街道大木丘村村委会卫生站下伸点（黄建强）,其他/其他,未知
广东省,韶关市,乐昌,乐昌市黄圃镇应山村委会卫生站,乐昌市黄圃镇应山村委会卫生站,其他/其他,未知
广东省,韶关市,乐昌,乐昌市梅花镇三和村村委会卫生站下伸点,乐昌市梅花镇三和村村委会卫生站下伸点,其他/其他,未知
广东省,韶关市,乐昌,乐昌市廊田镇马屋村委会卫生站下伸点（张建寒）,乐昌市廊田镇马屋村委会卫生站下伸点（张建寒）,其他/其他,未知
广东省,韶关市,乐昌,乐昌市北乡镇东红村村委会卫生站,乐昌市北乡镇东红村村委会卫生站,其他/其他,未知
广东省,韶关市,乐昌,乐昌市梅花镇深塘村村委会卫生站,乐昌市梅花镇深塘村村委会卫生站,其他/综合医院,未知
广东省,韶关市,乐昌,乐昌市梅花镇三和村村委会卫生站,乐昌市梅花镇三和村村委会卫生站,其他/其他,未知
广东省,韶关市,乐昌,乐昌市坪石镇田头村村委会卫生站,乐昌市坪石镇田头村村委会卫生站,其他/其他,未知
广东省,韶关市,乐昌,乐昌市秀水镇黄金洞村委会卫生站下伸点,乐昌市秀水镇黄金洞村委会卫生站下伸点,其他/其他,未知
广东省,韶关市,乐昌,乐昌市坪石镇武阳司村委会卫生站下伸点,乐昌市坪石镇武阳司村委会卫生站下伸点,其他/其他,未知
广东省,韶关市,乐昌,乐昌市坪石镇吴塘村村委会卫生站,乐昌市坪石镇吴塘村村委会卫生站,其他/其他,未知
广东省,韶关市,乐昌,乐昌市坪石镇三拱桥村村委会卫生站,乐昌市坪石镇三拱桥村村委会卫生站,其他/其他,未知
广东省,韶关市,乐昌,乐昌市梅花镇关村村委会卫生站下伸点(陈秋莲),乐昌市梅花镇关村村委会卫生站下伸点(陈秋莲),其他/其他,未知
广东省,韶关市,乐昌,乐昌市梅花三和村村委会卫生站下伸点(何建乐),乐昌市梅花三和村村委会卫生站下伸点(何建乐),其他/其他,未知
广东省,韶关市,乐昌,乐昌市九峰遑洞村村委会卫生站,乐昌市九峰遑洞村村委会卫生站,其他/其他,未知
广东省,韶关市,乐昌,乐昌市黄圃镇鱼池岭村委会卫生站,乐昌市黄圃镇鱼池岭村委会卫生站,其他/其他,未知
广东省,韶关市,乐昌,乐昌坪石镇罗家渡村委会卫生站下伸点（邓建忠）,乐昌坪石镇罗家渡村委会卫生站下伸点（邓建忠）,其他/其他,未知
广东省,韶关市,乐昌,乐昌市廊田镇楼下村委会卫生站下伸点（邓爱莲）,乐昌市廊田镇楼下村委会卫生站下伸点（邓爱莲）,其他/其他,未知
广东省,韶关市,乐昌,乐昌市九峰三联村委会卫生站下伸点,乐昌市九峰三联村委会卫生站下伸点,其他/其他,未知
广东省,韶关市,乐昌,乐昌市九峰横坑村村委会卫生站,乐昌市九峰横坑村村委会卫生站,其他/其他,未知
广东省,韶关市,乐昌,乐昌市北乡镇前村村委会卫生站,乐昌市北乡镇前村村委会卫生站,其他/其他,未知
广东省,韶关市,乐昌,乐昌市梅花鹿村村委会卫生站,乐昌市梅花鹿村村委会卫生站,其他/其他,未知
广东省,韶关市,乐昌,乐昌市长来镇前溪村村委会卫生站,乐昌市长来镇前溪村村委会卫生站,其他/其他,未知
广东省,韶关市,乐昌,乐昌市坪石镇灵石垻村村委会卫生站,乐昌市坪石镇灵石垻村村委会卫生站,其他/其他,未知
广东省,韶关市,乐昌,乐昌市乐城镇长迳村村委会卫生站,乐昌市乐城镇长迳村村委会卫生站,其他/其他,未知
广东省,韶关市,乐昌,乐昌市河南镇小洞村村委会卫生站,乐昌市河南镇小洞村村委会卫生站,其他/其他,未知
广东省,韶关市,乐昌,乐昌市河南镇塔头村村委会卫生站,乐昌市河南镇塔头村村委会卫生站,其他/其他,未知
广东省,韶关市,乐昌,乐昌市河南镇大洞村委会卫生站,乐昌市河南镇大洞村委会卫生站,其他/其他,未知
广东省,韶关市,乐昌,乐昌市庆云镇五里冲村村委会卫生站,乐昌市庆云镇五里冲村村委会卫生站,其他/其他,未知
广东省,韶关市,乐昌,乐昌市云岩镇长塘村村委会卫生站,乐昌市云岩镇长塘村村委会卫生站,其他/其他,未知
广东省,韶关市,乐昌,乐昌市秀水镇芳塘村村委会卫生站,乐昌市秀水镇芳塘村村委会卫生站,其他/其他,未知
广东省,韶关市,乐昌,乐昌市梅花镇深塘村委会卫生站下伸点(张道源),乐昌市梅花镇深塘村委会卫生站下伸点(张道源),其他/其他,未知
广东省,韶关市,乐昌,乐昌市九峰镇溪下村村委会卫生站,乐昌市九峰镇溪下村村委会卫生站,其他/其他,未知
广东省,韶关市,乐昌,乐昌市九峰小廊村村委会卫生站,乐昌市九峰小廊村村委会卫生站,其他/其他,未知
广东省,韶关市,乐昌,乐昌市大廊村村委会卫生站,乐昌市大廊村村委会卫生站,其他/其他,未知
广东省,韶关市,乐昌,乐昌市长来镇灵口村村委会卫生站,乐昌市长来镇灵口村村委会卫生站,其他/其他,未知
广东省,韶关市,乐昌,乐昌市长来镇和村村委会卫生站,乐昌市长来镇和村村委会卫生站,其他/其他,未知
广东省,韶关市,乐昌,乐昌市五山镇沙田村村委会卫生站,乐昌市五山镇沙田村村委会卫生站,其他/其他,未知
广东省,韶关市,乐昌,乐昌市五山镇青岭村村委会卫生站,乐昌市五山镇青岭村村委会卫生站,其他/其他,未知
广东省,韶关市,乐昌,乐昌市河南镇张溪村村委会卫生站,乐昌市河南镇张溪村村委会卫生站,其他/其他,未知
广东省,韶关市,乐昌,乐昌市河南镇下西村村委会卫生站,乐昌市河南镇下西村村委会卫生站,其他/其他,未知
广东省,韶关市,乐昌,乐昌市廊田镇东庄村村委会卫生站,乐昌市廊田镇东庄村村委会卫生站,其他/其他,未知
广东省,韶关市,乐昌,乐昌市黄圃镇斗湾村村委会卫生站,乐昌市黄圃镇斗湾村村委会卫生站,其他/其他,未知
广东省,韶关市,乐昌,乐昌市秀水何家冲村村委会卫生站,乐昌市秀水何家冲村村委会卫生站,其他/其他,未知
广东省,韶关市,乐昌,乐昌市九峰茶料村村委会卫生站,乐昌市九峰茶料村村委会卫生站,其他/其他,未知
广东省,韶关市,乐昌,乐昌市北乡镇上西坑村村委会卫生站,乐昌市北乡镇上西坑村村委会卫生站,其他/其他,未知
广东省,韶关市,乐昌,乐昌市北乡镇上丛村村委会卫生站,乐昌市北乡镇上丛村村委会卫生站,其他/其他,未知
广东省,韶关市,乐昌,乐昌市北乡镇新村村委会卫生站,乐昌市北乡镇新村村委会卫生站,其他/其他,未知
广东省,韶关市,乐昌,乐昌市三溪镇仕坑村委员会卫生站,乐昌市三溪镇仕坑村委员会卫生站,其他/其他,未知
广东省,韶关市,乐昌,乐昌市坪石镇金鸡村村委会卫生站,乐昌市坪石镇金鸡村村委会卫生站,民营/其他,未知
广东省,韶关市,乐昌,乐昌市坪石河丰村村委会卫生站,乐昌市坪石河丰村村委会卫生站,其他/其他,未知
广东省,韶关市,乐昌,乐昌市坪石镇皈塘村村委会卫生站,乐昌市坪石镇皈塘村村委会卫生站,民营/其他,未知
广东省,韶关市,乐昌,乐昌市五山镇山溪村村委会卫生站,乐昌市五山镇山溪村村委会卫生站,其他/其他,未知
广东省,韶关市,乐昌,乐昌市廊田镇平富村村委会卫生站,乐昌市廊田镇平富村村委会卫生站,其他/其他,未知
广东省,韶关市,乐昌,乐昌市云岩镇出水岩村村委会卫生站,乐昌市云岩镇出水岩村村委会卫生站,民营/其他,未知
广东省,韶关市,乐昌,乐昌市云岩镇白蚕村村委会卫生站,乐昌市云岩镇白蚕村村委会卫生站,其他/其他,未知
广东省,韶关市,乐昌,乐昌市秀水镇田心村村委会卫生站,乐昌市秀水镇田心村村委会卫生站,其他/其他,未知
广东省,韶关市,乐昌,乐昌市秀水镇秀水村村委会卫生站,乐昌市秀水镇秀水村村委会卫生站,其他/其他,未知
广东省,韶关市,乐昌,乐昌市坪石镇白竹村委会卫生站,乐昌市坪石镇白竹村委会卫生站,其他/其他,未知
广东省,韶关市,乐昌,乐昌市庆云镇永乐村委会卫生站,乐昌市庆云镇永乐村委会卫生站,其他/其他,未知
广东省,韶关市,乐昌,乐昌市北乡镇茅坪村委会卫生站下伸点(赵瑞金),乐昌市北乡镇茅坪村委会卫生站下伸点(赵瑞金),其他/其他,未知
广东省,韶关市,乐昌,乐昌市坪石镇武阳司村村委会卫生站,乐昌市坪石镇武阳司村村委会卫生站,其他/其他,未知
广东省,韶关市,乐昌,乐昌市坪石镇神步村村委会卫生站,乐昌市坪石镇神步村村委会卫生站,其他/其他,未知
广东省,韶关市,乐昌,乐昌市坪石镇龙珠村委会卫生站,乐昌市坪石镇龙珠村委会卫生站,其他/其他,未知
广东省,韶关市,乐昌,乐昌市梅花镇梅花坪溪卫生站,乐昌市梅花镇梅花坪溪卫生站,其他/其他,未知
广东省,韶关市,乐昌,乐昌市同路单采血浆有限公司医务室,乐昌市同路单采血浆有限公司医务室,其他/其他,未知
广东省,韶关市,乐昌,乐昌市第一中学医务室,乐昌市第一中学医务室,其他/其他,未知
广东省,韶关市,乐昌,乐昌市城关中学医务室,乐昌市城关中学医务室,其他/其他,未知
广东省,韶关市,乐昌,乐昌苎麻纺织厂医务室,乐昌苎麻纺织厂医务室,其他/其他,未知
广东省,韶关市,乐昌,乐昌市中等职业技术学校医务室,乐昌市中等职业技术学校医务室,其他/其他,未知
广东省,韶关市,乐昌,乐昌市教师进修学校医务室,乐昌市教师进修学校医务室,其他/其他,未知
广东省,韶关市,乐昌,乐昌市林业实业公司卫生所,乐昌市林业实业公司卫生所,民营/其他,未知
广东省,韶关市,乐昌,乐昌市医药总公司卫生所,乐昌市医药总公司卫生所,民营/其他,未知
广东省,韶关市,乐昌,七三三卫生所,七三三卫生所,民营/其他,未知
广东省,韶关市,乐昌,乐昌市建筑工程公司卫生所,乐昌市建筑工程公司卫生所,民营/其他,未知
广东省,韶关市,乐昌,乐昌市经济开发试验区卫生所,乐昌市经济开发试验区卫生所,其他/其他,未知
广东省,韶关市,乐昌,乐昌市李生魁私人诊所,乐昌市李生魁私人诊所,其他/其他,未知
广东省,韶关市,乐昌,李玲私人诊所,李玲私人诊所,民营/其他,未知
广东省,韶关市,乐昌,乐昌峡移民诊所,乐昌峡移民诊所,民营/其他,未知
广东省,韶关市,乐昌,刘卫东私人诊所,刘卫东私人诊所,民营/其他,未知
广东省,韶关市,乐昌,坪石民康诊所,坪石民康诊所,民营/其他,未知
广东省,韶关市,乐昌,徐万桂诊所,徐万桂诊所,民营/其他,未知
广东省,韶关市,乐昌,陈年珍私人诊所,陈年珍私人诊所,民营/其他,未知
广东省,韶关市,乐昌,黄跃明诊所,黄跃明诊所,民营/其他,未知
广东省,韶关市,乐昌,雷石林私人诊所,雷石林私人诊所,民营/其他,未知
广东省,韶关市,乐昌,欧会盟诊所,欧会盟诊所,民营/其他,未知
广东省,韶关市,乐昌,张合顺诊所,张合顺诊所,民营/其他,未知
广东省,韶关市,乐昌,贺宝龙私人诊所,贺宝龙私人诊所,民营/其他,未知
广东省,韶关市,乐昌,黄建学诊所,黄建学诊所,其他/其他,未知
广东省,韶关市,乐昌,黄献月诊所,黄献月诊所,民营/其他,未知
广东省,韶关市,乐昌,陈良美私人诊所,陈良美私人诊所,其他/其他,未知
广东省,韶关市,乐昌,乐昌市张正良私人诊所,乐昌市张正良私人诊所,其他/其他,未知
广东省,韶关市,乐昌,乐昌市陈秋菊私人诊所,乐昌市陈秋菊私人诊所,民营/其他,未知
广东省,韶关市,乐昌,乐昌市永康诊所,乐昌市永康诊所,民营/其他,未知
广东省,韶关市,乐昌,彭海燕私人诊所,彭海燕私人诊所,民营/其他,未知
广东省,韶关市,乐昌,乐昌市疾病预防控制中心,乐昌市疾病预防控制中心,其他/其他,未知
广东省,韶关市,乐昌,乐昌市中山门诊部,乐昌市中山门诊部,其他/门诊,未知
广东省,韶关市,乐昌,乐昌市同济康复医疗门诊部,乐昌市同济康复医疗门诊部,其他/门诊,未知
广东省,韶关市,乐昌,乐昌市铁路遂道局三处医院,乐昌市铁路遂道局三处医院,公立/综合医院,未知
广东省,韶关市,乐昌,广东省坪石监狱医院,广东省坪石监狱医院,公立/综合医院,一级甲等
广东省,韶关市,乐昌,坪石矿务局职工医院,坪石矿务局职工医院,公立/综合医院,一级甲等
广东省,韶关市,乐昌,广东省乐昌茶场医院,广东省乐昌茶场医院,公立/综合医院,一级甲等
广东省,韶关市,乐昌,南雄市油山镇莲山村卫生站,南雄市油山镇莲山村卫生站,其他/其他,未知
广东省,韶关市,乐昌,乐昌市妇幼保健所,乐昌市妇幼保健所,公立/综合医院,未知
广东省,韶关市,乐昌,乐昌市第二人民医院,乐昌市第二人民医院,公立/综合医院,二级乙等
广东省,韶关市,乐昌,韶关复退军人医院,韶关复退军人医院,公立/综合医院,二级乙等
广东省,韶关市,乐昌,乐昌市人民医院,乐昌市人民医院,公立/综合医院,二级甲等
广东省,韶关市,乐昌,乐昌市中医院,乐昌市中医院,公立/综合医院,二级甲等
广东省,韶关市,乐昌,乐昌第二人民医院,乐昌第二人民医院,公立/综合医院,二级医院
广东省,韶关市,乐昌,乐昌市妇幼保健院,乐昌市妇幼保健院,公立/综合医院,一级医院
广东省,韶关市,乐昌,梅田矿务局医院坪石分院,梅田矿务局医院坪石分院,公立/综合医院,一级甲等
广东省,韶关市,乐昌,乐昌市慢性病防治站第一门诊部,乐昌市慢性病防治站第一门诊部,其他/门诊,未知
广东省,韶关市,乐昌,乐昌市大源镇卫生院,乐昌市大源镇卫生院,其他/其他,未知
广东省,韶关市,乐昌,乐昌市坪石镇卫生院,乐昌市坪石镇卫生院,其他/其他,未知
广东省,韶关市,乐昌,乐昌市白石镇卫生院,乐昌市白石镇卫生院,其他/其他,未知
广东省,韶关市,乐昌,乐昌市云岩镇卫生院,乐昌市云岩镇卫生院,其他/其他,未知
广东省,韶关市,乐昌,乐昌市秀水镇卫生院,乐昌市秀水镇卫生院,其他/其他,未知
广东省,韶关市,乐昌,乐昌市长来镇卫生院,乐昌市长来镇卫生院,其他/其他,未知
广东省,韶关市,乐昌,乐昌市五山镇卫生院,乐昌市五山镇卫生院,其他/其他,未知
广东省,韶关市,乐昌,乐昌市廊田镇卫生院,乐昌市廊田镇卫生院,其他/其他,未知
广东省,韶关市,乐昌,乐昌市庆云镇卫生院,乐昌市庆云镇卫生院,其他/其他,未知
广东省,韶关市,乐昌,乐昌市黄圃镇卫生院,乐昌市黄圃镇卫生院,其他/其他,未知
广东省,韶关市,乐昌,乐昌市沙坪镇卫生院,乐昌市沙坪镇卫生院,其他/其他,未知
广东省,韶关市,乐昌,乐昌市三溪镇卫生院,乐昌市三溪镇卫生院,其他/其他,未知
广东省,韶关市,乐昌,乐昌市九峰镇卫生院,乐昌市九峰镇卫生院,其他/其他,未知
广东省,韶关市,乐昌,乐昌市北乡镇卫生院,乐昌市北乡镇卫生院,其他/其他,未知
广东省,韶关市,乐昌,乐昌市工交社区卫生服务站,乐昌市工交社区卫生服务站,其他/其他,未知
广东省,韶关市,乐昌,乐昌市乐城街道社区卫生服务中心,乐昌市乐城街道社区卫生服务中心,其他/其他,未知
广东省,韶关市,乐昌,广东省乐昌监狱医院,广东省乐昌监狱医院,其他/综合医院,未知
