﻿省,市,区,全名,别名,性质,等级
广东省,韶关市,新丰,新丰县计划生育服务站,新丰县计划生育服务站,公立/其他,未知
广东省,韶关市,新丰,新丰县疾病预防控制中心,新丰县疾病预防控制中心,公立/其他,未知
广东省,韶关市,新丰,新丰县慢性病防治站,新丰县慢性病防治站,其他/其他,未知
广东省,韶关市,新丰,新丰县马头镇路下村第一卫生站,新丰县马头镇路下村第一卫生站,其他/其他,未知
广东省,韶关市,新丰,新丰县遥田镇维新村第二卫生站,新丰县遥田镇维新村第二卫生站,其他/其他,未知
广东省,韶关市,新丰,新丰县马头镇潭石村第一卫生站,新丰县马头镇潭石村第一卫生站,其他/其他,未知
广东省,韶关市,新丰,新丰县黄礤镇雪洞村卫生站,新丰县黄礤镇雪洞村卫生站,其他/其他,未知
广东省,韶关市,新丰,新丰县梅坑镇梅坑村卫生站,新丰县梅坑镇梅坑村卫生站,其他/其他,未知
广东省,韶关市,新丰,新丰县黄礤镇三坑村卫生站,新丰县黄礤镇三坑村卫生站,其他/其他,未知
广东省,韶关市,新丰,新丰县黄礤镇高群村卫生站,新丰县黄礤镇高群村卫生站,其他/其他,未知
广东省,韶关市,新丰,新丰县黄磜镇西草村第二卫生站,新丰县黄磜镇西草村第二卫生站,其他/其他,未知
广东省,韶关市,新丰,新丰县丰城街道办事处紫城村第一卫生站,新丰县丰城街道办事处紫城村第一卫生站,其他/其他,未知
广东省,韶关市,新丰,新丰县丰城街道办事处龙文村卫生站,新丰县丰城街道办事处龙文村卫生站,其他/其他,未知
广东省,韶关市,新丰,新丰县回龙镇合子村卫生站,新丰县回龙镇合子村卫生站,其他/其他,未知
广东省,韶关市,新丰,新丰县马头镇水背村卫生站,新丰县马头镇水背村卫生站,其他/其他,未知
广东省,韶关市,新丰,新丰县遥田镇大马村第一卫生站,新丰县遥田镇大马村第一卫生站,其他/其他,未知
广东省,韶关市,新丰,新丰县马头镇张田坑村卫生站,新丰县马头镇张田坑村卫生站,其他/其他,未知
广东省,韶关市,新丰,新丰县梅坑镇张田村第一卫生站,新丰县梅坑镇张田村第一卫生站,其他/其他,未知
广东省,韶关市,新丰,新丰县黄礤镇西草村卫生站,新丰县黄礤镇西草村卫生站,其他/其他,未知
广东省,韶关市,新丰,新丰县黄礤镇雪峒村卫生站,新丰县黄礤镇雪峒村卫生站,其他/其他,未知
广东省,韶关市,新丰,新丰县丰城街道办事处龙围村卫生站,新丰县丰城街道办事处龙围村卫生站,其他/其他,未知
广东省,韶关市,新丰,新丰县丰城街道办事处大洞村第二卫生站,新丰县丰城街道办事处大洞村第二卫生站,其他/其他,未知
广东省,韶关市,新丰,新丰县丰城街道办事处城西村第一卫生站,新丰县丰城街道办事处城西村第一卫生站,其他/其他,未知
广东省,韶关市,新丰,新丰县回龙镇松山村卫生站,新丰县回龙镇松山村卫生站,其他/其他,未知
广东省,韶关市,新丰,新丰县马头镇塘尾村卫生站,新丰县马头镇塘尾村卫生站,其他/其他,未知
广东省,韶关市,新丰,新丰县马头镇湾田村第一卫生站,新丰县马头镇湾田村第一卫生站,其他/其他,未知
广东省,韶关市,新丰,新丰县马头镇石角村卫生站,新丰县马头镇石角村卫生站,其他/其他,未知
广东省,韶关市,新丰,新丰县马头镇罗陂村第一卫生站,新丰县马头镇罗陂村第一卫生站,其他/其他,未知
广东省,韶关市,新丰,新丰县马头镇秀田村卫生站,新丰县马头镇秀田村卫生站,其他/其他,未知
广东省,韶关市,新丰,新丰县马头镇秀田村卫生站,新丰县马头镇秀田村卫生站,其他/其他,未知
广东省,韶关市,新丰,新丰县马头镇军三村第一卫生站,新丰县马头镇军三村第一卫生站,其他/其他,未知
广东省,韶关市,新丰,新丰县回龙镇来石村第二卫生站,新丰县回龙镇来石村第二卫生站,其他/其他,未知
广东省,韶关市,新丰,新丰县梅坑镇利坑村卫生站,新丰县梅坑镇利坑村卫生站,其他/其他,未知
广东省,韶关市,新丰,新丰县梅坑镇新坪村卫生站,新丰县梅坑镇新坪村卫生站,其他/其他,未知
广东省,韶关市,新丰,新丰县黄礤镇秋峒村卫生站,新丰县黄礤镇秋峒村卫生站,其他/其他,未知
广东省,韶关市,新丰,新丰县黄磜镇梅溪村卫生站,新丰县黄磜镇梅溪村卫生站,其他/其他,未知
广东省,韶关市,新丰,新丰县丰城街道办事处朱洞村卫生站,新丰县丰城街道办事处朱洞村卫生站,其他/其他,未知
广东省,韶关市,新丰,新丰县丰城街道办事处新塘村卫生站,新丰县丰城街道办事处新塘村卫生站,其他/其他,未知
广东省,韶关市,新丰,新丰县丰城街道办事处涧下村第一卫生站,新丰县丰城街道办事处涧下村第一卫生站,其他/其他,未知
广东省,韶关市,新丰,新丰县丰城街道办事处会前村第一卫生站,新丰县丰城街道办事处会前村第一卫生站,其他/其他,未知
广东省,韶关市,新丰,新丰县丰城街道办事处城西村第三卫生站,新丰县丰城街道办事处城西村第三卫生站,其他/其他,未知
广东省,韶关市,新丰,新丰县回龙镇楼下村卫生站,新丰县回龙镇楼下村卫生站,其他/其他,未知
广东省,韶关市,新丰,新丰县回龙镇许屋村卫生站,新丰县回龙镇许屋村卫生站,其他/其他,未知
广东省,韶关市,新丰,新丰县马头镇文义村第一卫生站,新丰县马头镇文义村第一卫生站,其他/其他,未知
广东省,韶关市,新丰,新丰县马头镇湾田村第二卫生站,新丰县马头镇湾田村第二卫生站,其他/其他,未知
广东省,韶关市,新丰,新丰县梅坑镇茶坑村卫生站,新丰县梅坑镇茶坑村卫生站,其他/其他,未知
广东省,韶关市,新丰,新丰县梅坑镇大岭村第二卫生站,新丰县梅坑镇大岭村第二卫生站,其他/其他,未知
广东省,韶关市,新丰,新丰县黄磜镇梁坝村卫生站,新丰县黄磜镇梁坝村卫生站,其他/其他,未知
广东省,韶关市,新丰,新丰县丰城街道办事处横江村第一卫生站,新丰县丰城街道办事处横江村第一卫生站,其他/其他,未知
广东省,韶关市,新丰,新丰县丰城街道办事处大洞村第一卫生站,新丰县丰城街道办事处大洞村第一卫生站,其他/其他,未知
广东省,韶关市,新丰,新丰县丰城街道办事处城东村第一卫生站,新丰县丰城街道办事处城东村第一卫生站,其他/其他,未知
广东省,韶关市,新丰,新丰县马头镇文义村第二卫生站,新丰县马头镇文义村第二卫生站,其他/其他,未知
广东省,韶关市,新丰,新丰县马头镇雅盖村第二卫生站,新丰县马头镇雅盖村第二卫生站,其他/其他,未知
广东省,韶关市,新丰,新丰县马头镇上湾村第一卫生站,新丰县马头镇上湾村第一卫生站,其他/其他,未知
广东省,韶关市,新丰,新丰县马头镇军一村卫生站,新丰县马头镇军一村卫生站,其他/其他,未知
广东省,韶关市,新丰,新丰县马头镇军二村卫生站,新丰县马头镇军二村卫生站,其他/其他,未知
广东省,韶关市,新丰,新丰县马头镇潭石村第二卫生站,新丰县马头镇潭石村第二卫生站,其他/其他,未知
广东省,韶关市,新丰,新丰县梅坑镇梅中村卫生站,新丰县梅坑镇梅中村卫生站,其他/其他,未知
广东省,韶关市,新丰,新丰县黄礤镇茶峒村卫生站,新丰县黄礤镇茶峒村卫生站,其他/其他,未知
广东省,韶关市,新丰,新丰县黄礤镇营盘村卫生站,新丰县黄礤镇营盘村卫生站,其他/其他,未知
广东省,韶关市,新丰,新丰县丰城街道办事处黄陂村卫生站,新丰县丰城街道办事处黄陂村卫生站,其他/其他,未知
广东省,韶关市,新丰,新丰县丰城街道办事处横坑村卫生站,新丰县丰城街道办事处横坑村卫生站,其他/其他,未知
广东省,韶关市,新丰,新丰县丰城街道办事处城西村第二卫生站,新丰县丰城街道办事处城西村第二卫生站,其他/其他,未知
广东省,韶关市,新丰,新丰县妇幼保健所,新丰县妇幼保健所,公立/综合医院,未知
广东省,韶关市,新丰,新丰县中医院,新丰县中医院,公立/综合医院,二级甲等
广东省,韶关市,新丰,新丰县人民医院,新丰县人民医院,公立/综合医院,二级甲等
广东省,韶关市,新丰,新丰县回龙镇来石村第一卫生站,新丰县回龙镇来石村第一卫生站,其他/其他,未知
广东省,韶关市,新丰,新丰县回龙镇甫昌村卫生站,新丰县回龙镇甫昌村卫生站,其他/其他,未知
广东省,韶关市,新丰,新丰县马头镇罗陂村第二卫生站,新丰县马头镇罗陂村第二卫生站,其他/其他,未知
广东省,韶关市,新丰,新丰县马头镇羌坑村第一卫生站,新丰县马头镇羌坑村第一卫生站,其他/其他,未知
广东省,韶关市,新丰,新丰县梅坑镇长江村第一卫生站,新丰县梅坑镇长江村第一卫生站,其他/其他,未知
广东省,韶关市,新丰,新丰县梅坑镇长江村第二卫生站,新丰县梅坑镇长江村第二卫生站,其他/其他,未知
广东省,韶关市,新丰,新丰县马头镇雅坑村卫生站,新丰县马头镇雅坑村卫生站,其他/其他,未知
广东省,韶关市,新丰,新丰县梅坑镇张田村第二卫生站,新丰县梅坑镇张田村第二卫生站,其他/其他,未知
广东省,韶关市,新丰,新丰县梅坑镇新坪村第二卫生站,新丰县梅坑镇新坪村第二卫生站,其他/其他,未知
广东省,韶关市,新丰,新丰县梅坑镇长坪村第二卫生站,新丰县梅坑镇长坪村第二卫生站,其他/其他,未知
广东省,韶关市,新丰,新丰县黄礤镇雪梅村卫生站,新丰县黄礤镇雪梅村卫生站,其他/其他,未知
广东省,韶关市,新丰,新丰县丰城街道办事处紫城村第二卫生站,新丰县丰城街道办事处紫城村第二卫生站,其他/其他,未知
广东省,韶关市,新丰,新丰县丰城街道办事处松园村卫生站,新丰县丰城街道办事处松园村卫生站,其他/其他,未知
广东省,韶关市,新丰,新丰县丰城街道办事处板岭村卫生站,新丰县丰城街道办事处板岭村卫生站,其他/其他,未知
广东省,韶关市,新丰,新丰县沙田镇下埔村卫生站,新丰县沙田镇下埔村卫生站,其他/其他,未知
广东省,韶关市,新丰,新丰县马头镇路下村第二卫生站,新丰县马头镇路下村第二卫生站,其他/其他,未知
广东省,韶关市,新丰,新丰县马头镇军三村第二卫生站,新丰县马头镇军三村第二卫生站,其他/其他,未知
广东省,韶关市,新丰,新丰县马头镇湖塘村第二卫生站,新丰县马头镇湖塘村第二卫生站,其他/其他,未知
广东省,韶关市,新丰,新丰县梅坑镇梅西村卫生站,新丰县梅坑镇梅西村卫生站,其他/其他,未知
广东省,韶关市,新丰,新丰县梅坑镇梅南村卫生站,新丰县梅坑镇梅南村卫生站,其他/其他,未知
广东省,韶关市,新丰,新丰县梅坑镇梅东村卫生站,新丰县梅坑镇梅东村卫生站,其他/其他,未知
广东省,韶关市,新丰,新丰县黄礤镇黄沙坑村第二卫生站,新丰县黄礤镇黄沙坑村第二卫生站,其他/其他,未知
广东省,韶关市,新丰,新丰县梅坑镇华溪村卫生站,新丰县梅坑镇华溪村卫生站,其他/其他,未知
广东省,韶关市,新丰,新丰县丰城街道办事处龙江村卫生站,新丰县丰城街道办事处龙江村卫生站,其他/其他,未知
广东省,韶关市,新丰,新丰县回龙镇新村村卫生站,新丰县回龙镇新村村卫生站,其他/其他,未知
广东省,韶关市,新丰,新丰县马头镇桐木山村卫生站,新丰县马头镇桐木山村卫生站,其他/其他,未知
广东省,韶关市,新丰,新丰县梅坑镇徐坑村卫生站,新丰县梅坑镇徐坑村卫生站,其他/其他,未知
广东省,韶关市,新丰,新丰县梅坑镇大岭村第一卫生站,新丰县梅坑镇大岭村第一卫生站,其他/其他,未知
广东省,韶关市,新丰,新丰县黄礤镇下黄村卫生站,新丰县黄礤镇下黄村卫生站,其他/其他,未知
广东省,韶关市,新丰,新丰县丰城街道办事处横江村第二卫生站,新丰县丰城街道办事处横江村第二卫生站,其他/其他,未知
广东省,韶关市,新丰,新丰县丰城街道办事处文长村卫生站,新丰县丰城街道办事处文长村卫生站,其他/其他,未知
广东省,韶关市,新丰,新丰县丰城街道办事处双良村第二卫生站,新丰县丰城街道办事处双良村第二卫生站,其他/其他,未知
广东省,韶关市,新丰,新丰县丰城街道办事处罗洞村卫生站,新丰县丰城街道办事处罗洞村卫生站,其他/其他,未知
广东省,韶关市,新丰,新丰县丰城街道办事处鲁古村卫生站,新丰县丰城街道办事处鲁古村卫生站,其他/其他,未知
广东省,韶关市,新丰,新丰县丰城街道办事处涧下村第二卫生站,新丰县丰城街道办事处涧下村第二卫生站,其他/其他,未知
广东省,韶关市,新丰,新丰县丰城街道办事处会前村第二卫生站,新丰县丰城街道办事处会前村第二卫生站,其他/其他,未知
广东省,韶关市,新丰,新丰县丰城街道办事处高桥村卫生站,新丰县丰城街道办事处高桥村卫生站,其他/其他,未知
广东省,韶关市,新丰,新丰县回龙镇官坪村卫生站,新丰县回龙镇官坪村卫生站,其他/其他,未知
广东省,韶关市,新丰,新丰县回龙镇塘村村第一卫生站,新丰县回龙镇塘村村第一卫生站,其他/其他,未知
广东省,韶关市,新丰,新丰县马头镇寨下村卫生站,新丰县马头镇寨下村卫生站,其他/其他,未知
广东省,韶关市,新丰,新丰县马头镇层坑村第二卫生站,新丰县马头镇层坑村第二卫生站,其他/其他,未知
广东省,韶关市,新丰,新丰县潘伯良私人诊所,新丰县潘伯良私人诊所,民营/其他,未知
广东省,韶关市,新丰,新丰县温必锋私人诊所,新丰县温必锋私人诊所,民营/其他,未知
广东省,韶关市,新丰,新丰县马头中心卫生院口腔门诊部,新丰县马头中心卫生院口腔门诊部,其他/门诊,未知
广东省,韶关市,新丰,新丰县中医院第二门诊部,新丰县中医院第二门诊部,其他/门诊,未知
广东省,韶关市,新丰,新丰县梅坑卫生院虎奄门诊部,新丰县梅坑卫生院虎奄门诊部,其他/门诊,未知
广东省,韶关市,新丰,新丰县丰城卫生院门诊部,新丰县丰城卫生院门诊部,其他/门诊,未知
广东省,韶关市,新丰,新丰县遥田卫生院长安门诊部,新丰县遥田卫生院长安门诊部,其他/门诊,未知
广东省,韶关市,新丰,新丰县石角镇卫生院,新丰县石角镇卫生院,公立/其他,未知
广东省,韶关市,新丰,新丰县回龙镇卫生院,新丰县回龙镇卫生院,其他/其他,未知
广东省,韶关市,新丰,新丰县梅坑镇卫生院,新丰县梅坑镇卫生院,其他/其他,未知
广东省,韶关市,新丰,新丰县大席镇卫生院,新丰县大席镇卫生院,其他/其他,未知
广东省,韶关市,新丰,新丰县黄礤镇卫生院,新丰县黄礤镇卫生院,其他/其他,未知
广东省,韶关市,新丰,新丰县小正镇卫生院,新丰县小正镇卫生院,其他/其他,未知
广东省,韶关市,新丰,新丰县遥田镇卫生院,新丰县遥田镇卫生院,其他/其他,未知
广东省,韶关市,新丰,新丰县沙田中心卫生院,新丰县沙田中心卫生院,其他/其他,未知
广东省,韶关市,新丰,新丰县马头中心卫生院,新丰县马头中心卫生院,其他/其他,未知
广东省,韶关市,新丰,新丰县丰城街道社区服务中心,新丰县丰城街道社区服务中心,其他/其他,未知
