﻿省,市,区,全名,别名,性质,等级
广东省,韶关市,新丰,新丰县计划生育服务站,新丰县计划生育服务站,公立/其他,未知
广东省,韶关市,新丰,新丰县疾病预防控制中心,新丰县疾病预防控制中心,公立/其他,未知
广东省,韶关市,新丰,新丰县慢性病防治站,新丰县慢性病防治站,其他/其他,未知
广东省,韶关市,新丰,新丰县马头镇路下村第一卫生站,新丰县马头镇路下村第一卫生站,其他/其他,未知
广东省,韶关市,新丰,新丰县遥田镇维新村第二卫生站,新丰县遥田镇维新村第二卫生站,其他/其他,未知
广东省,韶关市,新丰,新丰县马头镇潭石村第一卫生站,新丰县马头镇潭石村第一卫生站,其他/其他,未知
广东省,韶关市,新丰,新丰县黄礤镇雪洞村卫生站,新丰县黄礤镇雪洞村卫生站,其他/其他,未知
广东省,韶关市,新丰,新丰县梅坑镇梅坑村卫生站,新丰县梅坑镇梅坑村卫生站,其他/其他,未知
广东省,韶关市,新丰,新丰县黄礤镇三坑村卫生站,新丰县黄礤镇三坑村卫生站,其他/其他,未知
广东省,韶关市,新丰,新丰县黄礤镇高群村卫生站,新丰县黄礤镇高群村卫生站,其他/其他,未知
广东省,韶关市,新丰,,,,
