﻿省,市,区,全名,别名,性质,等级
广东省,韶关市,南雄,黄桂扬个体诊所,黄桂扬个体诊所,民营/其他,未知
广东省,韶关市,南雄,光德镇卫生院,光德镇卫生院,其他/综合医院,未知
广东省,韶关市,南雄,湖寮镇卫生院,湖寮镇卫生院,其他/综合医院,未知
广东省,韶关市,南雄,南雄市计划生育综合医院,南雄市计划生育综合医院,公立/综合医院,未知
广东省,韶关市,南雄,南雄市慢性病防治站,南雄市慢性病防治站,其他/其他,未知
广东省,韶关市,南雄,南雄市珠玑塘东村卫生站（2）,南雄市珠玑塘东村卫生站（2）,其他/其他,未知
广东省,韶关市,南雄,南雄市珠玑镇石塘村卫生站,南雄市珠玑镇石塘村卫生站,其他/其他,未知
广东省,韶关市,南雄,南雄市珠玑镇里东村卫生站（2）,南雄市珠玑镇里东村卫生站（2）,其他/其他,未知
广东省,韶关市,南雄,南雄市水口镇沙头村卫生站,南雄市水口镇沙头村卫生站,其他/其他,未知
广东省,韶关市,南雄,南雄市水口镇河村卫生站,南雄市水口镇河村卫生站,其他/其他,未知
广东省,韶关市,南雄,南雄市水口赤岭卫生站,南雄市水口赤岭卫生站,其他/其他,未评级
广东省,韶关市,南雄,南雄市湖口镇里和村卫生站（1）,南雄市湖口镇里和村卫生站（1）,其他/其他,未知
广东省,韶关市,南雄,南雄市湖口镇岗围村卫生站,南雄市湖口镇岗围村卫生站,其他/其他,未知
广东省,韶关市,南雄,南雄市古市镇修仁村卫生站,南雄市古市镇修仁村卫生站,其他/其他,未知
广东省,韶关市,南雄,南雄市坪田镇老宅村卫生站,南雄市坪田镇老宅村卫生站,其他/其他,未知
广东省,韶关市,南雄,南雄市坪田镇官陂村卫生站,南雄市坪田镇官陂村卫生站,其他/其他,未知
广东省,韶关市,南雄,南雄市帽子峰镇上龙村卫生站,南雄市帽子峰镇上龙村卫生站,其他/其他,未知
广东省,韶关市,南雄,南雄市百顺镇百顺村卫生站（1）,南雄市百顺镇百顺村卫生站（1）,其他/其他,未知
广东省,韶关市,南雄,南雄市珠玑镇古田村卫生站,南雄市珠玑镇古田村卫生站,其他/其他,未知
广东省,韶关市,南雄,南雄市梅岭镇太源村卫生站（1）,南雄市梅岭镇太源村卫生站（1）,其他/其他,未知
广东省,韶关市,南雄,南雄市梅岭镇梅岭村卫生站（2）,南雄市梅岭镇梅岭村卫生站（2）,其他/其他,未知
广东省,韶关市,南雄,南雄市全安镇坡头村卫生站(2),南雄市全安镇坡头村卫生站(2),其他/其他,未知
广东省,韶关市,南雄,南雄市全安镇全安村卫生站（3）,南雄市全安镇全安村卫生站（3）,其他/其他,未知
广东省,韶关市,南雄,南雄市黎口镇迳口村卫生站,南雄市黎口镇迳口村卫生站,其他/其他,未知
广东省,韶关市,南雄,南雄市湖口镇湖口村卫生站（3）,南雄市湖口镇湖口村卫生站（3）,其他/其他,未知
广东省,韶关市,南雄,南雄市雄州镇郊区卫生站（2）,南雄市雄州镇郊区卫生站（2）,其他/其他,未知
广东省,韶关市,南雄,南雄市江头镇南甫村卫生站,南雄市江头镇南甫村卫生站,其他/其他,未知
广东省,韶关市,南雄,南雄市乌迳镇山下村卫生站（1）,南雄市乌迳镇山下村卫生站（1）,其他/其他,未知
广东省,韶关市,南雄,南雄市乌迳镇长龙村卫生站（2）,南雄市乌迳镇长龙村卫生站（2）,其他/其他,未知
广东省,韶关市,南雄,南雄市乌迳镇乌迳村卫生站（2）,南雄市乌迳镇乌迳村卫生站（2）,其他/其他,未知
广东省,韶关市,南雄,南雄市黄坑镇塘源村卫生站,南雄市黄坑镇塘源村卫生站,其他/其他,未知
广东省,韶关市,南雄,南雄市黄坑镇上象村卫生站（2）,南雄市黄坑镇上象村卫生站（2）,其他/其他,未知
广东省,韶关市,南雄,南雄市黄坑镇耶溪村卫生站,南雄市黄坑镇耶溪村卫生站,其他/其他,未知
广东省,韶关市,南雄,南雄市黄坑镇许村卫生站（2）,南雄市黄坑镇许村卫生站（2）,其他/其他,未知
广东省,韶关市,南雄,南雄市油山镇孔村卫生站（1）,南雄市油山镇孔村卫生站（1）,其他/其他,未知
广东省,韶关市,南雄,南雄市油山镇浆田村卫生站（1）,南雄市油山镇浆田村卫生站（1）,其他/其他,未知
广东省,韶关市,南雄,南雄市油山镇下惠村卫生站（2）,南雄市油山镇下惠村卫生站（2）,其他/其他,未知
广东省,韶关市,南雄,南雄市湖口镇三水村卫生站,南雄市湖口镇三水村卫生站,其他/其他,未知
广东省,韶关市,南雄,南雄市全安镇杨枥村卫生站,南雄市全安镇杨枥村卫生站,其他/其他,未知
广东省,韶关市,南雄,南雄市全安镇密下水卫生站,南雄市全安镇密下水卫生站,其他/其他,未知
广东省,韶关市,南雄,南雄市坪田镇横岭村卫生站,南雄市坪田镇横岭村卫生站,其他/其他,未评级
广东省,韶关市,南雄,南雄市南亩镇鱼鲜村卫生站（2）,南雄市南亩镇鱼鲜村卫生站（2）,其他/其他,未知
广东省,韶关市,南雄,南雄市南亩镇水尾村卫生站,南雄市南亩镇水尾村卫生站,其他/其他,未知
广东省,韶关市,南雄,南雄市南亩镇岭下村卫生站,南雄市南亩镇岭下村卫生站,其他/其他,未知
广东省,韶关市,南雄,南雄市界址镇赵屋村卫生站,南雄市界址镇赵屋村卫生站,其他/其他,未知
广东省,韶关市,南雄,南雄市界址镇下屋村卫生站,南雄市界址镇下屋村卫生站,其他/其他,未知
广东省,韶关市,南雄,南雄市界址镇马芫村卫生站,南雄市界址镇马芫村卫生站,其他/其他,未知
广东省,韶关市,南雄,南雄市珠玑镇祗芜卫生站,南雄市珠玑镇祗芜卫生站,其他/其他,未知
广东省,韶关市,南雄,南雄市珠玑镇里东村卫生站（1）,南雄市珠玑镇里东村卫生站（1）,其他/其他,未知
广东省,韶关市,南雄,南雄市珠玑塘东村卫生站,南雄市珠玑塘东村卫生站,其他/其他,未知
广东省,韶关市,南雄,南雄市雄州镇水南卫生站（1）,南雄市雄州镇水南卫生站（1）,其他/其他,未知
广东省,韶关市,南雄,南雄市雄州镇铺背村卫生站(3),南雄市雄州镇铺背村卫生站(3),其他/其他,未知
广东省,韶关市,南雄,南雄市澜河镇白云村卫生站,南雄市澜河镇白云村卫生站,其他/其他,未知
广东省,韶关市,南雄,南雄市全安镇坡头村卫生站(1),南雄市全安镇坡头村卫生站(1),其他/其他,未知
广东省,韶关市,南雄,南雄市坪田镇小塘村卫生站,南雄市坪田镇小塘村卫生站,其他/其他,未知
广东省,韶关市,南雄,南雄市乌迳镇高溯村卫生站（1）,南雄市乌迳镇高溯村卫生站（1）,其他/其他,未知
广东省,韶关市,南雄,南雄市油山镇大兰村卫生站,南雄市油山镇大兰村卫生站,其他/其他,未知
广东省,韶关市,南雄,南雄市澜河镇上矽村卫生站（1）,南雄市澜河镇上矽村卫生站（1）,其他/其他,未知
广东省,韶关市,南雄,南雄市黄坑镇上象村卫生站（1）,南雄市黄坑镇上象村卫生站（1）,其他/其他,未知
广东省,韶关市,南雄,南雄市油山镇黄地村卫生站,南雄市油山镇黄地村卫生站,其他/其他,未知
广东省,韶关市,南雄,南雄市油山镇上庄村卫生站（2）,南雄市油山镇上庄村卫生站（2）,其他/其他,未知
广东省,韶关市,南雄,南雄市油山镇上朔村卫生站,南雄市油山镇上朔村卫生站,其他/其他,未知
广东省,韶关市,南雄,南雄市湖口镇里和村卫生站（2）,南雄市湖口镇里和村卫生站（2）,其他/其他,未知
广东省,韶关市,南雄,南雄市水口镇石庄村卫生站（1）,南雄市水口镇石庄村卫生站（1）,其他/其他,未知
广东省,韶关市,南雄,南雄市邓坊镇洋西村卫生站（2）,南雄市邓坊镇洋西村卫生站（2）,其他/其他,未评级
广东省,韶关市,南雄,南雄市古市镇溪口村卫生站,南雄市古市镇溪口村卫生站,其他/其他,未知
广东省,韶关市,南雄,南雄市全安镇荔迳村卫生站,南雄市全安镇荔迳村卫生站,其他/其他,未知
广东省,韶关市,南雄,南雄市帽子峰镇富竹村卫生站,南雄市帽子峰镇富竹村卫生站,其他/其他,未知
广东省,韶关市,南雄,南雄市南亩镇水塘村卫生站,南雄市南亩镇水塘村卫生站,其他/其他,未知
广东省,韶关市,南雄,南雄市主田镇主田村卫生站（2）,南雄市主田镇主田村卫生站（2）,其他/其他,未知
广东省,韶关市,南雄,南雄市湖口镇三角村卫生站（2）,南雄市湖口镇三角村卫生站（2）,其他/其他,未知
广东省,韶关市,南雄,南雄市坪田镇背迳村卫生站,南雄市坪田镇背迳村卫生站,其他/其他,未知
广东省,韶关市,南雄,南雄市澜河镇澜河村卫生站（1）,南雄市澜河镇澜河村卫生站（1）,其他/其他,未知
广东省,韶关市,南雄,南雄市江头镇涌溪村卫生站,南雄市江头镇涌溪村卫生站,其他/其他,未知
广东省,韶关市,南雄,南雄市乌迳镇高溯村卫生站（2）,南雄市乌迳镇高溯村卫生站（2）,其他/其他,未知
广东省,韶关市,南雄,南雄市乌迳镇兰丘村卫生站,南雄市乌迳镇兰丘村卫生站,其他/其他,未知
广东省,韶关市,南雄,南雄市乌迳镇孔塘村卫生站,南雄市乌迳镇孔塘村卫生站,其他/其他,未知
广东省,韶关市,南雄,南雄市乌迳镇长龙村卫生站（1）,南雄市乌迳镇长龙村卫生站（1）,其他/其他,未知
广东省,韶关市,南雄,南雄市乌迳镇白胜村卫生站（2）,南雄市乌迳镇白胜村卫生站（2）,其他/其他,未知
广东省,韶关市,南雄,南雄市乌迳镇鱼塘村卫生站（2）,南雄市乌迳镇鱼塘村卫生站（2）,其他/其他,未知
广东省,韶关市,南雄,南雄市乌迳镇乌迳村卫生站（1）,南雄市乌迳镇乌迳村卫生站（1）,其他/其他,未知
广东省,韶关市,南雄,南雄市江头镇武岭村卫生站,南雄市江头镇武岭村卫生站,其他/其他,未知
广东省,韶关市,南雄,南雄市江头镇江头村卫生站,南雄市江头镇江头村卫生站,其他/其他,未知
广东省,韶关市,南雄,南雄市乌迳镇白龙村卫生站,南雄市乌迳镇白龙村卫生站,其他/其他,未知
广东省,韶关市,南雄,南雄市邓坊镇上湖村卫生站（2）,南雄市邓坊镇上湖村卫生站（2）,其他/其他,未知
广东省,韶关市,南雄,南雄市黄坑镇黄坑村卫生站（3）,南雄市黄坑镇黄坑村卫生站（3）,其他/其他,未知
广东省,韶关市,南雄,南雄市黄坑镇溪塘村卫生站（2）,南雄市黄坑镇溪塘村卫生站（2）,其他/其他,未知
广东省,韶关市,南雄,南雄市油山镇夹河口村卫生站,南雄市油山镇夹河口村卫生站,其他/其他,未知
广东省,韶关市,南雄,南雄市油山镇大塘村卫生站（3）,南雄市油山镇大塘村卫生站（3）,其他/其他,未知
广东省,韶关市,南雄,南雄市油山镇延村卫生站（3）,南雄市油山镇延村卫生站（3）,其他/其他,未知
广东省,韶关市,南雄,南雄市油山镇延村卫生站（1）,南雄市油山镇延村卫生站（1）,其他/其他,未知
广东省,韶关市,南雄,南雄市油山镇下惠村卫生站（1）,南雄市油山镇下惠村卫生站（1）,其他/其他,未知
广东省,韶关市,南雄,南雄市湖口镇长市村卫生站（2）,南雄市湖口镇长市村卫生站（2）,其他/其他,未知
广东省,韶关市,南雄,南雄市水口镇石庄村卫生站（2）,南雄市水口镇石庄村卫生站（2）,其他/其他,未知
广东省,韶关市,南雄,,,,
