﻿省,市,区,全名,别名,性质,等级
广东省,梅州市,五华,五华县华城人民医院,五华县华城人民医院,公立/综合医院,二级乙等
广东省,梅州市,五华,五华县安流人民医院,五华县安流人民医院,公立/综合医院,二级乙等
广东省,梅州市,五华,五华县妇幼保健院,五华县妇幼保健院,公立/综合医院,二级甲等
广东省,梅州市,五华,五华县中医医院,五华县中医医院,公立/综合医院,二级甲等
广东省,梅州市,五华,五华县人民医院,五华县人民医院,公立/综合医院,二级甲等
