﻿省,市,区,全名,别名,性质,等级
广东省,河源市,连平,连平县妇幼保健院,连平县妇幼保健院,公立/综合医院,一级甲等
广东省,河源市,连平,连平县中医院,连平县中医院,公立/综合医院,二级乙等
广东省,河源市,连平,连平县第二人民医院,连平县第二人民医院,公立/综合医院,二级乙等
广东省,河源市,连平,连平县人民医院,连平县人民医院,公立/综合医院,二级甲等
广东省,河源市,连平,连平县中信人民医院,连平县中信人民医院,公立/综合医院,二级乙等
