﻿省,市,区,全名,别名,性质,等级
广东省,河源市,和平,和平康平县医院,和平康平县医院,民营/综合医院,未知
广东省,河源市,和平,和平县妇幼保健院,和平县妇幼保健院,公立/综合医院,一级甲等
广东省,河源市,和平,和平县中医院,和平县中医院,公立/综合医院,二级乙等
广东省,河源市,和平,和平县人民医院,和平县人民医院,公立/综合医院,未知
广东省,河源市,和平,和平县皮肤病院,和平县皮肤病院,公立/综合医院,未知
广东省,河源市,和平,和平县第二人民医院,和平县第二人民医院,公立/综合医院,二级乙等
