﻿省,市,区,全名,别名,性质,等级
广东省,惠州市,博罗,博罗县中医医院,博罗县中医医院,公立/综合医院,二级甲等
广东省,惠州市,博罗,博罗县妇幼保健院,博罗县妇幼保健院,公立/妇幼保健医院,未知
广东省,惠州市,博罗,惠州博罗现代医院,惠州博罗现代妇产医院,个体户/综合医院,一级甲等
广东省,惠州市,博罗,广东药学院附属第一医院惠州分院,广东药学院附属第一医院惠州分院,公立/综合医院,一级甲等
广东省,惠州市,博罗,博罗县中医院,博罗县中医院,公立/综合医院,未知
广东省,惠州市,博罗,博罗县人民医院,博罗县人民医院,公立/综合医院,二级甲等
广东省,惠州市,博罗,广东省杨村复退军人精神病医院,广东省杨村复退军人精神病医院,公立/综合医院,二级甲等
广东省,惠州市,博罗,惠州市杨村医院,惠州市杨村医院,公立/综合医院,二级乙等
广东省,惠州市,博罗,惠州市罗浮山自愿戒毒医院,惠州市罗浮山自愿戒毒医院,公立/其他,未知
