﻿省,市,区,全名,别名,性质,等级
广东省,中山市,古镇,中山市古镇曹步社区卫生服务站,中山市古镇曹步社区卫生服务站,民营/综合医院,未知
广东省,中山市,古镇,中山市古镇古一社区卫生服务站,中山市古镇古一社区卫生服务站,民营/综合医院,未知
广东省,中山市,古镇,中山市古镇海洲医院,中山市古镇海洲医院,民营/综合医院,未知
广东省,中山市,古镇,中山市古镇医院,中山市古镇医院,公立/综合医院,一级甲等
广东省,中山市,古镇,中山市古镇镇曹三村卫生站,中山市古镇镇曹三村卫生站,其他/其他,未知
广东省,中山市,古镇,中山康华妇科门诊部,中山康华妇科门诊部,民营/门诊,未知
广东省,中山市,古镇,海洲东岸门诊部,海洲东岸门诊部,民营/门诊,未知
广东省,中山市,古镇,金林口腔诊所,金林口腔诊所,民营/其他,未知
广东省,中山市,古镇,古镇维尔口腔门诊部,古镇维尔口腔门诊部,民营/门诊,未知
广东省,中山市,古镇,中山古海骨科医院,中山古海骨科医院,民营/专科医院,未评级
广东省,中山市,古镇,中山市古镇人民医院,中山市古镇人民医院,公立/综合医院,二级甲等
