﻿省,市,区,全名,别名,性质,等级
广东省,中山市,南朗,中山市横门镇门诊,中山市横门镇门诊,公立/综合医院,未知
广东省,中山市,南朗,中山市南朗医院,中山市南朗医院,公立/综合医院,二级甲等
广东省,中山市,南朗,中山市众康门诊部,中山市众康门诊部,民营/门诊,未知
广东省,中山市,南朗,中山真爱妇科门诊部,中山真爱妇科门诊部,民营/其他,未知
广东省,中山市,南朗,中山市大茅医院,中山市大茅医院,公立/专科医院,未知
广东省,中山市,南朗,杨传奇口腔诊所,杨传奇口腔诊所,民营/其他,未知
广东省,中山市,南朗,梁锐英口腔诊所,梁锐英口腔诊所,民营/其他,未知
广东省,中山市,南朗,中山市第三人民医院,埠湖医院,公立/综合医院,未知
