﻿省,市,区,全名,别名,性质,等级
广东省,中山市,三角,三角兴平社区卫生服务站,三角兴平社区卫生服务站,民营/综合医院,一级甲等
广东省,中山市,三角,三角镇光明村卫生站,三角镇光明村卫生站,其他/其他,未知
广东省,中山市,三角,三角镇三角村卫生站,三角镇三角村卫生站,其他/其他,未知
广东省,中山市,三角,三角镇东南社区卫生服务站,三角镇东南社区卫生服务站,公立/其他,未知
广东省,中山市,三角,三角镇蟠龙社区卫生服务站,三角镇蟠龙社区卫生服务站,公立/其他,未知
广东省,中山市,三角,三角镇结民社区卫生服务站,三角镇结民社区卫生服务站,公立/其他,未知
广东省,中山市,三角,周旭林口腔诊所,周旭林口腔诊所,民营/其他,未知
广东省,中山市,三角,中山市三角医院,中山市三角医院,公立/综合医院,一级甲等
