﻿省,市,区,全名,别名,性质,等级
广东省,中山市,坦洲,家庭医院,家庭医院,民营/综合医院,一级甲等
广东省,中山市,坦洲,万青门诊部,万青门诊部,个体户/综合医院,一级甲等
广东省,中山市,坦洲,中山市坦背医院,中山市坦背医院,公立/综合医院,一级甲等
广东省,中山市,坦洲,中山市坦洲医院,中山市坦洲医院,公立/综合医院,一级甲等
广东省,中山市,坦洲,观胜门诊部,观胜门诊部,民营/门诊,未知
广东省,中山市,坦洲,中山东大世纪门诊部,中山东大世纪门诊部,民营/门诊,未知
广东省,中山市,坦洲,中山坦洲贤德门诊部,中山坦洲贤德门诊部,民营/门诊,未知
广东省,中山市,坦洲,中山南华医院,中山南华医院,民营/综合医院,未知
广东省,中山市,坦洲,李秀兰口腔诊所,李秀兰口腔诊所,民营/其他,未知
广东省,中山市,坦洲,杨军口腔诊所,杨军口腔诊所,民营/其他,未知
广东省,中山市,坦洲,中山坦洲迎春口腔诊所,中山坦洲迎春口腔诊所,民营/其他,未知
