﻿省,市,区,全名,别名,性质,等级
广东省,中山市,三乡,三乡镇社区卫生服务中心,三乡镇社区卫生服务中心,其他/其他,未知
广东省,中山市,三乡,余伟岳中医诊所,余伟岳中医诊所,民营/其他,未知
广东省,中山市,三乡,中山都市妇科门诊部,中山都市妇科门诊部,民营/门诊,未知
广东省,中山市,三乡,中山市三乡医院白石分院,中山市三乡医院白石分院,公立/综合医院,未知
广东省,中山市,三乡,,,,
