﻿省,市,区,全名,别名,性质,等级
广东省,茂名市,茂港,茂名市茂港区七迳卫生院,茂名市茂港区七迳卫生院,公立/综合医院,一级甲等
广东省,茂名市,茂港,茂名市水东经济开发试验区人民医院,茂名市水东经济开发试验区人民医院,公立/综合医院,未知
广东省,茂名市,茂港,茂名市茂港区人民医院,茂名市茂港区人民医院,公立/综合医院,二级乙等
广东省,茂名市,茂港,茂名市茂港羊角医院,茂名市茂港羊角医院,其他/综合医院,一级甲等
广东省,茂名市,茂港,茂名市茂港区小良卫生院,茂名市茂港区小良卫生院,其他/综合医院,一级甲等
