﻿省,市,区,全名,别名,性质,等级
广东省,江门市,恩平市,沙湖中心卫生院,沙湖中心卫生院,公立/综合医院,一级甲等
广东省,江门市,恩平市,恩平市妇幼保健院,恩平市妇幼保健院,公立/综合医院,未知
广东省,江门市,恩平市,恩平市红十字会医院,恩平市红十字会医院,公立/综合医院,未知
广东省,江门市,恩平市,恩平市中医院,恩平市中医院,公立/综合医院,未知
广东省,江门市,恩平市,恩平市第二人民医院,恩平市第二人民医院,公立/综合医院,一级甲等
广东省,江门市,恩平市,恩平市人民医院,恩平市人民医院,公立/综合医院,二级甲等
