﻿省,市,区,全名,别名,性质,等级
广东省,清远市,阳山,阳山县城东医院,阳山县城东医院,其他/其他,未知
广东省,清远市,阳山,阳山县黄坌镇卫生院,阳山县黄坌镇卫生院,其他/其他,未知
广东省,清远市,阳山,阳山县秤架瑶族乡卫生院,阳山县秤架瑶族乡卫生院,其他/其他,未知
广东省,清远市,阳山,阳山县岭背卫生院犁头分院,阳山县岭背卫生院犁头分院,其他/其他,未知
广东省,清远市,阳山,阳山县岭背镇卫生院,阳山县岭背镇卫生院,其他/其他,未知
广东省,清远市,阳山,阳山县江英镇卫生院,阳山县江英镇卫生院,其他/其他,未知
广东省,清远市,阳山,阳山县青莲镇卫生院,阳山县青莲镇卫生院,其他/其他,未知
广东省,清远市,阳山,阳山县杜步镇卫生院,阳山县杜步镇卫生院,其他/其他,未知
广东省,清远市,阳山,阳山县杨梅镇卫生院,阳山县杨梅镇卫生院,其他/其他,未知
广东省,清远市,阳山,阳山县太平卫生院白莲分院,阳山县太平卫生院白莲分院,其他/其他,未知
广东省,清远市,阳山,阳山县太平镇卫生院,阳山县太平镇卫生院,其他/其他,未知
广东省,清远市,阳山,,,,
