﻿省,市,区,全名,别名,性质,等级
广东省,清远市,佛冈,佛冈县妇幼保健院,佛冈县妇幼保健院,公立/综合医院,未知
广东省,清远市,佛冈,佛冈县中医院,佛冈县中医院,公立/综合医院,未知
广东省,清远市,佛冈,佛冈县人民医院,佛冈县人民医院,公立/综合医院,二级甲等
广东省,清远市,佛冈,佛冈县慢性病防治医院,佛冈县慢性病防治医院,其他/其他,未知
广东省,清远市,佛冈,佛冈县石角镇医院,佛冈县石角镇医院,其他/其他,未知
广东省,清远市,佛冈,佛冈县妇幼保健院第二门诊部,佛冈县妇幼保健院第二门诊部,其他/门诊,未知
