﻿省,市,区,全名,别名,性质,等级
广东省,茂名市,信宜,信宜市思贺镇卫生院,思贺医院,公立/综合医院,一级甲等
广东省,茂名市,信宜,信宜仁爱医院,信宜仁爱医院,个体户/综合医院,一级甲等
广东省,茂名市,信宜,信宜市保险公司骨伤科医院,信宜市保险公司骨伤科医院,公立/综合医院,未知
广东省,茂名市,信宜,信宜市精神病医院,信宜市精神病医院,公立/综合医院,未知
广东省,茂名市,信宜,信宜市妇幼保健院,信宜市妇幼保健院,公立/综合医院,未知
广东省,茂名市,信宜,信宜市中医院,信宜市中医院,公立/综合医院,二级甲等
广东省,茂名市,信宜,信宜市人民医院,信宜市人民医院,公立/综合医院,二级甲等
