﻿省,市,区,全名,别名,性质,等级
广东省,茂名市,高州,高州市第二人民医院,高州市第二人民医院,公立/综合医院,未知
广东省,茂名市,高州,高州市市区医院,高州市市区医院,公立/综合医院,未知
广东省,茂名市,高州,高州市广南医院,高州市广南医院,公立/综合医院,未知
广东省,茂名市,高州,高州市石鼓医院,高州市石鼓医院,公立/综合医院,一级甲等
广东省,茂名市,高州,高州市云潭卫生所,高州市云潭卫生所,公立/综合医院,一级甲等
广东省,茂名市,高州,茂名市第三人民医院,茂名市秋林医院,公立/综合医院,二级甲等
广东省,茂名市,高州,高州市妇幼保健院,高州市妇幼保健院,公立/综合医院,二级甲等
广东省,茂名市,高州,高州市中医院,高州市骨伤医院,公立/综合医院,二级甲等
广东省,茂名市,高州,高州市人民医院,广东医学院附属高州医院,公立/综合医院,二级甲等
广东省,茂名市,高州,茂名市农垦医院,茂名市农垦医院,公立/综合医院,二级甲等
