﻿省,市,区,全名,别名,性质,等级
广东省,茂名市,电白,电白县人民医院,电白县人民医院,公立/综合医院,未知
广东省,茂名市,电白,电白县妇幼保健院,电白县妇幼保健院,公立/综合医院,未知
广东省,茂名市,电白,电白县中医院,电白县中医院,公立/综合医院,二级甲等
广东省,茂名市,电白,茂名石化医院,茂名石化医院,公立/综合医院,二级甲等
广东省,茂名市,电白,电白阳光医院,电白阳光医院,公立/综合医院,未评级
广东省,茂名市,电白,茂名市电白县慢性病防治中心,电白县慢性病医院、慢病站,公立/综合医院,一级甲等
广东省,茂名市,电白,电白县中医医院,电白县中医医院,公立/中医医院,未知
