﻿省,市,区,全名,别名,性质,等级
广东省,清远市,连南,连南瑶族自治县大坪卫生院,连南瑶族自治县大坪卫生院,其他/其他,未知
广东省,清远市,连南,连南瑶族自治县涡水卫生院,连南瑶族自治县涡水卫生院,其他/其他,未知
广东省,清远市,连南,连南瑶族自治县寨岗中心卫生院,连南瑶族自治县寨岗中心卫生院,其他/其他,未知
广东省,清远市,连南,连南县人民医院,连南县人民医院,公立/综合医院,未知
广东省,清远市,连南,连南县中医院,连南县中医院,/综合医院,未知
广东省,清远市,连南,连南瑶族自治县人民医院,连南瑶族自治县人民医院,公立/综合医院,二级甲等
广东省,清远市,连南,连南瑶族自治县中医院,连南瑶族自治县中医院,公立/综合医院,一级甲等
