﻿省,市,区,全名,别名,性质,等级
广西,南宁市,良庆区,南宁博大医院,南宁博大医院,合资/综合医院,未知
广西,南宁市,良庆区,那马精神病医院,那马精神病医院,公立/综合医院,一级甲等
广西,南宁市,良庆区,南宁市第二人民医院五象医院,南宁市第二人民医院五象医院,公立/综合医院,二级医院
广西,南宁市,良庆区,南宁市良庆区金象社区卫生服务中心,南宁市良庆区金象社区卫生服务中心,其他/其他,未知
广西,南宁市,良庆区,南宁市良庆区那陈镇卫生院,南宁市良庆区那陈镇卫生院,公立/综合医院,未知
广西,南宁市,良庆区,南宁市良庆区那马镇卫生院,南宁市良庆区那马镇卫生院,公立/综合医院,未知
广西,南宁市,良庆区,南宁市良庆区南晓镇中心卫生院,南宁市良庆区南晓镇中心卫生院,公立/综合医院,未知
广西,南宁市,良庆区,南宁市良庆区大塘中心卫生院,南宁市良庆区大塘中心卫生院,公立/综合医院,未知
广西,南宁市,良庆区,南宁市良庆区银海社区卫生服务站,南宁市良庆区银海社区卫生服务站,其他/其他,未知
广西,南宁市,良庆区,广西水电医院,广西水电医院,公立/综合医院,二级乙等
