﻿省,市,区,全名,别名,性质,等级
广西,桂林市,秀峰区,中国人民解放军76140部队,中国人民解放军76140部队,公立/综合医院,一级甲等
广西,桂林市,秀峰区,桂林中医院,桂林中医院,公立/综合医院,三级甲等　　
广西,桂林市,秀峰区,桂林市正阳路中医院,桂林市正阳路中医院,公立/综合医院,一级甲等
广西,桂林市,秀峰区,桂林市第三人民医院,桂林市第三人民医院,公立/专科医院,二级甲等
广西,桂林市,秀峰区,桂林市口腔医院,桂林市口腔医院,公立/专科医院,二级甲等
广西,桂林市,秀峰区,桂林市第八人民医院,桂林市皮肤病防治医院,公立/综合医院,一级甲等
广西,桂林市,秀峰区,桂林市红十字会博爱医院,桂林市红十字会博爱医院,公立/综合医院,三级甲等　　
广西,桂林市,秀峰区,桂林市妇女儿童医院,桂林市妇女儿童医院,公立/综合医院,三级甲等　　
广西,桂林市,秀峰区,桂林医学院附属医院,桂林医学院附属医院,公立/综合医院,三级甲等　　
