﻿省,市,区,全名,别名,性质,等级
广西,桂林市,兴安县,兴安第二人民医院,兴安第二人民医院,公立/综合医院,二级甲等
广西,桂林市,兴安县,兴安县红十字会骨伤医院,兴安县红十字会骨伤医院,公立/综合医院,二级甲等
广西,桂林市,兴安县,兴安县妇幼保健院,兴安县妇幼保健院,公立/综合医院,二级甲等
广西,桂林市,兴安县,兴安县中医院,兴安县中医院,公立/综合医院,二级甲等
广西,桂林市,兴安县,兴安县人民医院,兴安县人民医院,公立/综合医院,三级乙等
广西,桂林市,兴安县,兴安骨伤医院兴安分院,兴安骨伤医院兴安分院,公立/综合医院,二级甲等
广西,桂林市,兴安县,桂林市第六人民医院,桂林市第六人民医院,公立/综合医院,二级甲等
广西,桂林市,兴安县,兴安县康复医院,兴安县康复医院,公立/综合医院,未知
广西,桂林市,兴安县,兴安县界首中西医结合医院,兴安界首骨伤医院,民营/专科医院,未知
