﻿省,市,区,全名,别名,性质,等级
广西,桂林市,灌阳县,灌阳县妇幼保健院,灌阳县妇幼保健院,公立/综合医院,一级甲等
广西,桂林市,灌阳县,灌阳县妇幼保健站,灌阳县妇幼保健站,公立/综合医院,一级甲等
广西,桂林市,灌阳县,灌阳县灌江医院,灌阳县灌江医院,公立/综合医院,一级甲等
广西,桂林市,灌阳县,灌阳县中医院,灌阳县中医院,公立/综合医院,二级甲等
广西,桂林市,灌阳县,灌阳县人民医院,灌阳县人民医院,公立/综合医院,二级甲等
广西,桂林市,灌阳县,灌阳县水车乡卫生院,灌阳县水车乡卫生院,公立/综合医院,未知
广西,桂林市,灌阳县,灌阳县新街中心卫生院,灌阳县新街中心卫生院,公立/综合医院,未知
广西,桂林市,灌阳县,灌阳县黄关中心卫生院,灌阳县黄关中心卫生院,公立/综合医院,未知
