﻿省,市,区,全名,别名,性质,等级
广西,北海市,银海区,北海市结核病防治院,北海市胸科医院,公立/专科医院,一级甲等
广西,北海市,银海区,广西北海市卫生防疫站,广西北海市卫生防疫站,公立/综合医院,一级甲等
广西,北海市,银海区,银海区福成中心卫生院,银海区福成中心卫生院,公立/综合医院,未知
广西,北海市,银海区,银海区西塘卫生服务中心,银海区西塘卫生服务中心,公立/综合医院,未知
