﻿省,市,区,全名,别名,性质,等级
广西,梧州市,长洲区,梧州市里湖（传染病）医院,梧州市里湖（传染病）医院,公立/综合医院,一级甲等
广西,梧州市,长洲区,梧州市肿瘤防治研究所,梧州市肿瘤防治研究所,公立/专科医院,一级甲等
广西,梧州市,长洲区,梧州市中医院,梧州市中医院,公立/综合医院,三级甲等　　
广西,梧州市,长洲区,梧州市长洲区倒水镇中心卫生院,梧州市长洲区倒水镇中心卫生院,公立/综合医院,未知
