﻿省,市,区,全名,别名,性质,等级
广西,防城港市,东兴市,东兴市人民医院,东兴市人民医院,公立/综合医院,二级甲等
广西,防城港市,东兴市,东兴市妇幼保健院,东兴市妇幼保健院,公立/综合医院,未知
广西,防城港市,东兴市,东兴市江平中心卫生院,东兴市江平中心卫生院,公立/综合医院,未知
广西,防城港市,东兴市,东兴市东兴镇卫生院,东兴市东兴镇卫生院,公立/综合医院,未知
广西,防城港市,东兴市,东兴市马路镇中心卫生院,东兴市马路镇中心卫生院,公立/综合医院,未知
