﻿省,市,区,全名,别名,性质,等级
广西,百色市,乐业县,乐业县人民医院,乐业县人民医院,个体户/综合医院,未知
广西,百色市,乐业县,乐业县妇幼保健站,乐业县妇幼保健站,公立/综合医院,一级甲等
广西,百色市,乐业县,乐业县甘田镇中心卫生院,乐业县甘田镇中心卫生院,公立/综合医院,未知
广西,百色市,乐业县,乐业县同乐镇卫生院,乐业县同乐镇卫生院,公立/综合医院,未知
广西,百色市,乐业县,乐业县同乐镇武称卫生院,乐业县同乐镇武称卫生院,公立/综合医院,未知
广西,百色市,乐业县,乐业县逻沙乡卫生院,乐业县逻沙乡卫生院,公立/综合医院,未知
广西,百色市,乐业县,乐业县花坪镇卫生院,乐业县花坪镇卫生院,公立/综合医院,未知
广西,百色市,乐业县,乐业县逻西乡卫生院,乐业县逻西乡卫生院,公立/综合医院,未知
