﻿省,市,区,全名,别名,性质,等级
广西,河池市,东兰县,东兰县中医院,东兰县中医院,公立/综合医院,一级甲等
广西,河池市,东兰县,东兰县人民医院,东兰县人民医院,公立/综合医院,二级甲等
广西,河池市,东兰县,东兰县妇幼保健院,东兰县妇幼保健院,公立/妇幼保健医院,未知
广西,河池市,东兰县,东兰县东兰镇卫生院,东兰县东兰镇卫生院,公立/综合医院,未知
广西,河池市,东兰县,东兰县金谷乡卫生院,东兰县金谷乡卫生院,公立/综合医院,未知
广西,河池市,东兰县,东兰县泗孟乡卫生院,东兰县泗孟乡卫生院,公立/综合医院,未知
广西,河池市,东兰县,东兰县长江中心卫生院,东兰县长江中心卫生院,公立/综合医院,未知
广西,河池市,东兰县,东兰县三石镇中心卫生院,东兰县三石镇中心卫生院,公立/综合医院,未知
广西,河池市,东兰县,东兰县武篆中心卫生院,东兰县武篆中心卫生院,公立/综合医院,未知
广西,河池市,东兰县,东兰县切学乡卫生院,东兰县切学乡卫生院,公立/综合医院,未知
广西,河池市,东兰县,东兰县长乐镇卫生院,东兰县长乐镇卫生院,公立/综合医院,未知
