﻿省,市,区,全名,别名,性质,等级
广西,河池市,凤山县,凤山县人民医院,凤山县人民医院,公立/综合医院,二级乙等
广西,河池市,凤山县,凤山县砦牙乡卫生院,凤山县砦牙乡卫生院,公立/综合医院,未知
广西,河池市,凤山县,凤山县乔音乡中心卫生院,凤山县乔音乡中心卫生院,公立/综合医院,未知
广西,河池市,凤山县,凤山县三门海镇卫生院,凤山县三门海镇卫生院,公立/综合医院,未知
广西,河池市,凤山县,凤山县中亭乡卫生院,凤山县中亭乡卫生院,公立/综合医院,未知
广西,河池市,凤山县,凤山县平乐瑶族乡中心卫生院,凤山县平乐瑶族乡中心卫生院,公立/综合医院,未知
广西,河池市,凤山县,凤山县乔音乡林峒卫生院,凤山县乔音乡林峒卫生院,公立/综合医院,未知
广西,河池市,凤山县,凤山县金牙瑶族乡更沙卫生院,凤山县金牙瑶族乡更沙卫生院,公立/综合医院,未知
广西,河池市,凤山县,凤山县长洲乡中心卫生院,凤山县长洲乡中心卫生院,公立/综合医院,未知
广西,河池市,凤山县,凤山县妇幼保健院,凤山县妇幼保健院,公立/综合医院,一级甲等
