﻿省,市,区,全名,别名,性质,等级
河北省,石家庄,新乐市,河北省新乐骨髓炎医院,河北省中医骨髓炎治疗中心,其他/综合医院,未知
河北省,石家庄,新乐市,河北省新乐市医院,河北省新乐市医院,公立/综合医院,二级甲等
河北省,石家庄,新乐市,新乐市轻工医院,新乐市轻工医院,公立/综合医院,未知
河北省,石家庄,新乐市,新乐市法医院,新乐市法医院,公立/综合医院,未知
河北省,石家庄,新乐市,新乐市社会保险职工医院,新乐市社会保险职工医院,公立/综合医院,二级甲等
河北省,石家庄,新乐市,新乐市中医院,新乐市中医院,公立/综合医院,二级甲等
河北省,石家庄,新乐市,新乐市第二医院,新乐市第二医院,公立/综合医院,二级甲等
河北省,石家庄,新乐市,新乐骨髓炎医院,新乐骨髓炎医院,公立/综合医院,二级甲等
河北省,石家庄,新乐市,新乐市第三医院,新乐市第三医院,公立/综合医院,二级甲等
河北省,石家庄,新乐市,新乐市医院,新乐市医院,公立/综合医院,二级甲等
