﻿省,市,区,全名,别名,性质,等级
河北省,石家庄,晋州市,河北省晋州市中医院,河北省晋州市中医院,公立/综合医院,二级甲等
河北省,石家庄,晋州市,河北省晋州市医院,河北省晋州市医院,公立/综合医院,二级甲等
河北省,石家庄,晋州市,晋州总十庄中心卫生院,晋州总十庄中心卫生院,公立/综合医院,一级甲等
河北省,石家庄,晋州市,晋州市妇幼保健院,晋州市妇幼保健院,公立/综合医院,未知
河北省,石家庄,晋州市,晋州市中医院,晋州市中医院,公立/综合医院,二级甲等
河北省,石家庄,晋州市,晋州市偏瘫医院,晋州市偏瘫医院,公立/综合医院,二级甲等
河北省,石家庄,晋州市,晋州市医院,晋州市医院,公立/综合医院,二级甲等
