﻿省,市,区,全名,别名,性质,等级
河北省,石家庄,行唐县,河北省行唐县妇幼保健院,行唐县妇幼院,公立/综合医院,未知
河北省,石家庄,行唐县,行唐县龙州医院,行唐县龙州医院,公立/综合医院,一级甲等
河北省,石家庄,行唐县,行唐县中医院,行唐县中医院,公立/综合医院,二级甲等
河北省,石家庄,行唐县,行唐县人民医院,行唐县人民医院,公立/综合医院,二级甲等
河北省,石家庄,行唐县,河北省行唐县中医院,河北省行唐县中医院,公立/综合医院,二级甲等
河北省,石家庄,行唐县,行唐县妇幼保健院,行唐县妇幼保健院,公立/妇幼保健医院,未知
