﻿省,市,区,全名,别名,性质,等级
河北省,石家庄,井陉县,井陉县测鱼医院,井陉县测鱼医院,公立/综合医院,一级乙等
河北省,石家庄,井陉县,井陉矿务局医院,井陉矿务局医院,公立/综合医院,一级甲等
河北省,石家庄,井陉县,石家庄市井陉矿区医院,石家庄市井陉矿区医院,公立/综合医院,二级甲等
河北省,石家庄,井陉县,石家庄市第八医院分院,石家庄市第八医院分院,公立/综合医院,二级甲等
河北省,石家庄,井陉县,井陉县中医院,井陉县中医院,公立/综合医院,二级甲等
河北省,石家庄,井陉县,井陉县医院,井陉县医院,公立/综合医院,二级甲等
河北省,石家庄,井陉县,井陉县妇幼保健院,井陉县妇幼保健院,公立/妇幼保健医院,未知
