﻿省,市,区,全名,别名,性质,等级
河北省,石家庄,灵寿县,灵寿同仁医院,同仁医院,民营/综合医院,民营医院
河北省,石家庄,灵寿县,灵寿县医院,灵寿县医院,公立/综合医院,二级甲等
河北省,石家庄,灵寿县,灵寿县医院,灵寿县医院,公立/综合医院,二级甲等
河北省,石家庄,灵寿县,河北省灵寿县中西医结合医院,灵寿县中医院,公立/综合医院,二级甲等
河北省,石家庄,灵寿县,河北省灵寿县医院,河北省灵寿县医院,公立/综合医院,二级甲等
