﻿省,市,区,全名,别名,性质,等级
河北省,石家庄,平山县,平山县职工医院,平山县职工医院,公立/综合医院,一级甲等
河北省,石家庄,平山县,平山县法医医院,平山县法医医院,公立/综合医院,一级甲等
河北省,石家庄,平山县,平山县妇幼保健院,平山县妇幼保健院,公立/综合医院,一级甲等
河北省,石家庄,平山县,平山县古月医院,平山县古月医院,公立/综合医院,一级甲等
河北省,石家庄,平山县,平山县第二人民医院,平山县第二人民医院,公立/综合医院,一级甲等
河北省,石家庄,平山县,平山县医院,平山县医院,公立/综合医院,二级乙等
河北省,石家庄,平山县,平山县中医院,平山县中医院,公立/综合医院,二级甲等
河北省,石家庄,平山县,河北省平山县中医院,河北省平山县中医院,其他/综合医院,未知
河北省,石家庄,平山县,河北省平山县人民医院,河北省平山县人民医院,公立/综合医院,二级医院
河北省,石家庄,平山县,平山县人民医院,平山县人民医院,公立/综合医院,二级乙等
