﻿省,市,区,全名,别名,性质,等级
河北省,石家庄,元氏县,元氏县第二医院,元氏县第二医院,公立/综合医院,未知
河北省,石家庄,元氏县,元氏县妇幼医院,元氏县妇幼医院,公立/综合医院,未知
河北省,石家庄,元氏县,元氏县中医院,元氏县中医院,公立/综合医院,二级甲等
河北省,石家庄,元氏县,元氏县医院,元氏县医院,公立/综合医院,二级甲等
河北省,石家庄,元氏县,石家庄市装甲兵医院,石家庄市装甲兵医院,公立/综合医院,二级甲等
河北省,石家庄,元氏县,河北省元氏县医院,河北省元氏县医院,公立/综合医院,二级甲等
