﻿省,市,区,全名,别名,性质,等级
河北省,石家庄,无极县,无极惠民医院,无极惠民医院,民营/综合医院,民营医院
河北省,石家庄,无极县,无极血康医院,无极血康医院,民营/综合医院,未知
河北省,石家庄,无极县,无极县益民医院,无极县益民医院,公立/综合医院,一级甲等
河北省,石家庄,无极县,无极县妇幼保健站,无极县妇幼保健站,公立/专科医院,一级甲等
河北省,石家庄,无极县,无极县中医院,无极县创伤急救治疗中心,公立/综合医院,二级甲等
河北省,石家庄,无极县,无极县医院,无极县医院,公立/综合医院,二级甲等
河北省,石家庄,无极县,河北省无极县医院,河北省无极县医院,公立/综合医院,二级甲等
河北省,石家庄,无极县,河北省无极县中医院,河北省无极县中医院,公立/综合医院,二级医院
河北省,石家庄,无极县,石家庄红十字无极智魁医院,石家庄智魁中医血液病医院,民营/专科医院,民营医院
