﻿省,市,区,全名,别名,性质,等级
河北省,唐山市,开平区,唐山市东矿区医院,唐山市东矿区医院,公立/综合医院,未知
河北省,唐山市,开平区,唐山市马家沟耐火材料有限责任公司医院,唐山市马家沟耐火材料有限责任公司医院,公立/综合医院,一级甲等
河北省,唐山市,开平区,唐山市丰润区城西医院,唐山市丰润区城西医院,公立/综合医院,一级甲等
河北省,唐山市,开平区,唐山冶金矿山机械厂职工医院,唐山冶金矿山机械厂职工医院,公立/综合医院,一级甲等
河北省,唐山市,开平区,唐山半壁店钢铁公司医院,唐山半壁店钢铁公司医院,公立/综合医院,二级甲等
河北省,唐山市,开平区,唐山市开平区妇幼保健站,唐山市开平区妇幼保健站,公立/综合医院,二级甲等
河北省,唐山市,开平区,唐山市开平区医院,唐山市开平区医院,公立/综合医院,二级甲等
