﻿省,市,区,全名,别名,性质,等级
河北省,唐山市,滦南县,河北省滦南县中医医院,河北省滦南县中医医院,其他/综合医院,未知
河北省,唐山市,滦南县,河北省滦南县医院,河北省滦南县医院,公立/综合医院,二级甲等
河北省,唐山市,滦南县,滦南县经委职工医院,滦南县经委职工医院,公立/综合医院,一级甲等
河北省,唐山市,滦南县,滦南县京东医院,滦南县京东医院,公立/综合医院,二级甲等
河北省,唐山市,滦南县,滦南县精神病医院,滦南县精神病医院,公立/综合医院,一级甲等
河北省,唐山市,滦南县,滦南县妇幼保健院,滦南县妇幼保健院,公立/综合医院,一级甲等
河北省,唐山市,滦南县,滦南县中医院,滦南县中医院,公立/综合医院,二级甲等
河北省,唐山市,滦南县,滦南县医院,滦南县医院,公立/综合医院,二级甲等
