﻿省,市,区,全名,别名,性质,等级
河北省,唐山市,乐亭县,王庄乡徐家店卫生院,王庄乡徐家店卫生院,公立/综合医院,一级甲等
河北省,唐山市,乐亭县,长芦大清河盐化集团有限公司医院,长芦大清河盐化集团有限公司医院,公立/综合医院,一级甲等
河北省,唐山市,乐亭县,河北省乐亭县中医医院,河北省乐亭县中医医院,其他/综合医院,未知
河北省,唐山市,乐亭县,河北省乐亭县医院,河北省乐亭县医院,公立/综合医院,二级甲等
河北省,唐山市,乐亭县,乐亭第二医院,乐亭第二医院,公立/综合医院,一级甲等
河北省,唐山市,乐亭县,乐亭县中医院,乐亭县中医院,公立/综合医院,二级甲等
河北省,唐山市,乐亭县,乐亭县医院,乐亭县医院,公立/综合医院,二级甲等
