﻿省,市,区,全名,别名,性质,等级
河北省,唐山市,遵化市,遵化平安医院,遵化平安医院,公立/综合医院,一级甲等
河北省,唐山市,遵化市,遵化市第二医院,遵化二院,公立/综合医院,二级甲等
河北省,唐山市,遵化市,遵化市中医院,遵化市中医院,公立/综合医院,未知
河北省,唐山市,遵化市,遵化市民族医院,遵化市民族医院,公立/综合医院,一级甲等
河北省,唐山市,遵化市,遵化市建明中心医院,遵化市建明中心医院,公立/综合医院,二级甲等
河北省,唐山市,遵化市,遵化市卫协医院,遵化市卫协医院,公立/综合医院,二级甲等
河北省,唐山市,遵化市,遵化市仁康医院,遵化市仁康医院,公立/综合医院,二级甲等
河北省,唐山市,遵化市,遵化市妇幼保健院,遵化市妇幼保健院,公立/综合医院,二级甲等
河北省,唐山市,遵化市,遵化市人民医院,遵化市人民医院,公立/综合医院,二级甲等
