﻿省,市,区,全名,别名,性质,等级
河北省,唐山市,滦县,滦县第二人民医院,滦县第二人民医院,公立/综合医院,一级甲等
河北省,唐山市,滦县,滦县人民医院,滦县人民医院,公立/综合医院,一级甲等
河北省,唐山市,滦县,滦县妇幼保健站,滦县妇幼保健站,公立/综合医院,一级甲等
河北省,唐山市,滦县,滦县癫痫病医院,滦县癫痫病医院,公立/综合医院,二级甲等
河北省,唐山市,滦县,滦县中医院,滦县中医院,公立/综合医院,二级甲等
河北省,唐山市,滦县,滦县癫痫病医院,滦县癫痫病医院,公立/综合医院,二级甲等
河北省,唐山市,滦县,河北省滦县中医医院,河北省滦县中医医院,公立/综合医院,二级甲等
河北省,唐山市,滦县,滦县人民医院,滦县人民医院,公立/综合医院,二级甲等
