﻿省,市,区,全名,别名,性质,等级
河北省,唐山市,唐海县,中国石油冀东油田职工医院,中国石油冀东油田职工医院,公立/综合医院,一级甲等
河北省,唐山市,唐海县,唐海县妇幼保健院,唐海县妇幼保健院,公立/综合医院,一级甲等
河北省,唐山市,唐海县,唐海县医院,唐海县医院,公立/综合医院,二级甲等
河北省,唐山市,唐海县,河北省唐海县医院,河北省唐海县医院,公立/综合医院,二级甲等
