﻿省,市,区,全名,别名,性质,等级
河北省,秦皇岛,北戴河区,秦皇岛市北戴河区人民医院,秦皇岛市北戴河区人民医院,公立/综合医院,二级甲等
河北省,秦皇岛,北戴河区,秦皇岛市秦园医院,秦皇岛市秦园医院,公立/综合医院,一级甲等
河北省,秦皇岛,北戴河区,北京军区北戴河疗养院,中国人民解放军281医院，281医院,公立/综合医院,二级甲等
河北省,秦皇岛,北戴河区,医疗气功医院,医疗气功医院,公立/综合医院,一级甲等
河北省,秦皇岛,北戴河区,秦皇岛市北戴河医院,秦皇岛市北戴河医院,公立/综合医院,二级甲等
