﻿省,市,区,全名,别名,性质,等级
河北省,秦皇岛,抚宁县,秦皇岛市柳江医院,秦皇岛市柳江医院,公立/综合医院,一级甲等
河北省,秦皇岛,抚宁县,秦皇岛柳江医院（民营）,秦皇岛柳江医院（民营）,个体户/综合医院,一级甲等
河北省,秦皇岛,抚宁县,河北省抚宁县妇幼保健院,河北省抚宁县妇幼保健院,公立/专科医院,未知
河北省,秦皇岛,抚宁县,河北省抚宁县中医院,河北省抚宁县中医院,公立/综合医院,二级甲等
河北省,秦皇岛,抚宁县,抚宁县妇幼保健院,抚宁县妇幼保健院,公立/综合医院,一级乙等
河北省,秦皇岛,抚宁县,抚宁县人民医院,抚宁县人民医院,公立/综合医院,二级甲等
河北省,秦皇岛,抚宁县,抚宁县中医院,抚宁县中医院,公立/综合医院,二级甲等
