﻿省,市,区,全名,别名,性质,等级
河北省,唐山市,玉田县,玉田阳光医院,玉田阳光医院,民营/综合医院,未评级
河北省,唐山市,玉田县,河北省玉田县中医医院,河北省玉田县中医医院,公立/综合医院,二级甲等
河北省,唐山市,玉田县,河北省玉田县医院,河北省玉田县医院,公立/综合医院,二级甲等
河北省,唐山市,玉田县,玉田县第二医院,玉田县第二医院,公立/综合医院,二级医院
河北省,唐山市,玉田县,玉田县妇幼保健院,玉田县妇幼保健院,公立/综合医院,一级甲等
河北省,唐山市,玉田县,玉田县中医院,玉田中医医院,公立/综合医院,二级甲等
河北省,唐山市,玉田县,玉田县医院,玉田县医院,公立/综合医院,二级甲等
