﻿省,市,区,全名,别名,性质,等级
河北省,秦皇岛,昌黎县,秦皇岛市九龙山医院,秦皇岛市九龙山医院,公立/综合医院,一级甲等
河北省,秦皇岛,昌黎县,秦皇岛市第二医院,秦皇岛市第二医院,公立/综合医院,三级乙等
河北省,秦皇岛,昌黎县,昌黎县妇幼保健院,昌黎县妇幼保健院,公立/综合医院,一级甲等
河北省,秦皇岛,昌黎县,昌黎县中医院,昌黎县中医院,公立/综合医院,二级甲等
河北省,秦皇岛,昌黎县,昌黎县人民医院,昌黎县人民医院,公立/综合医院,二级甲等
河北省,秦皇岛,昌黎县,河北省昌黎县妇幼保健院,河北省昌黎县妇幼保健院,公立/综合医院,一级甲等
河北省,秦皇岛,昌黎县,河北省昌黎县中医院,河北省昌黎县中医院,公立/综合医院,二级甲等
河北省,秦皇岛,昌黎县,河北省昌黎县人民医院,河北省昌黎县人民医院,公立/综合医院,二级甲等
