﻿省,市,区,全名,别名,性质,等级
河北省,邯郸市,复兴区,中国华北冶金建设有限公司职工医院,中国华北冶金建设有限公司职工医院,公立/综合医院,一级甲等
河北省,邯郸市,复兴区,中煤第一建设公司职工医院,中煤第一建设公司职工医院,公立/综合医院,一级甲等
河北省,邯郸市,复兴区,邯矿集团总医院,邯矿集团总医院,公立/综合医院,一级甲等
河北省,邯郸市,复兴区,邯郸市复兴区妇幼保健站,邯郸市复兴区妇幼保健站,公立/综合医院,未知
河北省,邯郸市,复兴区,邯郸市复兴区中医院,邯郸市复兴区中医院,公立/综合医院,未知
河北省,邯郸市,复兴区,邯郸矿务局总医院,邯郸矿务局总医院,公立/综合医院,二级甲等
河北省,邯郸市,复兴区,邯郸市第五医院,邯郸市第五医院,公立/综合医院,二级甲等
河北省,邯郸市,复兴区,邯钢烧伤治疗中心,邯钢烧伤治疗中心,其他/专科医院,二级甲等
河北省,邯郸市,复兴区,河北冶金建设集团有限公司职工医院,河北冶金建设集团有限公司职工医院,其他/综合医院,一级甲等
