﻿省,市,区,全名,别名,性质,等级
河北省,邯郸市,成安县,河北省成安县中医院,河北省成安县中医院,公立/综合医院,未知
河北省,邯郸市,成安县,河北省成安县人民医院,河北省成安县人民医院,公立/综合医院,特级医院
河北省,邯郸市,成安县,成安县中医院,成安县中医院,公立/综合医院,一级甲等
河北省,邯郸市,成安县,成安县人民医院,成安县人民医院,公立/综合医院,二级甲等
河北省,邯郸市,成安县,成安县医院,成安县医院,公立/综合医院,二级甲等
河北省,邯郸市,成安县,邯郸市第285医院,285医院,公立/综合医院,三级甲等　　
