﻿省,市,区,全名,别名,性质,等级
河北省,邯郸市,临漳县,河北省临漳县人民医院,河北省临漳县人民医院,公立/综合医院,二级甲等
河北省,邯郸市,临漳县,临漳县中医院,临漳县中医院,公立/综合医院,未知
河北省,邯郸市,临漳县,临漳县医院,临漳县医院,公立/综合医院,二级甲等
河北省,邯郸市,临漳县,临漳县卫校附属医院,临漳县卫校附属医院,公立/综合医院,一级甲等
河北省,邯郸市,临漳县,张村卫生院,张村卫生院,公立/综合医院,未知
河北省,邯郸市,临漳县,河北省临漳县医院,河北省临漳县医院,公立/综合医院,二级甲等
