﻿省,市,区,全名,别名,性质,等级
河北省,邯郸市,大名县,河北省大名县人民医院,河北省大名县人民医院,公立/综合医院,二级甲等
河北省,邯郸市,大名县,大名县精神病院,大名县精神病院,公立/综合医院,未知
河北省,邯郸市,大名县,大名县妇幼保健院,大名县妇幼保健院,公立/综合医院,未知
河北省,邯郸市,大名县,大名县中医院,大名县中医院,公立/综合医院,未知
河北省,邯郸市,大名县,大名县钱氏中医精神医院,钱氏中医,公立/综合医院,二级甲等
河北省,邯郸市,大名县,大名县人民医院,大名县人民医院,公立/综合医院,二级甲等
河北省,邯郸市,大名县,邯郸市安康医院,邯郸市安康医院,民营/综合医院,未知
