﻿省,市,区,全名,别名,性质,等级
河北省,邯郸市,肥乡县,邯郸安康精神病医院,邯郸安康精神病医院,民营/综合医院,二级甲等
河北省,邯郸市,肥乡县,肥乡县中医骨科医院,肥乡县中医骨科医院,公立/专科医院,未知
河北省,邯郸市,肥乡县,肥乡县中医院,肥乡县中医院,公立/综合医院,一级甲等
河北省,邯郸市,肥乡县,肥乡县医院,肥乡县医院,公立/综合医院,二级甲等
河北省,邯郸市,肥乡县,河北省肥乡县中医骨科医院,河北省肥乡县中医骨科医院,公立/专科医院,未知
河北省,邯郸市,肥乡县,河北省肥乡县医院,河北省肥乡县医院,公立/综合医院,二级甲等
