﻿省,市,区,全名,别名,性质,等级
河北省,邯郸市,磁县,磁县北大医院,北大医院,民营/综合医院,民营医院
河北省,邯郸市,磁县,河北省磁县医院,河北省磁县医院,公立/综合医院,二级甲等
河北省,邯郸市,磁县,磁县肿瘤医院,磁县肿瘤医院,公立/专科医院,一级甲等
河北省,邯郸市,磁县,磁县妇幼保健站,磁县妇幼保健站,公立/综合医院,一级甲等
河北省,邯郸市,磁县,磁县中医院,磁县中医院,公立/综合医院,二级甲等
河北省,邯郸市,磁县,磁县医院,北关医院,公立/综合医院,二级甲等
