﻿省,市,区,全名,别名,性质,等级
河北省,邯郸市,广平县,靳庄医院,靳庄医院,公立/综合医院,一级甲等
河北省,邯郸市,广平县,广平县人民医院,广平县人民医院,公立/综合医院,二级甲等
河北省,邯郸市,广平县,广平县中医院,广平县中医院,公立/综合医院,一级甲等
河北省,邯郸市,广平县,广平县医院,广平县医院,公立/综合医院,一级甲等
河北省,邯郸市,广平县,广平县妇幼保健医院,广平县妇幼保健医院,公立/综合医院,二级甲等
河北省,邯郸市,广平县,河北省广平县妇幼保健站,河北省广平县妇幼保健站,公立/其他,未知
河北省,邯郸市,广平县,河北省广平县医院,河北省广平县医院,公立/综合医院,未知
