﻿省,市,区,全名,别名,性质,等级
河北省,邯郸市,鸡泽县,鸡泽县中西医结合医院,鸡泽县中西医结合医院,公立/综合医院,未知
河北省,邯郸市,鸡泽县,鸡泽县中医院,鸡泽县中医院,公立/综合医院,未知
河北省,邯郸市,鸡泽县,鸡泽县医院,鸡泽县医院,公立/综合医院,未知
河北省,邯郸市,鸡泽县,邯郸民生骨脑专科医院,邯郸民生骨脑专科医院,民营/综合医院,未知
河北省,邯郸市,鸡泽县,鸡泽县妇幼保健院,鸡泽县妇幼保健院,公立/妇幼保健医院,未知
