﻿省,市,区,全名,别名,性质,等级
河北省,邯郸市,馆陶县,馆陶县王桥乡卫生院,王桥乡卫生院,公立/综合医院,一级甲等
河北省,邯郸市,馆陶县,馆陶县康复医院,馆陶县康复医院,公立/综合医院,一级甲等
河北省,邯郸市,馆陶县,馆陶县妇幼保健院,馆陶县妇幼保健院,公立/综合医院,一级甲等
河北省,邯郸市,馆陶县,馆陶县中医院,馆陶县中医院,公立/综合医院,二级甲等
河北省,邯郸市,馆陶县,馆陶县人民医院,馆陶县人民医院,公立/综合医院,二级甲等
河北省,邯郸市,馆陶县,河北省馆陶县中医院,河北省馆陶县中医院,公立/综合医院,二级甲等
河北省,邯郸市,馆陶县,河北省馆陶县人民医院,河北省馆陶县人民医院,公立/综合医院,二级甲等
