﻿省,市,区,全名,别名,性质,等级
河北省,邢台市,南和县,南和县妇幼保健站,南和县妇幼保健站,公立/综合医院,一级甲等
河北省,邢台市,南和县,南和县中医院,南和县中医院,公立/综合医院,二级乙等
河北省,邢台市,南和县,南和县医院,南和县医院,公立/综合医院,二级甲等
河北省,邢台市,南和县,河北省南和县人民医院,河北省南和县人民医院,公立/综合医院,二级甲等
河北省,邢台市,南和县,河北省南和县医院,河北省南和县医院,公立/综合医院,二级甲等
