﻿省,市,区,全名,别名,性质,等级
河北省,邢台市,隆尧县,隆尧县双碑乡卫生院,隆尧县双碑乡卫生院,公立/综合医院,一级甲等
河北省,邢台市,隆尧县,隆尧协和医院,隆尧协和医院男女健康管理中心,民营/门诊,民营医院
河北省,邢台市,隆尧县,隆尧县康复医院,隆尧县康复医院,公立/综合医院,一级甲等
河北省,邢台市,隆尧县,隆尧县妇幼保健站,隆尧县妇幼保健站,公立/综合医院,一级甲等
河北省,邢台市,隆尧县,隆尧县医院,隆尧县医院,公立/综合医院,二级甲等
河北省,邢台市,隆尧县,隆尧县现代医院,隆尧县现代医院,公立/综合医院,二级甲等
河北省,邢台市,隆尧县,隆尧县博爱医院,隆尧博爱医院,民营/综合医院,未知
河北省,邢台市,隆尧县,河北省隆尧县医院,河北省隆尧县医院,公立/综合医院,二级甲等
