﻿省,市,区,全名,别名,性质,等级
河北省,邢台市,临城县,临城县中医院,临城县中医院,公立/综合医院,二级甲等
河北省,邢台市,临城县,临城县人民医院,临城县人民医院,公立/综合医院,二级甲等
河北省,邢台市,临城县,河北省临城县中医院,河北省临城县中医院,公立/综合医院,二级甲等
河北省,邢台市,临城县,河北省临城县人民医院,河北省临城县人民医院,公立/综合医院,二级甲等
