﻿省,市,区,全名,别名,性质,等级
河北省,邢台市,宁晋县,宁晋县妇幼保健院,宁晋县妇幼保健院,公立/综合医院,一级甲等
河北省,邢台市,宁晋县,宁晋县中医院,宁晋县中医院,公立/综合医院,一级甲等
河北省,邢台市,宁晋县,宁晋第二医院,宁晋第二医院,公立/综合医院,一级甲等
河北省,邢台市,宁晋县,宁晋县中西医结合医院,宁晋县中西医结合医院,公立/综合医院,二级甲等
河北省,邢台市,宁晋县,宁晋县医院,宁晋县医院,公立/综合医院,二级甲等
河北省,邢台市,宁晋县,河渠镇卫生院,河渠镇卫生院,公立/综合医院,一级甲等
河北省,邢台市,宁晋县,河北省宁晋县中西医结合医院,河北省宁晋县中西医结合医院,其他/综合医院,二级甲等
河北省,邢台市,宁晋县,河北省宁晋县妇幼保健院,河北省宁晋县妇幼保健院,公立/综合医院,未知
河北省,邢台市,宁晋县,河北省宁晋县医院,河北省宁晋县医院,公立/综合医院,二级甲等
