﻿省,市,区,全名,别名,性质,等级
河北省,邢台市,任县,任县职工医院,任县职工医院,公立/综合医院,一级甲等
河北省,邢台市,任县,任县妇幼保健站,任县妇幼保健站,公立/综合医院,一级甲等
河北省,邢台市,任县,任县中医院,任县中医院,公立/综合医院,一级甲等
河北省,邢台市,任县,任县医院,任县医院,公立/综合医院,一级甲等
河北省,邢台市,任县,邢台任县仁爱医院,任县仁爱医院,公立/综合医院,一级甲等
河北省,邢台市,任县,河北省任县中医院,河北省任县中医院,其他/综合医院,未知
河北省,邢台市,任县,河北省任县医院,河北省任县医院,公立/综合医院,未知
