﻿省,市,区,全名,别名,性质,等级
河北省,邢台市,广宗县,广宗县李么正骨医院,广宗县李么正骨医院,公立/综合医院,一级甲等
河北省,邢台市,广宗县,广宗县妇幼保健院,广宗县妇幼保健院,公立/综合医院,一级甲等
河北省,邢台市,广宗县,广宗县中医院,广宗县中医院,公立/综合医院,一级甲等
河北省,邢台市,广宗县,广宗县医院,广宗县医院,公立/综合医院,一级甲等
河北省,邢台市,广宗县,河北省广宗县中医院,河北省广宗县中医院,其他/专科医院,未知
