﻿省,市,区,全名,别名,性质,等级
河北省,邢台市,临西县,临西县第二医院,临西县第二医院,公立/综合医院,一级乙等
河北省,邢台市,临西县,临西县医院,临西县医院,公立/综合医院,二级甲等
河北省,邢台市,临西县,临西中医院,临西中医院,公立/综合医院,一级甲等
河北省,邢台市,临西县,临西县第二人民医院,临西县第二人民医院,公立/综合医院,一级甲等
河北省,邢台市,临西县,临西县人民医院,临西县人民医院,公立/综合医院,二级甲等
河北省,邢台市,临西县,临西县中医院,临西县中医院,公立/中医医院,二级甲等
河北省,邢台市,临西县,河北省临西县第二人民医院,河北省临西县第二人民医院,公立/综合医院,未知
河北省,邢台市,临西县,河北省临西县中医院,河北省临西县中医院,其他/综合医院,未知
河北省,邢台市,临西县,河北省临西县人民医院,河北省临西县人民医院,公立/综合医院,二级甲等
