﻿省,市,区,全名,别名,性质,等级
河北省,邢台市,清河区,江苏省清河区机关医院,江苏省清河区机关医院,公立/综合医院,未知
河北省,邢台市,清河区,淮安市市级机关医院,淮安市市级机关医院,公立/综合医院,未知
河北省,邢台市,清河区,淮安市水渡社区卫生服务站,淮安市水渡社区卫生服务站,公立/综合医院,未知
河北省,邢台市,清河区,江苏省淮安市清江轴承有限公司诊所,江苏省淮安市清江轴承有限公司诊所,公立/综合医院,未知
河北省,邢台市,清河区,淮安市民生医院有限公司,淮安市民生医院有限公司,公立/综合医院,未知
河北省,邢台市,清河区,江苏省淮安市疾控中心职业病所,江苏省淮安市疾控中心职业病所,公立/综合医院,未知
河北省,邢台市,清河区,江苏省淮安市柴米社区卫生服务站,江苏省淮安市柴米社区卫生服务站,公立/综合医院,未知
河北省,邢台市,清河区,江苏省淮安市清安社区卫生服务中心,江苏省淮安市清安社区卫生服务中心,公立/综合医院,未知
河北省,邢台市,清河区,江苏省淮安市化工路社区卫生服务站,江苏省淮安市化工路社区卫生服务站,公立/综合医院,未知
河北省,邢台市,清河区,江苏省淮安市解放路社区卫生服务站,江苏省淮安市解放路社区卫生服务站,公立/综合医院,未知
河北省,邢台市,清河区,江苏省淮安市北京路社区卫生服务站,江苏省淮安市北京路社区卫生服务站,公立/综合医院,未知
河北省,邢台市,清河区,江苏省淮安市清河区向阳社区卫生服务站,江苏省淮安市清河区向阳社区卫生服务站,公立/综合医院,未知
河北省,邢台市,清河区,江苏省淮安市清河区建业小区社区卫生服务站,江苏省淮安市清河区建业小区社区卫生服务站,公立/综合医院,未知
河北省,邢台市,清河区,江苏省淮安市健康东路社区卫生服务站,江苏省淮安市健康东路社区卫生服务站,公立/综合医院,未知
河北省,邢台市,清河区,江苏省淮安市利苑新村社区卫生服务站,江苏省淮安市利苑新村社区卫生服务站,公立/综合医院,未知
河北省,邢台市,清河区,江苏省淮安市益兴名流,江苏省淮安市益兴名流,公立/综合医院,未知
河北省,邢台市,清河区,江苏省淮安市凤凰新村社区卫生服务站,江苏省淮安市凤凰新村社区卫生服务站,公立/综合医院,未知
河北省,邢台市,清河区,江苏省淮安市上海路社区卫生服务站,江苏省淮安市上海路社区卫生服务站,公立/综合医院,未知
河北省,邢台市,清河区,江苏省淮安市淮西社区卫生服务站,江苏省淮安市淮西社区卫生服务站,公立/综合医院,未知
河北省,邢台市,清河区,江苏省淮安市承德路社区卫生服务站,江苏省淮安市承德路社区卫生服务站,公立/综合医院,未知
河北省,邢台市,清河区,淮安双穗鞋业卫生所,淮安双穗鞋业卫生所,公立/综合医院,未知
河北省,邢台市,清河区,淮安减速机厂卫生所,淮安减速机厂卫生所,公立/综合医院,未知
河北省,邢台市,清河区,淮安市清河妇幼保健所,淮安市清河妇幼保健所,公立/综合医院,未知
河北省,邢台市,清河区,淮安体校卫生所,淮安体校卫生所,公立/综合医院,未知
河北省,邢台市,清河区,淮安市计划生育指导所,淮安市计划生育宣传技术指导所,公立/综合医院,未知
河北省,邢台市,清河区,江苏安邦电化有限公司卫生所,江苏安邦电化有限公司卫生所,公立/综合医院,未知
河北省,邢台市,清河区,江苏省淮安市清江石化厂卫生所,江苏省淮安市清江石化厂卫生所,公立/综合医院,未知
河北省,邢台市,清河区,清河区安涉桥小区社区卫生服务站,清河区安涉桥小区社区卫生服务站,公立/综合医院,未知
河北省,邢台市,清河区,淮安市清河区三指堂门诊部,淮安市清河区三指堂门诊部,公立/综合医院,未知
河北省,邢台市,清河区,淮安市急救中心专家门诊部,淮安市急救中心专家门诊部,公立/综合医院,未知
河北省,邢台市,清河区,淮安市安涉桥社区服务站,淮安市安涉桥社区服务站,公立/综合医院,未知
河北省,邢台市,清河区,淮安市建筑工程管理局卫生所,淮安市建筑工程管理局卫生所,公立/综合医院,未知
河北省,邢台市,清河区,江苏中淮建设工程公司卫生所,江苏中淮建设工程公司卫生所,民营/综合医院,未知
河北省,邢台市,清河区,淮安市红十字会门诊部,淮安市红十字会门诊部,公立/综合医院,未知
河北省,邢台市,清河区,淮安市清河区长东卫生所,淮安市清河区长东卫生所,公立/综合医院,未知
河北省,邢台市,清河区,淮安市光华全新洗涤用品有限公司卫生所,淮安市光华全新洗涤用品有限公司卫生所,民营/综合医院,未知
河北省,邢台市,清河区,淮安经济开发区钵池乡卫生院,淮安经济开发区钵池乡卫生院,合资/综合医院,未知
河北省,邢台市,清河区,江苏新锦亚商贸股份有限公司卫生所,江苏新锦亚商贸股份有限公司卫生所,民营/综合医院,未知
河北省,邢台市,清河区,中国石化集团清江石油化工有限责任公司卫生所,中国石化集团清江石油化工有限责任公司卫生所,民营/综合医院,未知
河北省,邢台市,清河区,江苏省减速机厂卫生所,江苏省减速机厂卫生所,公立/综合医院,未知
河北省,邢台市,清河区,军队离休干部休养所医务室,军队离休干部休养所医务室,公立/综合医院,未知
河北省,邢台市,清河区,淮安市财经学校卫生所,淮安市财经学校卫生所,公立/综合医院,未知
河北省,邢台市,清河区,江苏新锦亚商贸有限公司医务室,江苏新锦亚商贸有限公司医务室,合资/综合医院,未知
河北省,邢台市,清河区,淮安市清江拖拉机集团分司职工医院,淮安市清江拖拉机集团分司职工医院,公立/综合医院,未知
河北省,邢台市,清河区,淮安市清河区机关医院,淮安市清河区机关医院,公立/综合医院,未知
河北省,邢台市,清河区,淮安市清河中医门诊部,淮安市清河中医门诊部,公立/综合医院,未知
河北省,邢台市,清河区,淮安市清河区西安路卫生所,淮安市清河区西安路卫生所,公立/综合医院,未知
河北省,邢台市,清河区,淮安市师范学院卫生所,淮安市师范学院卫生所,公立/综合医院,未知
河北省,邢台市,清河区,保健院北京新村门诊部,保健院北京新村门诊部,公立/综合医院,未知
河北省,邢台市,清河区,淮安市公路处医务室,淮安市公路处医务室,公立/综合医院,未知
河北省,邢台市,清河区,淮安市大众门诊部,淮安市大众门诊部,个体户/综合医院,未知
河北省,邢台市,清河区,淮安清江变压器厂有限公司卫生所,淮安清江变压器厂有限公司卫生所,公立/综合医院,未知
河北省,邢台市,清河区,江苏省食品职业技术学院卫生所,江苏省食品职业技术学院卫生所,公立/综合医院,未知
河北省,邢台市,清河区,淮安市梅平诊所,淮安市梅平诊所,公立/综合医院,未知
河北省,邢台市,清河区,淮安市建工局卫生所,淮安市建工局卫生所,公立/综合医院,未知
河北省,邢台市,清河区,淮安市汽车公司卫生所,淮安市汽车公司卫生所,公立/综合医院,未知
河北省,邢台市,清河区,江苏省农垦局门诊部,江苏省农垦局门诊部,合资/综合医院,未知
河北省,邢台市,清河区,江苏新盛食品有限公司卫生所,江苏新盛食品有限公司卫生所,合资/综合医院,未知
河北省,邢台市,清河区,淮安市老年公寓卫生所,淮安市老年公寓卫生所,民营/综合医院,未知
河北省,邢台市,清河区,淮安清江化肥总厂卫生所,淮安清江化肥总厂卫生所,合资/综合医院,未知
河北省,邢台市,清河区,淮安市奔航工贸公司卫生所,淮安市奔航工贸公司卫生所,公立/综合医院,未知
河北省,邢台市,清河区,淮安市大众塑料厂卫生所,淮安市大众塑料厂卫生所,公立/综合医院,未知
河北省,邢台市,清河区,江苏农垦建设有限公司卫生所,江苏农垦建设有限公司卫生所,公立/综合医院,未知
河北省,邢台市,清河区,淮安市公交公司医务室,淮安市公交公司医务室,公立/综合医院,未知
河北省,邢台市,清河区,淮安市清河区梅平内儿诊所,淮安市清河区梅平内儿诊所,公立/综合医院,未知
河北省,邢台市,清河区,清河医院海淀区卫校附属医院,清河医院海淀区卫校附属医院,公立/综合医院,一级甲等
河北省,邢台市,清河区,清河县第二医院,清河县第二医院,公立/综合医院,二级甲等
河北省,邢台市,清河区,清河县骨科医院,清河县骨科医院,公立/专科医院,二级甲等
河北省,邢台市,清河区,清河县精神病医院,清河县精神病医院,公立/综合医院,二级甲等
河北省,邢台市,清河区,清河县中医院,清河县中医院,公立/综合医院,二级甲等
河北省,邢台市,清河区,清河县人民医院,清河县人民医院,公立/综合医院,二级甲等
河北省,邢台市,清河区,淮安市徐扬乡卫生院,淮安市徐扬乡卫生院,公立/综合医院,一级甲等
河北省,邢台市,清河区,淮安市清河医院,淮安光明眼科医院,公立/综合医院,二级乙等
河北省,邢台市,清河区,淮安仁爱医院,淮安市仁爱医院,其他/专科医院,未知
河北省,邢台市,清河区,淮安市第二人民医院,江苏省淮安仁慈医院,公立/综合医院,三级乙等
河北省,邢台市,清河区,河北省清河县第二人民医院,河北省清河县第二人民医院,公立/综合医院,未知
河北省,邢台市,清河区,河北省清河县中医院,河北省清河县中医院,其他/其他,未知
