﻿省,市,区,全名,别名,性质,等级
河北省,邢台市,平乡县,平乡县庞氏眼病专科,平乡县庞氏眼病专科,公立/综合医院,一级甲等
河北省,邢台市,平乡县,平乡县妇幼保健站,平乡县妇幼保健站,公立/综合医院,一级甲等
河北省,邢台市,平乡县,平乡县中医院,平乡县中医院,公立/综合医院,一级甲等
河北省,邢台市,平乡县,平乡县第二医院,平乡县第二医院,公立/综合医院,一级甲等
河北省,邢台市,平乡县,平乡县医院,平乡县医院,公立/综合医院,二级甲等
河北省,邢台市,平乡县,邢台现代医院,邢台现代生殖专科医院,民营/专科医院,未知
河北省,邢台市,平乡县,后营村卫生室,后营村卫生室,民营/综合医院,一级甲等
河北省,邢台市,平乡县,河北省平乡县中医院,河北省平乡县中医院,其他/综合医院,未知
河北省,邢台市,平乡县,河北省平乡县人民医院,河北省平乡县人民医院,公立/综合医院,二级医院
