﻿省,市,区,全名,别名,性质,等级
河北省,保定市,满城县,第六劳防队医院,第六劳防队医院,公立/综合医院,一级甲等
河北省,保定市,满城县,满城新生医院,满城新生医院,公立/综合医院,未知
河北省,保定市,满城县,满城县妇幼保健院,满城县妇幼保健院,公立/综合医院,一级甲等
河北省,保定市,满城县,满城县医院,满城县医院,公立/综合医院,二级甲等
河北省,保定市,满城县,河北省满城县第三人民医院,河北省满城县第三人民医院,公立/综合医院,一级甲等
河北省,保定市,满城县,河北省满城县中医院,河北省满城县中医院,公立/综合医院,未知
河北省,保定市,满城县,河北省满城县医院,河北省满城县医院,公立/综合医院,二级甲等
河北省,保定市,满城县,满城县三医院,满城县三医院,公立/综合医院,未知
河北省,保定市,满城县,保定市第七医院,保定市第七医院,公立/综合医院,二级甲等
