﻿省,市,区,全名,别名,性质,等级
河北省,保定市,安国市,安国市软伤疼痛医院,安国市软伤疼痛医院,公立/综合医院,未知
河北省,保定市,安国市,安国市妇科医院,安国市妇科医院,公立/专科医院,未知
河北省,保定市,安国市,安国市妇幼保健站,安国市妇幼保健站,公立/综合医院,未知
河北省,保定市,安国市,安国市中医院,安国市中医院,公立/综合医院,二级甲等
河北省,保定市,安国市,安国市医院,安国市医院,公立/综合医院,二级甲等
河北省,保定市,安国市,河北省安国市中医院,河北省安国市中医院,公立/综合医院,二级甲等
河北省,保定市,安国市,河北省安国市医院,河北省安国市医院,公立/综合医院,二级甲等
河北省,保定市,安国市,安国协和医院,安国市协和医院,民营/综合医院,一级甲等
河北省,保定市,安国市,安国协和医院,安国市协和医院,民营/综合医院,民营医院
