﻿省,市,区,全名,别名,性质,等级
河北省,保定市,望都县,河北省望都皮肤病防治院,河北省望都皮肤病防治院,其他/专科医院,未知
河北省,保定市,望都县,河北省望都县妇幼保健站,河北省望都县妇幼保健站,公立/综合医院,一级甲等
河北省,保定市,望都县,河北省望都县中医院,河北省望都县中医院,公立/综合医院,未知
河北省,保定市,望都县,河北省望都县医院,河北省望都县医院,公立/综合医院,二级甲等
河北省,保定市,望都县,望都县妇幼保健站,望都县妇幼保健站,公立/综合医院,未知
河北省,保定市,望都县,望都县中医院,望都县中医院,公立/综合医院,二级甲等
河北省,保定市,望都县,望都县医院,望都县医院,公立/综合医院,二级甲等
