﻿省,市,区,全名,别名,性质,等级
河北省,保定市,顺平县,顺平县安阳医院,顺平县安阳医院,公立/综合医院,未知
河北省,保定市,顺平县,顺平县中医院,顺平县中医院,公立/综合医院,未知
河北省,保定市,顺平县,河北省顺平县医院,河北省顺平县医院,公立/综合医院,二级甲等
河北省,保定市,顺平县,顺平县朝阳医院,顺平县朝阳医院,公立/综合医院,未知
河北省,保定市,顺平县,顺平县妇幼保健站,顺平县妇幼保健站,公立/综合医院,未知
河北省,保定市,顺平县,顺平县医院,顺平县医院,公立/综合医院,二级甲等
