﻿省,市,区,全名,别名,性质,等级
河北省,保定市,曲阳县,曲阳仁济医院（民营）,曲阳仁济医院（民营）,个体户/综合医院,二级甲等
河北省,保定市,曲阳县,曲阳县恒州医院,曲阳县恒州医院,公立/综合医院,未知
河北省,保定市,曲阳县,曲阳县妇幼保健站,曲阳县妇幼保健站,公立/综合医院,未知
河北省,保定市,曲阳县,曲阳县第二医院,曲阳县第二医院,民营/综合医院,一级甲等
河北省,保定市,曲阳县,曲阳县中医院,曲阳县中医院,公立/综合医院,二级甲等
河北省,保定市,曲阳县,曲阳县人民医院,曲阳县人民医院,公立/综合医院,二级甲等
河北省,保定市,曲阳县,保定地区灵山煤矿医院,保定地区灵山煤矿医院,公立/综合医院,未知
河北省,保定市,曲阳县,河北省曲阳县中医院,河北省曲阳县中医院,公立/综合医院,二级甲等
河北省,保定市,曲阳县,河北省曲阳县医院,河北省曲阳县医院,公立/综合医院,二级甲等
