﻿省,市,区,全名,别名,性质,等级
河北省,保定市,安新县,安新县中医院,安新县中医院,公立/综合医院,未知
河北省,保定市,安新县,河北省安新县医院,河北省安新县医院,公立/综合医院,二级甲等
河北省,保定市,安新县,保定市中西医结合肿瘤治疗中心保定恒兴中西医结合医院,保定市中西医结合肿瘤治疗中心保定恒兴中西医结合医院,公立/综合医院,一级甲等
河北省,保定市,安新县,安新县医院,安新县医院,公立/综合医院,二级甲等
