﻿省,市,区,全名,别名,性质,等级
河北省,保定市,唐县,北店头乡卫生院,北店头乡卫生院,公立/综合医院,一级甲等
河北省,保定市,唐县,唐县中医院,唐县中医院,公立/综合医院,二级甲等
河北省,保定市,唐县,唐县红十字医院,唐县红十字医院,公立/综合医院,未知
河北省,保定市,唐县,唐县妇幼保健所,唐县妇幼保健所,公立/综合医院,一级甲等
河北省,保定市,唐县,唐县人民医院唐县白求恩医院,唐县人民医院唐县白求恩医院,公立/综合医院,二级甲等
河北省,保定市,唐县,河北省唐县妇幼保健院,河北省唐县妇幼保健院,公立/综合医院,一级甲等
河北省,保定市,唐县,河北省唐县中医院,河北省唐县中医院,公立/综合医院,二级甲等
河北省,保定市,唐县,河北省唐县人民医院,唐县白求恩医院,公立/综合医院,二级甲等
