﻿省,市,区,全名,别名,性质,等级
河北省,保定市,博野县,博野县中医院,博野县中医院,公立/综合医院,未知
河北省,保定市,博野县,博野县人民医院,博野县人民医院,公立/综合医院,未知
河北省,保定市,博野县,博野县医院,博野县医院,公立/综合医院,二级甲等
河北省,保定市,博野县,河北省博野县中医院,河北省博野县中医院,其他/综合医院,未知
河北省,保定市,博野县,河北省博野县医院,河北省博野县医院,其他/综合医院,未知
