﻿省,市,区,全名,别名,性质,等级
河北省,保定市,蠡县,蠡县中医院,蠡县中医院,公立/综合医院,未知
河北省,保定市,蠡县,蠡县医院,蠡县医院,公立/综合医院,二级甲等
河北省,保定市,蠡县,河北省蠡县中医院,河北省蠡县中医院,公立/综合医院,二级医院
河北省,保定市,蠡县,河北省蠡县医院,河北省蠡县医院,公立/综合医院,二级甲等
河北省,保定市,蠡县,辛兴脑血管医院,辛兴脑血管医院,公立/综合医院,一级甲等
河北省,保定市,蠡县,蠡县妇幼保健院,蠡县妇幼保健院,公立/综合医院,一级甲等
